// Auto-generated — do not edit. Run cmake/gen_font_embed.py to regenerate.
#include "codicon_ttf_embed.hpp"

static const unsigned char s_codicon_ttf[] = {
    0x00, 0x01, 0x00, 0x00, 0x00, 0x0b, 0x00, 0x80, 0x00, 0x03, 0x00, 0x30, 0x47, 0x53, 0x55, 0x42,
    0x20, 0x8b, 0x25, 0x7a, 0x00, 0x00, 0x01, 0x38, 0x00, 0x00, 0x00, 0x54, 0x4f, 0x53, 0x2f, 0x32,
    0x37, 0x50, 0x4b, 0x2e, 0x00, 0x00, 0x01, 0x8c, 0x00, 0x00, 0x00, 0x60, 0x63, 0x6d, 0x61, 0x70,
    0xce, 0xfd, 0x87, 0x6a, 0x00, 0x00, 0x0a, 0x4c, 0x00, 0x00, 0x1f, 0x46, 0x67, 0x6c, 0x79, 0x66,
    0x2e, 0x79, 0xd2, 0x49, 0x00, 0x00, 0x2d, 0xc8, 0x00, 0x01, 0x9d, 0xf8, 0x68, 0x65, 0x61, 0x64,
    0x58, 0x92, 0xa0, 0x52, 0x00, 0x00, 0x00, 0xe0, 0x00, 0x00, 0x00, 0x36, 0x68, 0x68, 0x65, 0x61,
    0x02, 0x56, 0x03, 0x43, 0x00, 0x00, 0x00, 0xbc, 0x00, 0x00, 0x00, 0x24, 0x68, 0x6d, 0x74, 0x78,
    0x72, 0xc0, 0xff, 0xe3, 0x00, 0x00, 0x01, 0xec, 0x00, 0x00, 0x08, 0x60, 0x6c, 0x6f, 0x63, 0x61,
    0xde, 0x3f, 0x73, 0x70, 0x00, 0x00, 0x29, 0x94, 0x00, 0x00, 0x04, 0x32, 0x6d, 0x61, 0x78, 0x70,
    0x03, 0x31, 0x01, 0x88, 0x00, 0x00, 0x01, 0x18, 0x00, 0x00, 0x00, 0x20, 0x6e, 0x61, 0x6d, 0x65,
    0x93, 0xfb, 0xb9, 0x4f, 0x00, 0x01, 0xcb, 0xc0, 0x00, 0x00, 0x01, 0xf8, 0x70, 0x6f, 0x73, 0x74,
    0xea, 0xab, 0x3a, 0xd5, 0x00, 0x01, 0xcd, 0xb8, 0x00, 0x00, 0x1d, 0xc9, 0x00, 0x01, 0x00, 0x00,
    0x01, 0x2c, 0x00, 0x00, 0x00, 0x00, 0x01, 0x2c, 0xff, 0xfa, 0xff, 0xfe, 0x01, 0x2e, 0x00, 0x01,
    0x00, 0x00, 0x00, 0x00, 0x00, 0x00, 0x00, 0x00, 0x00, 0x00, 0x00, 0x00, 0x00, 0x00, 0x02, 0x18,
    0x00, 0x01, 0x00, 0x00, 0x00, 0x01, 0x00, 0x00, 0x58, 0x16, 0xbc, 0xb8, 0x5f, 0x0f, 0x3c, 0xf5,
    0x00, 0x0b, 0x01, 0x2c, 0x00, 0x00, 0x00, 0x00, 0x7c, 0x25, 0xb0, 0x80, 0x00, 0x00, 0x00, 0x00,
    0x7c, 0x25, 0xb0, 0x80, 0xff, 0xfa, 0xff, 0xfc, 0x01, 0x2e, 0x01, 0x2d, 0x00, 0x00, 0x00, 0x08,
    0x00, 0x02, 0x00, 0x00, 0x00, 0x00, 0x00, 0x00, 0x00, 0x01, 0x00, 0x00, 0x02, 0x18, 0x01, 0x7c,
    0x00, 0x0f, 0x00, 0x00, 0x00, 0x00, 0x00, 0x02, 0x00, 0x00, 0x00, 0x0a, 0x00, 0x0a, 0x00, 0x00,
    0x00, 0xff, 0x00, 0x00, 0x00, 0x00, 0x00, 0x00, 0x00, 0x01, 0x00, 0x00, 0x00, 0x0a, 0x00, 0x30,
    0x00, 0x3e, 0x00, 0x02, 0x44, 0x46, 0x4c, 0x54, 0x00, 0x0e, 0x6c, 0x61, 0x74, 0x6e, 0x00, 0x1a,
    0x00, 0x04, 0x00, 0x00, 0x00, 0x00, 0x00, 0x00, 0x00, 0x01, 0x00, 0x00, 0x00, 0x04, 0x00, 0x00,
    0x00, 0x00, 0x00, 0x00, 0x00, 0x01, 0x00, 0x00, 0x00, 0x01, 0x6c, 0x69, 0x67, 0x61, 0x00, 0x08,
    0x00, 0x00, 0x00, 0x01, 0x00, 0x00, 0x00, 0x01, 0x00, 0x04, 0x00, 0x04, 0x00, 0x00, 0x00, 0x01,
    0x00, 0x08, 0x00, 0x01, 0x00, 0x06, 0x00, 0x00, 0x00, 0x01, 0x00, 0x00, 0x00, 0x04, 0x01, 0x2b,
    0x01, 0x90, 0x00, 0x05, 0x00, 0x00, 0x00, 0xbe, 0x00, 0xd2, 0x00, 0x00, 0x00, 0x2a, 0x00, 0xbe,
    0x00, 0xd2, 0x00, 0x00, 0x00, 0x90, 0x00, 0x0e, 0x00, 0x4d, 0x00, 0x00, 0x02, 0x00, 0x05, 0x03,
    0x00, 0x00, 0x00, 0x00, 0x00, 0x00, 0x00, 0x00, 0x00, 0x00, 0x00, 0x00, 0x00, 0x00, 0x00, 0x00,
    0x00, 0x00, 0x00, 0x00, 0x00, 0x00, 0x50, 0x66, 0x45, 0x64, 0x00, 0xc0, 0xea, 0x60, 0xf1, 0x02,
    0x01, 0x2c, 0x00, 0x00, 0x00, 0x1b, 0x01, 0x47, 0x00, 0x04, 0x00, 0x00, 0x00, 0x01, 0x00, 0x00,
    0x00, 0x00, 0x00, 0x00, 0x00, 0x00, 0x00, 0x00, 0x00, 0x00, 0x00, 0x02, 0x00, 0x00, 0x00, 0x00,
    0x01, 0x2c, 0x00, 0x00, 0x01, 0x2c, 0x00, 0x00, 0x01, 0x2c, 0x00, 0x00, 0x01, 0x2c, 0x00, 0x00,
    0x01, 0x2c, 0x00, 0x00, 0x01, 0x2c, 0x00, 0x00, 0x01, 0x2c, 0x00, 0x00, 0x01, 0x2c, 0x00, 0x00,
    0x01, 0x2c, 0x00, 0x00, 0x01, 0x2c, 0x00, 0x00, 0x01, 0x2c, 0x00, 0x00, 0x01, 0x2c, 0x00, 0x00,
    0x01, 0x2c, 0x00, 0x00, 0x01, 0x2c, 0x00, 0x00, 0x01, 0x2c, 0x00, 0x00, 0x01, 0x2c, 0x00, 0x00,
    0x01, 0x2c, 0x00, 0x00, 0x01, 0x2c, 0x00, 0x00, 0x01, 0x2c, 0x00, 0x00, 0x01, 0x2c, 0x00, 0x00,
    0x01, 0x2c, 0x00, 0x00, 0x01, 0x2c, 0x00, 0x00, 0x01, 0x2c, 0x00, 0x00, 0x01, 0x2c, 0x00, 0x00,
    0x01, 0x2c, 0x00, 0x00, 0x01, 0x2c, 0x00, 0x00, 0x01, 0x2c, 0x00, 0x00, 0x01, 0x2c, 0x00, 0x00,
    0x01, 0x2c, 0x00, 0x00, 0x01, 0x2c, 0x00, 0x00, 0x01, 0x2c, 0x00, 0x00, 0x01, 0x2c, 0x00, 0x00,
    0x01, 0x2c, 0x00, 0x00, 0x01, 0x2c, 0x00, 0x00, 0x01, 0x2c, 0x00, 0x00, 0x01, 0x2c, 0x00, 0x00,
    0x01, 0x2c, 0x00, 0x00, 0x01, 0x2c, 0x00, 0x00, 0x01, 0x2c, 0x00, 0x00, 0x01, 0x2c, 0x00, 0x00,
    0x01, 0x2c, 0x00, 0x00, 0x01, 0x2c, 0x00, 0x00, 0x01, 0x2c, 0x00, 0x00, 0x01, 0x2c, 0x00, 0x00,
    0x01, 0x2c, 0x00, 0x00, 0x01, 0x2c, 0x00, 0x00, 0x01, 0x2c, 0x00, 0x00, 0x01, 0x2c, 0x00, 0x00,
    0x01, 0x2c, 0x00, 0x00, 0x01, 0x2c, 0x00, 0x00, 0x01, 0x2c, 0x00, 0x00, 0x01, 0x2c, 0x00, 0x00,
    0x01, 0x2c, 0x00, 0x00, 0x01, 0x2c, 0x00, 0x00, 0x01, 0x2c, 0x00, 0x00, 0x01, 0x2c, 0x00, 0x00,
    0x01, 0x2c, 0x00, 0x00, 0x01, 0x2c, 0x00, 0x00, 0x01, 0x2c, 0x00, 0x00, 0x01, 0x2c, 0x00, 0x00,
    0x01, 0x2c, 0x00, 0x00, 0x01, 0x2c, 0x00, 0x00, 0x01, 0x2c, 0x00, 0x00, 0x01, 0x2c, 0x00, 0x00,
    0x01, 0x2c, 0x00, 0x00, 0x01, 0x2c, 0x00, 0x00, 0x01, 0x2c, 0x00, 0x00, 0x01, 0x2c, 0x00, 0x00,
    0x01, 0x2c, 0x00, 0x00, 0x01, 0x2c, 0xff, 0xff, 0x01, 0x2c, 0x00, 0x00, 0x01, 0x2c, 0x00, 0x00,
    0x01, 0x2c, 0x00, 0x00, 0x01, 0x2c, 0x00, 0x00, 0x01, 0x2c, 0x00, 0x00, 0x01, 0x2c, 0xff, 0xff,
    0x01, 0x2c, 0x00, 0x00, 0x01, 0x2c, 0x00, 0x00, 0x01, 0x2c, 0x00, 0x00, 0x01, 0x2c, 0x00, 0x00,
    0x01, 0x2c, 0x00, 0x00, 0x01, 0x2c, 0x00, 0x00, 0x01, 0x2c, 0x00, 0x00, 0x01, 0x2c, 0x00, 0x00,
    0x01, 0x2c, 0x00, 0x00, 0x01, 0x2c, 0x00, 0x00, 0x01, 0x2c, 0x00, 0x00, 0x01, 0x2c, 0x00, 0x00,
    0x01, 0x2c, 0x00, 0x00, 0x01, 0x2c, 0x00, 0x00, 0x01, 0x2c, 0x00, 0x00, 0x01, 0x2c, 0x00, 0x00,
    0x01, 0x2c, 0x00, 0x00, 0x01, 0x2c, 0x00, 0x00, 0x01, 0x2c, 0x00, 0x00, 0x01, 0x2c, 0x00, 0x00,
    0x01, 0x2c, 0xff, 0xff, 0x01, 0x2c, 0xff, 0xff, 0x01, 0x2c, 0xff, 0xff, 0x01, 0x2c, 0x00, 0x00,
    0x01, 0x2c, 0x00, 0x00, 0x01, 0x2c, 0xff, 0xff, 0x01, 0x2c, 0x00, 0x00, 0x01, 0x2c, 0xff, 0xff,
    0x01, 0x2c, 0x00, 0x00, 0x01, 0x2c, 0x00, 0x00, 0x01, 0x2c, 0x00, 0x00, 0x01, 0x2c, 0x00, 0x00,
    0x01, 0x2c, 0x00, 0x00, 0x01, 0x2c, 0x00, 0x00, 0x01, 0x2c, 0x00, 0x00, 0x01, 0x2c, 0x00, 0x00,
    0x01, 0x2c, 0x00, 0x00, 0x01, 0x2c, 0x00, 0x00, 0x01, 0x2c, 0xff, 0xff, 0x01, 0x2c, 0xff, 0xff,
    0x01, 0x2c, 0xff, 0xff, 0x01, 0x2c, 0x00, 0x00, 0x01, 0x2c, 0x00, 0x00, 0x01, 0x2c, 0x00, 0x00,
    0x01, 0x2c, 0x00, 0x00, 0x01, 0x2c, 0x00, 0x00, 0x01, 0x2c, 0x00, 0x00, 0x01, 0x2c, 0x00, 0x00,
    0x01, 0x2c, 0x00, 0x00, 0x01, 0x2c, 0x00, 0x00, 0x01, 0x2c, 0x00, 0x00, 0x01, 0x2c, 0x00, 0x00,
    0x01, 0x2c, 0x00, 0x00, 0x01, 0x2c, 0x00, 0x00, 0x01, 0x2c, 0x00, 0x00, 0x01, 0x2c, 0x00, 0x00,
    0x01, 0x2c, 0xff, 0xfc, 0x01, 0x2c, 0x00, 0x00, 0x01, 0x2c, 0xff, 0xff, 0x01, 0x2c, 0x00, 0x00,
    0x01, 0x2c, 0x00, 0x00, 0x01, 0x2c, 0x00, 0x00, 0x01, 0x2c, 0x00, 0x00, 0x01, 0x2c, 0x00, 0x00,
    0x01, 0x2c, 0x00, 0x00, 0x01, 0x2c, 0x00, 0x00, 0x01, 0x2c, 0x00, 0x00, 0x01, 0x2c, 0x00, 0x00,
    0x01, 0x2c, 0x00, 0x00, 0x01, 0x2c, 0x00, 0x00, 0x01, 0x2c, 0x00, 0x00, 0x01, 0x2c, 0x00, 0x00,
    0x01, 0x2c, 0x00, 0x00, 0x01, 0x2c, 0x00, 0x00, 0x01, 0x2c, 0x00, 0x00, 0x01, 0x2c, 0x00, 0x00,
    0x01, 0x2c, 0x00, 0x00, 0x01, 0x2c, 0x00, 0x00, 0x01, 0x2c, 0x00, 0x00, 0x01, 0x2c, 0x00, 0x00,
    0x01, 0x2c, 0x00, 0x00, 0x01, 0x2c, 0x00, 0x00, 0x01, 0x2c, 0x00, 0x00, 0x01, 0x2c, 0x00, 0x00,
    0x01, 0x2c, 0x00, 0x00, 0x01, 0x2c, 0x00, 0x00, 0x01, 0x2c, 0x00, 0x00, 0x01, 0x2c, 0x00, 0x00,
    0x01, 0x2c, 0x00, 0x00, 0x01, 0x2c, 0x00, 0x00, 0x01, 0x2c, 0x00, 0x00, 0x01, 0x2c, 0x00, 0x00,
    0x01, 0x2c, 0x00, 0x00, 0x01, 0x2c, 0x00, 0x00, 0x01, 0x2c, 0x00, 0x00, 0x01, 0x2c, 0x00, 0x00,
    0x01, 0x2c, 0x00, 0x00, 0x01, 0x2c, 0x00, 0x00, 0x01, 0x2c, 0x00, 0x00, 0x01, 0x2c, 0x00, 0x00,
    0x01, 0x2c, 0x00, 0x00, 0x01, 0x2c, 0x00, 0x00, 0x01, 0x2c, 0x00, 0x00, 0x01, 0x2c, 0x00, 0x00,
    0x01, 0x2c, 0x00, 0x00, 0x01, 0x2c, 0x00, 0x00, 0x01, 0x2c, 0x00, 0x00, 0x01, 0x2c, 0x00, 0x00,
    0x01, 0x2c, 0x00, 0x00, 0x01, 0x2c, 0x00, 0x00, 0x01, 0x2c, 0x00, 0x00, 0x01, 0x2c, 0x00, 0x00,
    0x01, 0x2c, 0x00, 0x00, 0x01, 0x2c, 0x00, 0x00, 0x01, 0x2c, 0x00, 0x00, 0x01, 0x2c, 0x00, 0x00,
    0x01, 0x2c, 0x00, 0x00, 0x01, 0x2c, 0x00, 0x00, 0x01, 0x2c, 0x00, 0x00, 0x01, 0x2c, 0x00, 0x00,
    0x01, 0x2c, 0x00, 0x00, 0x01, 0x2c, 0x00, 0x00, 0x01, 0x2c, 0xff, 0xff, 0x01, 0x2c, 0x00, 0x00,
    0x01, 0x2c, 0x00, 0x00, 0x01, 0x2c, 0x00, 0x00, 0x01, 0x2c, 0x00, 0x00, 0x01, 0x2c, 0x00, 0x00,
    0x01, 0x2c, 0x00, 0x00, 0x01, 0x2c, 0x00, 0x00, 0x01, 0x2c, 0x00, 0x00, 0x01, 0x2c, 0x00, 0x00,
    0x01, 0x2c, 0x00, 0x00, 0x01, 0x2c, 0x00, 0x00, 0x01, 0x2c, 0x00, 0x00, 0x01, 0x2c, 0x00, 0x00,
    0x01, 0x2c, 0x00, 0x00, 0x01, 0x2c, 0x00, 0x00, 0x01, 0x2c, 0x00, 0x00, 0x01, 0x2c, 0x00, 0x00,
    0x01, 0x2c, 0x00, 0x00, 0x01, 0x2c, 0x00, 0x00, 0x01, 0x2c, 0x00, 0x00, 0x01, 0x2c, 0x00, 0x00,
    0x01, 0x2c, 0x00, 0x00, 0x01, 0x2c, 0x00, 0x00, 0x01, 0x2c, 0x00, 0x00, 0x01, 0x2c, 0x00, 0x00,
    0x01, 0x2c, 0x00, 0x00, 0x01, 0x2c, 0x00, 0x00, 0x01, 0x20, 0x00, 0x00, 0x01, 0x2c, 0x00, 0x00,
    0x01, 0x2c, 0x00, 0x00, 0x01, 0x20, 0xff, 0xfa, 0x01, 0x2c, 0x00, 0x00, 0x01, 0x2c, 0x00, 0x00,
    0x01, 0x2c, 0x00, 0x00, 0x01, 0x2c, 0x00, 0x00, 0x01, 0x2c, 0x00, 0x00, 0x01, 0x2c, 0x00, 0x00,
    0x01, 0x2c, 0x00, 0x00, 0x01, 0x2c, 0x00, 0x00, 0x01, 0x2c, 0x00, 0x00, 0x01, 0x2c, 0x00, 0x00,
    0x01, 0x2c, 0x00, 0x00, 0x01, 0x2c, 0x00, 0x00, 0x01, 0x2c, 0x00, 0x00, 0x01, 0x2c, 0x00, 0x00,
    0x01, 0x2c, 0x00, 0x00, 0x01, 0x2c, 0x00, 0x00, 0x01, 0x2c, 0x00, 0x00, 0x01, 0x2c, 0x00, 0x00,
    0x01, 0x2c, 0x00, 0x00, 0x01, 0x2c, 0x00, 0x00, 0x01, 0x2c, 0x00, 0x00, 0x01, 0x2c, 0x00, 0x00,
    0x01, 0x2c, 0x00, 0x00, 0x01, 0x2c, 0x00, 0x00, 0x01, 0x2c, 0x00, 0x00, 0x01, 0x2c, 0x00, 0x00,
    0x01, 0x2c, 0x00, 0x00, 0x01, 0x2c, 0x00, 0x00, 0x01, 0x2c, 0x00, 0x00, 0x01, 0x2c, 0x00, 0x00,
    0x01, 0x2c, 0x00, 0x00, 0x01, 0x2c, 0x00, 0x00, 0x01, 0x2c, 0x00, 0x00, 0x01, 0x2c, 0x00, 0x00,
    0x01, 0x2c, 0x00, 0x00, 0x01, 0x2c, 0x00, 0x00, 0x01, 0x2c, 0x00, 0x00, 0x01, 0x2c, 0x00, 0x00,
    0x01, 0x2c, 0x00, 0x00, 0x01, 0x2c, 0x00, 0x00, 0x01, 0x2c, 0x00, 0x00, 0x01, 0x2c, 0x00, 0x00,
    0x01, 0x2c, 0x00, 0x00, 0x01, 0x2c, 0x00, 0x00, 0x01, 0x2c, 0x00, 0x00, 0x01, 0x2c, 0x00, 0x00,
    0x01, 0x2c, 0x00, 0x00, 0x01, 0x2c, 0x00, 0x00, 0x01, 0x2c, 0x00, 0x00, 0x01, 0x2c, 0x00, 0x00,
    0x01, 0x2c, 0x00, 0x00, 0x01, 0x2c, 0x00, 0x00, 0x01, 0x2c, 0x00, 0x00, 0x01, 0x2c, 0x00, 0x00,
    0x01, 0x2c, 0x00, 0x00, 0x01, 0x2c, 0x00, 0x00, 0x01, 0x2c, 0x00, 0x00, 0x01, 0x2c, 0x00, 0x00,
    0x01, 0x2c, 0x00, 0x00, 0x01, 0x2c, 0x00, 0x00, 0x01, 0x2c, 0x00, 0x00, 0x01, 0x2c, 0x00, 0x00,
    0x01, 0x2c, 0x00, 0x00, 0x01, 0x2c, 0x00, 0x00, 0x01, 0x2c, 0x00, 0x00, 0x01, 0x2c, 0x00, 0x00,
    0x01, 0x2c, 0x00, 0x00, 0x01, 0x2c, 0x00, 0x00, 0x01, 0x2c, 0x00, 0x00, 0x01, 0x2c, 0x00, 0x00,
    0x01, 0x20, 0x00, 0x00, 0x01, 0x2c, 0x00, 0x00, 0x01, 0x2c, 0x00, 0x00, 0x01, 0x2c, 0x00, 0x00,
    0x01, 0x2c, 0x00, 0x00, 0x01, 0x2c, 0x00, 0x00, 0x01, 0x2c, 0x00, 0x00, 0x01, 0x2c, 0x00, 0x00,
    0x01, 0x2c, 0x00, 0x00, 0x01, 0x2c, 0x00, 0x00, 0x01, 0x2c, 0x00, 0x00, 0x01, 0x2c, 0x00, 0x00,
    0x01, 0x2c, 0x00, 0x00, 0x01, 0x2c, 0x00, 0x00, 0x01, 0x2c, 0x00, 0x00, 0x01, 0x2c, 0x00, 0x00,
    0x01, 0x2c, 0x00, 0x00, 0x01, 0x2c, 0x00, 0x00, 0x01, 0x2c, 0x00, 0x00, 0x01, 0x2c, 0x00, 0x00,
    0x01, 0x2c, 0x00, 0x00, 0x01, 0x2c, 0x00, 0x00, 0x01, 0x2c, 0x00, 0x00, 0x01, 0x2c, 0x00, 0x00,
    0x01, 0x2c, 0x00, 0x00, 0x01, 0x2c, 0x00, 0x00, 0x01, 0x2c, 0x00, 0x00, 0x01, 0x2c, 0x00, 0x00,
    0x01, 0x2c, 0x00, 0x00, 0x01, 0x2c, 0x00, 0x00, 0x01, 0x2c, 0x00, 0x00, 0x01, 0x2c, 0x00, 0x00,
    0x01, 0x2c, 0x00, 0x00, 0x01, 0x2c, 0x00, 0x00, 0x01, 0x2c, 0x00, 0x00, 0x01, 0x2c, 0x00, 0x00,
    0x01, 0x2c, 0x00, 0x00, 0x01, 0x2c, 0x00, 0x00, 0x01, 0x2c, 0x00, 0x00, 0x01, 0x2c, 0x00, 0x00,
    0x01, 0x2c, 0x00, 0x00, 0x01, 0x2c, 0xff, 0xff, 0x01, 0x2c, 0x00, 0x00, 0x01, 0x20, 0x00, 0x00,
    0x01, 0x2c, 0x00, 0x00, 0x01, 0x2c, 0x00, 0x00, 0x01, 0x2c, 0x00, 0x00, 0x01, 0x2c, 0x00, 0x00,
    0x01, 0x2c, 0x00, 0x00, 0x01, 0x2c, 0x00, 0x00, 0x01, 0x2c, 0x00, 0x00, 0x01, 0x2c, 0x00, 0x00,
    0x01, 0x2c, 0x00, 0x00, 0x01, 0x2c, 0x00, 0x00, 0x01, 0x2c, 0x00, 0x00, 0x01, 0x2c, 0x00, 0x00,
    0x01, 0x2c, 0x00, 0x00, 0x01, 0x2c, 0x00, 0x00, 0x01, 0x2c, 0x00, 0x00, 0x01, 0x2c, 0x00, 0x00,
    0x01, 0x2c, 0x00, 0x00, 0x01, 0x2c, 0x00, 0x00, 0x01, 0x2c, 0x00, 0x00, 0x01, 0x2c, 0x00, 0x00,
    0x01, 0x2c, 0x00, 0x00, 0x01, 0x2c, 0x00, 0x00, 0x01, 0x2c, 0x00, 0x00, 0x01, 0x2c, 0x00, 0x00,
    0x01, 0x2c, 0x00, 0x00, 0x01, 0x2c, 0x00, 0x00, 0x01, 0x2c, 0x00, 0x00, 0x01, 0x2c, 0x00, 0x00,
    0x01, 0x2c, 0x00, 0x00, 0x01, 0x2c, 0x00, 0x00, 0x01, 0x20, 0x00, 0x00, 0x01, 0x2c, 0x00, 0x00,
    0x01, 0x2c, 0x00, 0x00, 0x01, 0x20, 0x00, 0x00, 0x01, 0x2c, 0x00, 0x00, 0x01, 0x2c, 0x00, 0x00,
    0x01, 0x2c, 0x00, 0x00, 0x01, 0x2c, 0x00, 0x00, 0x01, 0x2c, 0x00, 0x00, 0x01, 0x2c, 0x00, 0x00,
    0x01, 0x2c, 0x00, 0x00, 0x01, 0x2c, 0x00, 0x00, 0x01, 0x2c, 0x00, 0x00, 0x01, 0x2c, 0x00, 0x00,
    0x01, 0x2c, 0x00, 0x00, 0x01, 0x2c, 0x00, 0x00, 0x01, 0x2c, 0x00, 0x00, 0x01, 0x2c, 0x00, 0x00,
    0x01, 0x2c, 0x00, 0x00, 0x01, 0x2c, 0x00, 0x00, 0x01, 0x2c, 0x00, 0x00, 0x01, 0x2c, 0x00, 0x00,
    0x01, 0x2c, 0x00, 0x00, 0x01, 0x2c, 0x00, 0x00, 0x01, 0x2c, 0x00, 0x00, 0x01, 0x2c, 0x00, 0x00,
    0x01, 0x2c, 0x00, 0x00, 0x01, 0x2c, 0x00, 0x00, 0x01, 0x2c, 0x00, 0x00, 0x01, 0x2c, 0x00, 0x00,
    0x01, 0x2c, 0x00, 0x00, 0x01, 0x2c, 0x00, 0x00, 0x01, 0x2c, 0x00, 0x00, 0x01, 0x2c, 0x00, 0x00,
    0x01, 0x2c, 0x00, 0x00, 0x01, 0x2c, 0x00, 0x00, 0x01, 0x2c, 0x00, 0x00, 0x01, 0x2c, 0x00, 0x00,
    0x01, 0x2c, 0x00, 0x00, 0x01, 0x2c, 0x00, 0x00, 0x01, 0x2c, 0xff, 0xff, 0x01, 0x2c, 0x00, 0x00,
    0x01, 0x2c, 0x00, 0x00, 0x01, 0x2c, 0x00, 0x00, 0x01, 0x2c, 0x00, 0x00, 0x01, 0x2c, 0x00, 0x00,
    0x01, 0x2c, 0x00, 0x00, 0x01, 0x2c, 0x00, 0x00, 0x01, 0x2c, 0x00, 0x00, 0x01, 0x2c, 0x00, 0x00,
    0x01, 0x2c, 0x00, 0x00, 0x01, 0x2c, 0x00, 0x00, 0x01, 0x2c, 0x00, 0x00, 0x01, 0x2c, 0x00, 0x00,
    0x01, 0x2c, 0x00, 0x00, 0x01, 0x2c, 0x00, 0x00, 0x01, 0x2c, 0x00, 0x00, 0x01, 0x2c, 0x00, 0x00,
    0x01, 0x2c, 0x00, 0x00, 0x01, 0x2c, 0x00, 0x00, 0x01, 0x2c, 0x00, 0x00, 0x01, 0x2c, 0x00, 0x00,
    0x01, 0x2c, 0x00, 0x00, 0x01, 0x2c, 0x00, 0x00, 0x01, 0x2c, 0x00, 0x00, 0x01, 0x2c, 0x00, 0x00,
    0x01, 0x2c, 0x00, 0x00, 0x01, 0x2c, 0x00, 0x00, 0x01, 0x2c, 0x00, 0x00, 0x01, 0x2c, 0x00, 0x00,
    0x01, 0x2c, 0x00, 0x00, 0x01, 0x2c, 0x00, 0x00, 0x01, 0x2c, 0x00, 0x00, 0x01, 0x2c, 0x00, 0x00,
    0x01, 0x2c, 0x00, 0x00, 0x01, 0x2c, 0x00, 0x00, 0x01, 0x2c, 0x00, 0x00, 0x01, 0x2c, 0x00, 0x00,
    0x01, 0x2c, 0x00, 0x00, 0x01, 0x2c, 0x00, 0x00, 0x01, 0x2c, 0x00, 0x00, 0x01, 0x2c, 0x00, 0x00,
    0x01, 0x2c, 0x00, 0x00, 0x01, 0x2c, 0x00, 0x00, 0x01, 0x2c, 0x00, 0x00, 0x01, 0x2c, 0x00, 0x00,
    0x01, 0x2c, 0xff, 0xff, 0x01, 0x2c, 0x00, 0x00, 0x01, 0x2c, 0x00, 0x00, 0x01, 0x2c, 0x00, 0x00,
    0x01, 0x2c, 0x00, 0x00, 0x01, 0x2c, 0x00, 0x00, 0x01, 0x2c, 0x00, 0x00, 0x01, 0x2c, 0x00, 0x00,
    0x01, 0x2c, 0x00, 0x00, 0x01, 0x2c, 0x00, 0x00, 0x01, 0x2c, 0x00, 0x00, 0x01, 0x2c, 0x00, 0x00,
    0x01, 0x2c, 0x00, 0x00, 0x01, 0x2c, 0x00, 0x00, 0x01, 0x2c, 0x00, 0x00, 0x01, 0x2c, 0x00, 0x00,
    0x01, 0x2c, 0x00, 0x00, 0x01, 0x2c, 0x00, 0x00, 0x01, 0x2c, 0xff, 0xff, 0x01, 0x2c, 0x00, 0x00,
    0x01, 0x2c, 0x00, 0x00, 0x01, 0x2c, 0x00, 0x00, 0x01, 0x2c, 0x00, 0x00, 0x01, 0x2c, 0xff, 0xff,
    0x01, 0x2c, 0x00, 0x00, 0x01, 0x2c, 0x00, 0x00, 0x01, 0x2c, 0x00, 0x00, 0x01, 0x2c, 0x00, 0x00,
    0x01, 0x2c, 0x00, 0x00, 0x01, 0x2c, 0x00, 0x00, 0x01, 0x2c, 0x00, 0x00, 0x01, 0x2c, 0x00, 0x00,
    0x01, 0x2c, 0x00, 0x00, 0x01, 0x2c, 0x00, 0x00, 0x01, 0x2c, 0x00, 0x00, 0x01, 0x2c, 0x00, 0x00,
    0x01, 0x2c, 0x00, 0x00, 0x01, 0x2c, 0x00, 0x00, 0x01, 0x2c, 0x00, 0x00, 0x01, 0x2c, 0x00, 0x00,
    0x01, 0x2c, 0x00, 0x00, 0x01, 0x2c, 0x00, 0x00, 0x01, 0x2c, 0x00, 0x00, 0x01, 0x2c, 0x00, 0x00,
    0x01, 0x2c, 0x00, 0x00, 0x01, 0x2c, 0x00, 0x00, 0x01, 0x2c, 0x00, 0x00, 0x01, 0x2c, 0x00, 0x00,
    0x01, 0x2c, 0x00, 0x00, 0x01, 0x2c, 0x00, 0x00, 0x01, 0x2c, 0x00, 0x00, 0x01, 0x2c, 0x00, 0x00,
    0x01, 0x2c, 0x00, 0x00, 0x01, 0x2c, 0x00, 0x00, 0x01, 0x2c, 0x00, 0x00, 0x01, 0x2c, 0x00, 0x00,
    0x01, 0x2c, 0xff, 0xff, 0x01, 0x2c, 0x00, 0x00, 0x01, 0x2c, 0x00, 0x00, 0x01, 0x2c, 0x00, 0x00,
    0x01, 0x2c, 0x00, 0x00, 0x01, 0x2c, 0x00, 0x00, 0x01, 0x2c, 0x00, 0x00, 0x01, 0x2c, 0x00, 0x00,
    0x01, 0x2c, 0x00, 0x00, 0x01, 0x2c, 0x00, 0x00, 0x01, 0x2c, 0x00, 0x00, 0x01, 0x2c, 0x00, 0x00,
    0x01, 0x2c, 0x00, 0x00, 0x01, 0x2c, 0x00, 0x00, 0x01, 0x2c, 0x00, 0x00, 0x01, 0x2c, 0xff, 0xff,
    0x01, 0x2c, 0x00, 0x00, 0x01, 0x2c, 0x00, 0x00, 0x01, 0x2c, 0x00, 0x00, 0x00, 0x00, 0x00, 0x05,
    0x00, 0x00, 0x00, 0x03, 0x00, 0x00, 0x00, 0x2c, 0x00, 0x00, 0x00, 0x04, 0x00, 0x00, 0x05, 0xce,
    0x00, 0x01, 0x00, 0x00, 0x00, 0x00, 0x04, 0xc8, 0x00, 0x03, 0x00, 0x01, 0x00, 0x00, 0x00, 0x2c,
    0x00, 0x03, 0x00, 0x0a, 0x00, 0x00, 0x05, 0xce, 0x00, 0x04, 0x04, 0x9c, 0x00, 0x00, 0x00, 0x14,
    0x00, 0x10, 0x00, 0x03, 0x00, 0x04, 0xea, 0x88, 0xea, 0x8c, 0xea, 0xc7, 0xea, 0xc9, 0xeb, 0x09,
    0xeb, 0x4e, 0xec, 0x5e, 0xec, 0x84, 0xf1, 0x02, 0xff, 0xff, 0x00, 0x00, 0xea, 0x60, 0xea, 0x8a,
    0xea, 0x8f, 0xea, 0xc9, 0xea, 0xcc, 0xeb, 0x0b, 0xeb, 0x50, 0xec, 0x60, 0xf1, 0x01, 0xff, 0xff,
    0x00, 0x00, 0x00, 0x00, 0x00, 0x00, 0x00, 0x00, 0x00, 0x00, 0x00, 0x00, 0x00, 0x00, 0x00, 0x00,
    0x00, 0x00, 0x00, 0x01, 0x00, 0x14, 0x00, 0x64, 0x00, 0x68, 0x00, 0xd8, 0x00, 0xd8, 0x01, 0x52,
    0x01, 0xd8, 0x03, 0xf4, 0x04, 0x3c, 0x00, 0x00, 0x00, 0x04, 0x01, 0x24, 0x01, 0x8a, 0x01, 0x85,
    0x00, 0xde, 0x01, 0x73, 0x01, 0xd9, 0x01, 0x5f, 0x00, 0xd3, 0x01, 0x43, 0x01, 0xb9, 0x00, 0x5d,
    0x02, 0x0b, 0x01, 0xa3, 0x01, 0xaf, 0x01, 0xae, 0x00, 0xb2, 0x00, 0x3d, 0x01, 0x6a, 0x00, 0xa5,
    0x00, 0xfb, 0x01, 0x31, 0x00, 0x4a, 0x01, 0xd7, 0x00, 0x94, 0x00, 0x1a, 0x02, 0x06, 0x00, 0xbd,
    0x00, 0xa7, 0x01, 0x81, 0x01, 0x57, 0x01, 0x4a, 0x01, 0x4b, 0x01, 0xee, 0x00, 0xf4, 0x00, 0xc9,
    0x00, 0xe6, 0x01, 0xe5, 0x01, 0xc6, 0x00, 0xab, 0x01, 0xd5, 0x01, 0xbf, 0x01, 0x03, 0x01, 0xcc,
    0x01, 0xc0, 0x01, 0xce, 0x01, 0xd4, 0x01, 0xd0, 0x01, 0xc9, 0x00, 0xe9, 0x01, 0xc5, 0x01, 0xd2,
    0x00, 0x02, 0x00, 0x06, 0x00, 0x07, 0x00, 0x0c, 0x00, 0x0d, 0x00, 0x0e, 0x00, 0x0f, 0x00, 0x10,
    0x00, 0x11, 0x00, 0x12, 0x00, 0x14, 0x00, 0x1e, 0x00, 0x20, 0x00, 0x21, 0x00, 0x22, 0x00, 0x76,
    0x00, 0x77, 0x00, 0x78, 0x00, 0x79, 0x00, 0x7c, 0x00, 0x7d, 0x00, 0x25, 0x00, 0x26, 0x00, 0x27,
    0x00, 0x28, 0x00, 0x2a, 0x00, 0x2d, 0x00, 0x32, 0x00, 0x33, 0x00, 0x34, 0x00, 0x35, 0x00, 0x36,
    0x00, 0x37, 0x00, 0x39, 0x00, 0x3a, 0x00, 0x3b, 0x00, 0x3c, 0x00, 0x43, 0x00, 0x40, 0x00, 0x44,
    0x00, 0x46, 0x00, 0x47, 0x00, 0x49, 0x00, 0x4b, 0x00, 0x4d, 0x00, 0x51, 0x00, 0x53, 0x00, 0x56,
    0x00, 0x5a, 0x00, 0x6e, 0x00, 0x70, 0x00, 0x71, 0x00, 0x72, 0x00, 0x82, 0x00, 0x84, 0x00, 0x86,
    0x00, 0x89, 0x00, 0x8d, 0x00, 0x8f, 0x00, 0x90, 0x00, 0x91, 0x00, 0x92, 0x00, 0x93, 0x00, 0x95,
    0x00, 0x96, 0x00, 0x97, 0x00, 0x98, 0x00, 0x99, 0x00, 0x9a, 0x00, 0x9c, 0x00, 0x9d, 0x00, 0x9f,
    0x00, 0xa0, 0x00, 0xa6, 0x00, 0xa8, 0x00, 0xac, 0x00, 0xb0, 0x00, 0xb1, 0x00, 0xb4, 0x00, 0xb5,
    0x00, 0xb6, 0x00, 0xb7, 0x00, 0xb8, 0x00, 0xb9, 0x00, 0xba, 0x00, 0xbc, 0x00, 0xbe, 0x00, 0xc0,
    0x00, 0xc2, 0x00, 0xc3, 0x00, 0xc4, 0x00, 0xc5, 0x00, 0xc6, 0x00, 0xc8, 0x00, 0xcc, 0x00, 0xcd,
    0x00, 0xce, 0x00, 0xcf, 0x00, 0xd4, 0x00, 0xd5, 0x00, 0xd7, 0x00, 0xe2, 0x00, 0xe3, 0x00, 0xe7,
    0x00, 0xeb, 0x00, 0xef, 0x00, 0xf0, 0x00, 0xf3, 0x00, 0xf5, 0x00, 0xf6, 0x00, 0xf7, 0x00, 0xf8,
    0x00, 0xff, 0x01, 0x00, 0x01, 0x01, 0x01, 0x02, 0x01, 0x03, 0x01, 0x04, 0x01, 0x05, 0x01, 0x09,
    0x01, 0x21, 0x01, 0x25, 0x01, 0x26, 0x01, 0x29, 0x01, 0x2c, 0x01, 0x2d, 0x01, 0x2e, 0x01, 0x2f,
    0x01, 0x33, 0x01, 0x34, 0x01, 0x39, 0x01, 0x3b, 0x01, 0x3c, 0x01, 0x42, 0x01, 0x44, 0x01, 0x45,
    0x01, 0x46, 0x01, 0x48, 0x01, 0x4e, 0x01, 0x4f, 0x01, 0x52, 0x01, 0x55, 0x01, 0x59, 0x01, 0x5a,
    0x01, 0x62, 0x01, 0x66, 0x01, 0x67, 0x01, 0x68, 0x01, 0x69, 0x01, 0x6b, 0x01, 0x6c, 0x01, 0x6e,
    0x01, 0x6f, 0x01, 0x71, 0x01, 0x72, 0x01, 0x77, 0x01, 0x78, 0x01, 0x79, 0x01, 0x7a, 0x01, 0x7b,
    0x01, 0x7d, 0x01, 0x7f, 0x01, 0x80, 0x01, 0x82, 0x01, 0x84, 0x01, 0x87, 0x01, 0x88, 0x01, 0x8b,
    0x00, 0x9e, 0x01, 0x8d, 0x01, 0x8e, 0x01, 0x8f, 0x01, 0x90, 0x01, 0x91, 0x01, 0x99, 0x01, 0x9a,
    0x01, 0x9b, 0x01, 0x9d, 0x01, 0x9e, 0x01, 0xa2, 0x01, 0xa8, 0x01, 0xaa, 0x01, 0xab, 0x01, 0xad,
    0x01, 0xb1, 0x01, 0xb3, 0x01, 0xb6, 0x01, 0xb7, 0x01, 0xb8, 0x01, 0xba, 0x01, 0xbb, 0x01, 0xc1,
    0x01, 0xc2, 0x01, 0xc3, 0x01, 0xc4, 0x01, 0xc7, 0x00, 0xbd, 0x01, 0xc8, 0x01, 0xca, 0x01, 0xcd,
    0x01, 0xcf, 0x01, 0xd1, 0x01, 0xd3, 0x01, 0xdb, 0x01, 0xdc, 0x01, 0xe6, 0x01, 0xe8, 0x01, 0xea,
    0x01, 0xec, 0x01, 0xed, 0x01, 0xef, 0x01, 0xf0, 0x01, 0xf1, 0x01, 0xf2, 0x01, 0xf3, 0x01, 0xf8,
    0x01, 0xfa, 0x01, 0xfb, 0x01, 0xfc, 0x01, 0xff, 0x01, 0x46, 0x02, 0x00, 0x02, 0x02, 0x02, 0x04,
    0x02, 0x0c, 0x02, 0x0d, 0x02, 0x0e, 0x00, 0x27, 0x02, 0x10, 0x02, 0x16, 0x02, 0x17, 0x01, 0x27,
    0x01, 0x28, 0x01, 0x2a, 0x01, 0x2b, 0x00, 0x7a, 0x00, 0x7b, 0x00, 0x8b, 0x00, 0x41, 0x00, 0x8c,
    0x00, 0x7e, 0x01, 0xc9, 0x00, 0x8a, 0x00, 0x8e, 0x00, 0x88, 0x00, 0x75, 0x00, 0x2b, 0x00, 0x2c,
    0x01, 0x3d, 0x00, 0xad, 0x00, 0xb3, 0x00, 0xf1, 0x01, 0xf9, 0x00, 0x01, 0x00, 0x1b, 0x00, 0x80,
    0x01, 0x20, 0x01, 0x58, 0x01, 0x94, 0x01, 0xd6, 0x01, 0x64, 0x00, 0xe4, 0x01, 0xa7, 0x01, 0xa6,
    0x01, 0x5c, 0x01, 0xbc, 0x01, 0x65, 0x01, 0x75, 0x00, 0x74, 0x02, 0x01, 0x00, 0x4e, 0x01, 0x3f,
    0x00, 0xae, 0x00, 0xec, 0x01, 0x32, 0x01, 0x51, 0x01, 0x76, 0x00, 0x31, 0x01, 0x63, 0x01, 0x5b,
    0x00, 0x3e, 0x00, 0x3f, 0x00, 0x57, 0x01, 0xd8, 0x01, 0xfd, 0x01, 0xf6, 0x01, 0xf4, 0x01, 0xf5,
    0x00, 0xd9, 0x01, 0x92, 0x01, 0x95, 0x01, 0x50, 0x00, 0x87, 0x02, 0x11, 0x02, 0x13, 0x02, 0x12,
    0x01, 0xde, 0x01, 0xdf, 0x01, 0xe1, 0x01, 0xe2, 0x01, 0xe3, 0x01, 0xe4, 0x01, 0xdd, 0x00, 0x13,
    0x00, 0x6c, 0x01, 0x5e, 0x00, 0xbf, 0x02, 0x0a, 0x00, 0x85, 0x00, 0xfd, 0x01, 0x0c, 0x01, 0x0b,
    0x01, 0x0a, 0x00, 0x60, 0x00, 0x5f, 0x00, 0x5e, 0x00, 0x18, 0x00, 0xfe, 0x00, 0xd8, 0x00, 0xdb,
    0x00, 0x73, 0x00, 0x83, 0x01, 0x97, 0x00, 0xc7, 0x00, 0x81, 0x00, 0x19, 0x00, 0xed, 0x00, 0xee,
    0x01, 0x61, 0x00, 0x23, 0x00, 0x24, 0x01, 0x30, 0x00, 0x17, 0x01, 0xfe, 0x01, 0x4d, 0x01, 0x1f,
    0x01, 0x0d, 0x01, 0x0e, 0x01, 0x14, 0x01, 0x11, 0x01, 0x13, 0x01, 0x16, 0x01, 0x17, 0x01, 0x1a,
    0x01, 0x1d, 0x01, 0x1e, 0x01, 0x10, 0x01, 0x0f, 0x01, 0xda, 0x00, 0xf9, 0x01, 0x74, 0x00, 0xaa,
    0x00, 0x08, 0x00, 0x09, 0x00, 0x0a, 0x00, 0x0b, 0x01, 0x1c, 0x01, 0x15, 0x01, 0x19, 0x00, 0x1f,
    0x00, 0xf2, 0x01, 0x38, 0x01, 0x35, 0x00, 0x42, 0x00, 0x1d, 0x00, 0x1c, 0x00, 0x5c, 0x00, 0xdc,
    0x00, 0xdd, 0x01, 0x9f, 0x00, 0x5b, 0x01, 0xa5, 0x01, 0xb5, 0x00, 0xfc, 0x01, 0x41, 0x01, 0xe9,
    0x01, 0xeb, 0x00, 0x52, 0x01, 0xb2, 0x00, 0xcb, 0x02, 0x07, 0x00, 0x38, 0x01, 0x60, 0x01, 0x47,
    0x01, 0x40, 0x01, 0x83, 0x00, 0x6b, 0x01, 0x23, 0x01, 0x8c, 0x01, 0xb4, 0x00, 0x9e, 0x00, 0x9b,
    0x01, 0xbe, 0x01, 0xac, 0x00, 0xe1, 0x00, 0xdf, 0x00, 0xe0, 0x02, 0x09, 0x02, 0x08, 0x00, 0x4f,
    0x01, 0x96, 0x01, 0x93, 0x00, 0x6d, 0x00, 0xe5, 0x01, 0x37, 0x01, 0x36, 0x00, 0xea, 0x01, 0x5d,
    0x00, 0x16, 0x00, 0xe8, 0x00, 0xa3, 0x00, 0x50, 0x00, 0x6a, 0x01, 0x6d, 0x00, 0x64, 0x00, 0x69,
    0x01, 0x08, 0x00, 0x61, 0x00, 0x65, 0x00, 0xc1, 0x01, 0x22, 0x01, 0xcb, 0x00, 0x68, 0x01, 0x86,
    0x01, 0x06, 0x01, 0x07, 0x00, 0xda, 0x01, 0x3a, 0x00, 0xaf, 0x01, 0x12, 0x01, 0x18, 0x01, 0x1b,
    0x00, 0x63, 0x00, 0x62, 0x00, 0x67, 0x00, 0x30, 0x01, 0xa1, 0x00, 0xa4, 0x00, 0x66, 0x01, 0xa4,
    0x00, 0x59, 0x00, 0x2f, 0x00, 0x2e, 0x00, 0x55, 0x01, 0x49, 0x01, 0xe7, 0x00, 0x29, 0x00, 0x58,
    0x00, 0x6f, 0x00, 0xa9, 0x00, 0xbb, 0x01, 0x70, 0x01, 0x7e, 0x01, 0x98, 0x00, 0x7f, 0x01, 0xbd,
    0x01, 0x53, 0x00, 0xfa, 0x00, 0x05, 0x00, 0xa2, 0x01, 0x89, 0x01, 0xb0, 0x01, 0x3e, 0x00, 0xd0,
    0x00, 0xd2, 0x00, 0xd1, 0x00, 0xd3, 0x01, 0xa0, 0x01, 0xe0, 0x02, 0x0f, 0x00, 0xca, 0x00, 0xa1,
    0x00, 0x48, 0x01, 0xf7, 0x01, 0xa9, 0x00, 0x54, 0x02, 0x05, 0x00, 0x4c, 0x00, 0x03, 0x01, 0x7c,
    0x02, 0x14, 0x02, 0x15, 0x01, 0x9c, 0x00, 0x15, 0x01, 0x56, 0x00, 0x45, 0x01, 0x54, 0x01, 0x4c,
    0x00, 0xd6, 0x02, 0x03, 0x00, 0x00, 0x01, 0x06, 0x00, 0x00, 0x00, 0x00, 0x00, 0x00, 0x00, 0x00,
    0x00, 0x00, 0x00, 0x00, 0x00, 0x00, 0x00, 0x00, 0x00, 0x00, 0x00, 0x00, 0x00, 0x00, 0x00, 0x00,
    0x00, 0x00, 0x00, 0x00, 0x00, 0x00, 0x00, 0x00, 0x00, 0x00, 0x00, 0x00, 0x00, 0x00, 0x00, 0x00,
    0x00, 0x00, 0x00, 0x00, 0x00, 0x00, 0x00, 0x00, 0x00, 0x00, 0x00, 0x00, 0x00, 0x00, 0x00, 0x00,
    0x00, 0x00, 0x00, 0x00, 0x00, 0x00, 0x00, 0x00, 0x00, 0x00, 0x00, 0x00, 0x00, 0x00, 0x00, 0x00,
    0x00, 0x00, 0x00, 0x00, 0x00, 0x00, 0x00, 0x00, 0x00, 0x00, 0x00, 0x00, 0x00, 0x00, 0x00, 0x00,
    0x00, 0x00, 0x00, 0x00, 0x00, 0x00, 0x00, 0x00, 0x00, 0x00, 0x00, 0x00, 0x00, 0x00, 0x00, 0x00,
    0x00, 0x00, 0x00, 0x00, 0x00, 0x00, 0x00, 0x00, 0x00, 0x00, 0x00, 0x00, 0x00, 0x00, 0x00, 0x00,
    0x00, 0x00, 0x00, 0x00, 0x00, 0x00, 0x00, 0x00, 0x00, 0x00, 0x00, 0x00, 0x00, 0x00, 0x00, 0x00,
    0x00, 0x00, 0x00, 0x00, 0x00, 0x00, 0x00, 0x00, 0x00, 0x00, 0x00, 0x00, 0x00, 0x00, 0x00, 0x00,
    0x00, 0x00, 0x00, 0x00, 0x00, 0x00, 0x00, 0x00, 0x00, 0x00, 0x00, 0x00, 0x00, 0x00, 0x00, 0x00,
    0x00, 0x00, 0x00, 0x00, 0x00, 0x00, 0x00, 0x00, 0x00, 0x00, 0x00, 0x00, 0x00, 0x00, 0x00, 0x00,
    0x00, 0x00, 0x00, 0x00, 0x00, 0x00, 0x00, 0x00, 0x00, 0x00, 0x00, 0x00, 0x00, 0x00, 0x00, 0x00,
    0x00, 0x00, 0x00, 0x00, 0x00, 0x00, 0x00, 0x00, 0x00, 0x00, 0x00, 0x00, 0x00, 0x00, 0x00, 0x00,
    0x00, 0x00, 0x00, 0x00, 0x00, 0x00, 0x00, 0x00, 0x00, 0x00, 0x00, 0x00, 0x00, 0x00, 0x00, 0x00,
    0x00, 0x00, 0x00, 0x00, 0x00, 0x00, 0x00, 0x00, 0x00, 0x00, 0x00, 0x00, 0x00, 0x00, 0x00, 0x00,
    0x00, 0x00, 0x00, 0x00, 0x00, 0x00, 0x00, 0x00, 0x00, 0x00, 0x00, 0x0c, 0x00, 0x00, 0x00, 0x00,
    0x19, 0x78, 0x00, 0x00, 0x00, 0x00, 0x00, 0x00, 0x02, 0x1e, 0x00, 0x00, 0xea, 0x60, 0x00, 0x00,
    0xea, 0x60, 0x00, 0x00, 0x00, 0x04, 0x00, 0x00, 0xea, 0x61, 0x00, 0x00, 0xea, 0x61, 0x00, 0x00,
    0x01, 0x24, 0x00, 0x00, 0xea, 0x62, 0x00, 0x00, 0xea, 0x62, 0x00, 0x00, 0x01, 0x8a, 0x00, 0x00,
    0xea, 0x63, 0x00, 0x00, 0xea, 0x63, 0x00, 0x00, 0x01, 0x85, 0x00, 0x00, 0xea, 0x64, 0x00, 0x00,
    0xea, 0x64, 0x00, 0x00, 0x00, 0xde, 0x00, 0x00, 0xea, 0x65, 0x00, 0x00, 0xea, 0x65, 0x00, 0x00,
    0x01, 0x73, 0x00, 0x00, 0xea, 0x66, 0x00, 0x00, 0xea, 0x66, 0x00, 0x00, 0x01, 0xd9, 0x00, 0x00,
    0xea, 0x67, 0x00, 0x00, 0xea, 0x67, 0x00, 0x00, 0x01, 0x5f, 0x00, 0x00, 0xea, 0x68, 0x00, 0x00,
    0xea, 0x68, 0x00, 0x00, 0x00, 0xd3, 0x00, 0x00, 0xea, 0x69, 0x00, 0x00, 0xea, 0x69, 0x00, 0x00,
    0x01, 0x43, 0x00, 0x00, 0xea, 0x6a, 0x00, 0x00, 0xea, 0x6a, 0x00, 0x00, 0x01, 0xb9, 0x00, 0x00,
    0xea, 0x6b, 0x00, 0x00, 0xea, 0x6b, 0x00, 0x00, 0x00, 0x5d, 0x00, 0x00, 0xea, 0x6c, 0x00, 0x00,
    0xea, 0x6c, 0x00, 0x00, 0x02, 0x0b, 0x00, 0x00, 0xea, 0x6d, 0x00, 0x00, 0xea, 0x6d, 0x00, 0x00,
    0x01, 0xa3, 0x00, 0x00, 0xea, 0x6e, 0x00, 0x00, 0xea, 0x6e, 0x00, 0x00, 0x01, 0xaf, 0x00, 0x00,
    0xea, 0x6f, 0x00, 0x00, 0xea, 0x6f, 0x00, 0x00, 0x01, 0xae, 0x00, 0x00, 0xea, 0x70, 0x00, 0x00,
    0xea, 0x70, 0x00, 0x00, 0x00, 0xb2, 0x00, 0x00, 0xea, 0x71, 0x00, 0x00, 0xea, 0x71, 0x00, 0x00,
    0x00, 0x3d, 0x00, 0x00, 0xea, 0x72, 0x00, 0x00, 0xea, 0x72, 0x00, 0x00, 0x01, 0x6a, 0x00, 0x00,
    0xea, 0x73, 0x00, 0x00, 0xea, 0x73, 0x00, 0x00, 0x00, 0xa5, 0x00, 0x00, 0xea, 0x74, 0x00, 0x00,
    0xea, 0x74, 0x00, 0x00, 0x00, 0xfb, 0x00, 0x00, 0xea, 0x75, 0x00, 0x00, 0xea, 0x75, 0x00, 0x00,
    0x01, 0x31, 0x00, 0x00, 0xea, 0x76, 0x00, 0x00, 0xea, 0x76, 0x00, 0x00, 0x00, 0x4a, 0x00, 0x00,
    0xea, 0x77, 0x00, 0x00, 0xea, 0x77, 0x00, 0x00, 0x01, 0xd7, 0x00, 0x00, 0xea, 0x78, 0x00, 0x00,
    0xea, 0x78, 0x00, 0x00, 0x00, 0x94, 0x00, 0x00, 0xea, 0x79, 0x00, 0x00, 0xea, 0x79, 0x00, 0x00,
    0x00, 0x1a, 0x00, 0x00, 0xea, 0x7a, 0x00, 0x00, 0xea, 0x7a, 0x00, 0x00, 0x02, 0x06, 0x00, 0x00,
    0xea, 0x7b, 0x00, 0x00, 0xea, 0x7b, 0x00, 0x00, 0x00, 0xbd, 0x00, 0x00, 0xea, 0x7c, 0x00, 0x00,
    0xea, 0x7c, 0x00, 0x00, 0x00, 0xa7, 0x00, 0x00, 0xea, 0x7d, 0x00, 0x00, 0xea, 0x7d, 0x00, 0x00,
    0x01, 0x81, 0x00, 0x00, 0xea, 0x7e, 0x00, 0x00, 0xea, 0x7e, 0x00, 0x00, 0x01, 0x57, 0x00, 0x00,
    0xea, 0x7f, 0x00, 0x00, 0xea, 0x7f, 0x00, 0x00, 0x01, 0x4a, 0x00, 0x00, 0xea, 0x80, 0x00, 0x00,
    0xea, 0x80, 0x00, 0x00, 0x01, 0x4b, 0x00, 0x00, 0xea, 0x81, 0x00, 0x00, 0xea, 0x81, 0x00, 0x00,
    0x01, 0xee, 0x00, 0x00, 0xea, 0x82, 0x00, 0x00, 0xea, 0x82, 0x00, 0x00, 0x00, 0xf4, 0x00, 0x00,
    0xea, 0x83, 0x00, 0x00, 0xea, 0x83, 0x00, 0x00, 0x00, 0xc9, 0x00, 0x00, 0xea, 0x84, 0x00, 0x00,
    0xea, 0x84, 0x00, 0x00, 0x00, 0xe6, 0x00, 0x00, 0xea, 0x85, 0x00, 0x00, 0xea, 0x85, 0x00, 0x00,
    0x01, 0xe5, 0x00, 0x00, 0xea, 0x86, 0x00, 0x00, 0xea, 0x86, 0x00, 0x00, 0x01, 0xc6, 0x00, 0x00,
    0xea, 0x87, 0x00, 0x00, 0xea, 0x87, 0x00, 0x00, 0x00, 0xab, 0x00, 0x00, 0xea, 0x88, 0x00, 0x00,
    0xea, 0x88, 0x00, 0x00, 0x01, 0xd5, 0x00, 0x00, 0xea, 0x8a, 0x00, 0x00, 0xea, 0x8a, 0x00, 0x00,
    0x01, 0xbf, 0x00, 0x00, 0xea, 0x8b, 0x00, 0x00, 0xea, 0x8b, 0x00, 0x00, 0x01, 0x03, 0x00, 0x00,
    0xea, 0x8c, 0x00, 0x00, 0xea, 0x8c, 0x00, 0x00, 0x01, 0xcc, 0x00, 0x00, 0xea, 0x8f, 0x00, 0x00,
    0xea, 0x8f, 0x00, 0x00, 0x01, 0xc0, 0x00, 0x00, 0xea, 0x90, 0x00, 0x00, 0xea, 0x90, 0x00, 0x00,
    0x01, 0xce, 0x00, 0x00, 0xea, 0x91, 0x00, 0x00, 0xea, 0x91, 0x00, 0x00, 0x01, 0xd4, 0x00, 0x00,
    0xea, 0x92, 0x00, 0x00, 0xea, 0x92, 0x00, 0x00, 0x01, 0xd0, 0x00, 0x00, 0xea, 0x93, 0x00, 0x00,
    0xea, 0x93, 0x00, 0x00, 0x01, 0xc9, 0x00, 0x00, 0xea, 0x94, 0x00, 0x00, 0xea, 0x94, 0x00, 0x00,
    0x00, 0xe9, 0x00, 0x00, 0xea, 0x95, 0x00, 0x00, 0xea, 0x95, 0x00, 0x00, 0x01, 0xc5, 0x00, 0x00,
    0xea, 0x96, 0x00, 0x00, 0xea, 0x96, 0x00, 0x00, 0x01, 0xd2, 0x00, 0x00, 0xea, 0x97, 0x00, 0x00,
    0xea, 0x97, 0x00, 0x00, 0x00, 0x02, 0x00, 0x00, 0xea, 0x98, 0x00, 0x00, 0xea, 0x98, 0x00, 0x00,
    0x00, 0x06, 0x00, 0x00, 0xea, 0x99, 0x00, 0x00, 0xea, 0x99, 0x00, 0x00, 0x00, 0x07, 0x00, 0x00,
    0xea, 0x9a, 0x00, 0x00, 0xea, 0x9a, 0x00, 0x00, 0x00, 0x0c, 0x00, 0x00, 0xea, 0x9b, 0x00, 0x00,
    0xea, 0x9b, 0x00, 0x00, 0x00, 0x0d, 0x00, 0x00, 0xea, 0x9c, 0x00, 0x00, 0xea, 0x9c, 0x00, 0x00,
    0x00, 0x0e, 0x00, 0x00, 0xea, 0x9d, 0x00, 0x00, 0xea, 0x9d, 0x00, 0x00, 0x00, 0x0f, 0x00, 0x00,
    0xea, 0x9e, 0x00, 0x00, 0xea, 0x9e, 0x00, 0x00, 0x00, 0x10, 0x00, 0x00, 0xea, 0x9f, 0x00, 0x00,
    0xea, 0x9f, 0x00, 0x00, 0x00, 0x11, 0x00, 0x00, 0xea, 0xa0, 0x00, 0x00, 0xea, 0xa0, 0x00, 0x00,
    0x00, 0x12, 0x00, 0x00, 0xea, 0xa1, 0x00, 0x00, 0xea, 0xa1, 0x00, 0x00, 0x00, 0x14, 0x00, 0x00,
    0xea, 0xa2, 0x00, 0x00, 0xea, 0xa2, 0x00, 0x00, 0x00, 0x1e, 0x00, 0x00, 0xea, 0xa3, 0x00, 0x00,
    0xea, 0xa3, 0x00, 0x00, 0x00, 0x20, 0x00, 0x00, 0xea, 0xa4, 0x00, 0x00, 0xea, 0xa4, 0x00, 0x00,
    0x00, 0x21, 0x00, 0x00, 0xea, 0xa5, 0x00, 0x00, 0xea, 0xa5, 0x00, 0x00, 0x00, 0x22, 0x00, 0x00,
    0xea, 0xa6, 0x00, 0x00, 0xea, 0xa6, 0x00, 0x00, 0x00, 0x76, 0x00, 0x00, 0xea, 0xa7, 0x00, 0x00,
    0xea, 0xa7, 0x00, 0x00, 0x00, 0x77, 0x00, 0x00, 0xea, 0xa8, 0x00, 0x00, 0xea, 0xa8, 0x00, 0x00,
    0x00, 0x78, 0x00, 0x00, 0xea, 0xa9, 0x00, 0x00, 0xea, 0xa9, 0x00, 0x00, 0x00, 0x79, 0x00, 0x00,
    0xea, 0xaa, 0x00, 0x00, 0xea, 0xaa, 0x00, 0x00, 0x00, 0x7c, 0x00, 0x00, 0xea, 0xab, 0x00, 0x00,
    0xea, 0xab, 0x00, 0x00, 0x00, 0x7d, 0x00, 0x00, 0xea, 0xac, 0x00, 0x00, 0xea, 0xac, 0x00, 0x00,
    0x00, 0x25, 0x00, 0x00, 0xea, 0xad, 0x00, 0x00, 0xea, 0xad, 0x00, 0x00, 0x00, 0x26, 0x00, 0x00,
    0xea, 0xae, 0x00, 0x00, 0xea, 0xae, 0x00, 0x00, 0x00, 0x27, 0x00, 0x00, 0xea, 0xaf, 0x00, 0x00,
    0xea, 0xaf, 0x00, 0x00, 0x00, 0x28, 0x00, 0x00, 0xea, 0xb0, 0x00, 0x00, 0xea, 0xb0, 0x00, 0x00,
    0x00, 0x2a, 0x00, 0x00, 0xea, 0xb1, 0x00, 0x00, 0xea, 0xb1, 0x00, 0x00, 0x00, 0x2d, 0x00, 0x00,
    0xea, 0xb2, 0x00, 0x00, 0xea, 0xb2, 0x00, 0x00, 0x00, 0x32, 0x00, 0x00, 0xea, 0xb3, 0x00, 0x00,
    0xea, 0xb3, 0x00, 0x00, 0x00, 0x33, 0x00, 0x00, 0xea, 0xb4, 0x00, 0x00, 0xea, 0xb4, 0x00, 0x00,
    0x00, 0x34, 0x00, 0x00, 0xea, 0xb5, 0x00, 0x00, 0xea, 0xb5, 0x00, 0x00, 0x00, 0x35, 0x00, 0x00,
    0xea, 0xb6, 0x00, 0x00, 0xea, 0xb6, 0x00, 0x00, 0x00, 0x36, 0x00, 0x00, 0xea, 0xb7, 0x00, 0x00,
    0xea, 0xb7, 0x00, 0x00, 0x00, 0x37, 0x00, 0x00, 0xea, 0xb8, 0x00, 0x00, 0xea, 0xb8, 0x00, 0x00,
    0x00, 0x39, 0x00, 0x00, 0xea, 0xb9, 0x00, 0x00, 0xea, 0xb9, 0x00, 0x00, 0x00, 0x3a, 0x00, 0x00,
    0xea, 0xba, 0x00, 0x00, 0xea, 0xba, 0x00, 0x00, 0x00, 0x3b, 0x00, 0x00, 0xea, 0xbb, 0x00, 0x00,
    0xea, 0xbb, 0x00, 0x00, 0x00, 0x3c, 0x00, 0x00, 0xea, 0xbc, 0x00, 0x00, 0xea, 0xbc, 0x00, 0x00,
    0x00, 0x43, 0x00, 0x00, 0xea, 0xbd, 0x00, 0x00, 0xea, 0xbd, 0x00, 0x00, 0x00, 0x40, 0x00, 0x00,
    0xea, 0xbe, 0x00, 0x00, 0xea, 0xbe, 0x00, 0x00, 0x00, 0x44, 0x00, 0x00, 0xea, 0xbf, 0x00, 0x00,
    0xea, 0xbf, 0x00, 0x00, 0x00, 0x46, 0x00, 0x00, 0xea, 0xc0, 0x00, 0x00, 0xea, 0xc0, 0x00, 0x00,
    0x00, 0x47, 0x00, 0x00, 0xea, 0xc1, 0x00, 0x00, 0xea, 0xc1, 0x00, 0x00, 0x00, 0x49, 0x00, 0x00,
    0xea, 0xc2, 0x00, 0x00, 0xea, 0xc2, 0x00, 0x00, 0x00, 0x4b, 0x00, 0x00, 0xea, 0xc3, 0x00, 0x00,
    0xea, 0xc3, 0x00, 0x00, 0x00, 0x4d, 0x00, 0x00, 0xea, 0xc4, 0x00, 0x00, 0xea, 0xc4, 0x00, 0x00,
    0x00, 0x51, 0x00, 0x00, 0xea, 0xc5, 0x00, 0x00, 0xea, 0xc5, 0x00, 0x00, 0x00, 0x53, 0x00, 0x00,
    0xea, 0xc6, 0x00, 0x00, 0xea, 0xc6, 0x00, 0x00, 0x00, 0x56, 0x00, 0x00, 0xea, 0xc7, 0x00, 0x00,
    0xea, 0xc7, 0x00, 0x00, 0x00, 0x5a, 0x00, 0x00, 0xea, 0xc9, 0x00, 0x00, 0xea, 0xc9, 0x00, 0x00,
    0x00, 0x6e, 0x00, 0x00, 0xea, 0xcc, 0x00, 0x00, 0xea, 0xcc, 0x00, 0x00, 0x00, 0x70, 0x00, 0x00,
    0xea, 0xcd, 0x00, 0x00, 0xea, 0xcd, 0x00, 0x00, 0x00, 0x71, 0x00, 0x00, 0xea, 0xce, 0x00, 0x00,
    0xea, 0xce, 0x00, 0x00, 0x00, 0x72, 0x00, 0x00, 0xea, 0xcf, 0x00, 0x00, 0xea, 0xcf, 0x00, 0x00,
    0x00, 0x82, 0x00, 0x00, 0xea, 0xd0, 0x00, 0x00, 0xea, 0xd0, 0x00, 0x00, 0x00, 0x84, 0x00, 0x00,
    0xea, 0xd1, 0x00, 0x00, 0xea, 0xd1, 0x00, 0x00, 0x00, 0x86, 0x00, 0x00, 0xea, 0xd2, 0x00, 0x00,
    0xea, 0xd2, 0x00, 0x00, 0x00, 0x89, 0x00, 0x00, 0xea, 0xd3, 0x00, 0x00, 0xea, 0xd3, 0x00, 0x00,
    0x00, 0x8d, 0x00, 0x00, 0xea, 0xd4, 0x00, 0x00, 0xea, 0xd4, 0x00, 0x00, 0x00, 0x8f, 0x00, 0x00,
    0xea, 0xd5, 0x00, 0x00, 0xea, 0xd5, 0x00, 0x00, 0x00, 0x90, 0x00, 0x00, 0xea, 0xd6, 0x00, 0x00,
    0xea, 0xd6, 0x00, 0x00, 0x00, 0x91, 0x00, 0x00, 0xea, 0xd7, 0x00, 0x00, 0xea, 0xd7, 0x00, 0x00,
    0x00, 0x92, 0x00, 0x00, 0xea, 0xd8, 0x00, 0x00, 0xea, 0xd8, 0x00, 0x00, 0x00, 0x93, 0x00, 0x00,
    0xea, 0xd9, 0x00, 0x00, 0xea, 0xd9, 0x00, 0x00, 0x00, 0x95, 0x00, 0x00, 0xea, 0xda, 0x00, 0x00,
    0xea, 0xda, 0x00, 0x00, 0x00, 0x96, 0x00, 0x00, 0xea, 0xdb, 0x00, 0x00, 0xea, 0xdb, 0x00, 0x00,
    0x00, 0x97, 0x00, 0x00, 0xea, 0xdc, 0x00, 0x00, 0xea, 0xdc, 0x00, 0x00, 0x00, 0x98, 0x00, 0x00,
    0xea, 0xdd, 0x00, 0x00, 0xea, 0xdd, 0x00, 0x00, 0x00, 0x99, 0x00, 0x00, 0xea, 0xde, 0x00, 0x00,
    0xea, 0xde, 0x00, 0x00, 0x00, 0x9a, 0x00, 0x00, 0xea, 0xdf, 0x00, 0x00, 0xea, 0xdf, 0x00, 0x00,
    0x00, 0x9c, 0x00, 0x00, 0xea, 0xe0, 0x00, 0x00, 0xea, 0xe0, 0x00, 0x00, 0x00, 0x9d, 0x00, 0x00,
    0xea, 0xe1, 0x00, 0x00, 0xea, 0xe1, 0x00, 0x00, 0x00, 0x9f, 0x00, 0x00, 0xea, 0xe2, 0x00, 0x00,
    0xea, 0xe2, 0x00, 0x00, 0x00, 0xa0, 0x00, 0x00, 0xea, 0xe3, 0x00, 0x00, 0xea, 0xe3, 0x00, 0x00,
    0x00, 0xa6, 0x00, 0x00, 0xea, 0xe4, 0x00, 0x00, 0xea, 0xe4, 0x00, 0x00, 0x00, 0xa8, 0x00, 0x00,
    0xea, 0xe5, 0x00, 0x00, 0xea, 0xe5, 0x00, 0x00, 0x00, 0xac, 0x00, 0x00, 0xea, 0xe6, 0x00, 0x00,
    0xea, 0xe6, 0x00, 0x00, 0x00, 0xb0, 0x00, 0x00, 0xea, 0xe7, 0x00, 0x00, 0xea, 0xe7, 0x00, 0x00,
    0x00, 0xb1, 0x00, 0x00, 0xea, 0xe8, 0x00, 0x00, 0xea, 0xe8, 0x00, 0x00, 0x00, 0xb4, 0x00, 0x00,
    0xea, 0xe9, 0x00, 0x00, 0xea, 0xe9, 0x00, 0x00, 0x00, 0xb5, 0x00, 0x00, 0xea, 0xea, 0x00, 0x00,
    0xea, 0xea, 0x00, 0x00, 0x00, 0xb6, 0x00, 0x00, 0xea, 0xeb, 0x00, 0x00, 0xea, 0xeb, 0x00, 0x00,
    0x00, 0xb7, 0x00, 0x00, 0xea, 0xec, 0x00, 0x00, 0xea, 0xec, 0x00, 0x00, 0x00, 0xb8, 0x00, 0x00,
    0xea, 0xed, 0x00, 0x00, 0xea, 0xed, 0x00, 0x00, 0x00, 0xb9, 0x00, 0x00, 0xea, 0xee, 0x00, 0x00,
    0xea, 0xee, 0x00, 0x00, 0x00, 0xba, 0x00, 0x00, 0xea, 0xef, 0x00, 0x00, 0xea, 0xef, 0x00, 0x00,
    0x00, 0xbc, 0x00, 0x00, 0xea, 0xf0, 0x00, 0x00, 0xea, 0xf0, 0x00, 0x00, 0x00, 0xbe, 0x00, 0x00,
    0xea, 0xf1, 0x00, 0x00, 0xea, 0xf1, 0x00, 0x00, 0x00, 0xc0, 0x00, 0x00, 0xea, 0xf2, 0x00, 0x00,
    0xea, 0xf2, 0x00, 0x00, 0x00, 0xc2, 0x00, 0x00, 0xea, 0xf3, 0x00, 0x00, 0xea, 0xf3, 0x00, 0x00,
    0x00, 0xc3, 0x00, 0x00, 0xea, 0xf4, 0x00, 0x00, 0xea, 0xf4, 0x00, 0x00, 0x00, 0xc4, 0x00, 0x00,
    0xea, 0xf5, 0x00, 0x00, 0xea, 0xf5, 0x00, 0x00, 0x00, 0xc5, 0x00, 0x00, 0xea, 0xf6, 0x00, 0x00,
    0xea, 0xf6, 0x00, 0x00, 0x00, 0xc6, 0x00, 0x00, 0xea, 0xf7, 0x00, 0x00, 0xea, 0xf7, 0x00, 0x00,
    0x00, 0xc8, 0x00, 0x00, 0xea, 0xf8, 0x00, 0x00, 0xea, 0xf8, 0x00, 0x00, 0x00, 0xcc, 0x00, 0x00,
    0xea, 0xf9, 0x00, 0x00, 0xea, 0xf9, 0x00, 0x00, 0x00, 0xcd, 0x00, 0x00, 0xea, 0xfa, 0x00, 0x00,
    0xea, 0xfa, 0x00, 0x00, 0x00, 0xce, 0x00, 0x00, 0xea, 0xfb, 0x00, 0x00, 0xea, 0xfb, 0x00, 0x00,
    0x00, 0xcf, 0x00, 0x00, 0xea, 0xfc, 0x00, 0x00, 0xea, 0xfc, 0x00, 0x00, 0x00, 0xd4, 0x00, 0x00,
    0xea, 0xfd, 0x00, 0x00, 0xea, 0xfd, 0x00, 0x00, 0x00, 0xd5, 0x00, 0x00, 0xea, 0xfe, 0x00, 0x00,
    0xea, 0xfe, 0x00, 0x00, 0x00, 0xd7, 0x00, 0x00, 0xea, 0xff, 0x00, 0x00, 0xea, 0xff, 0x00, 0x00,
    0x00, 0xe2, 0x00, 0x00, 0xeb, 0x00, 0x00, 0x00, 0xeb, 0x00, 0x00, 0x00, 0x00, 0xe3, 0x00, 0x00,
    0xeb, 0x01, 0x00, 0x00, 0xeb, 0x01, 0x00, 0x00, 0x00, 0xe7, 0x00, 0x00, 0xeb, 0x02, 0x00, 0x00,
    0xeb, 0x02, 0x00, 0x00, 0x00, 0xeb, 0x00, 0x00, 0xeb, 0x03, 0x00, 0x00, 0xeb, 0x03, 0x00, 0x00,
    0x00, 0xef, 0x00, 0x00, 0xeb, 0x04, 0x00, 0x00, 0xeb, 0x04, 0x00, 0x00, 0x00, 0xf0, 0x00, 0x00,
    0xeb, 0x05, 0x00, 0x00, 0xeb, 0x05, 0x00, 0x00, 0x00, 0xf3, 0x00, 0x00, 0xeb, 0x06, 0x00, 0x00,
    0xeb, 0x06, 0x00, 0x00, 0x00, 0xf5, 0x00, 0x00, 0xeb, 0x07, 0x00, 0x00, 0xeb, 0x07, 0x00, 0x00,
    0x00, 0xf6, 0x00, 0x00, 0xeb, 0x08, 0x00, 0x00, 0xeb, 0x08, 0x00, 0x00, 0x00, 0xf7, 0x00, 0x00,
    0xeb, 0x09, 0x00, 0x00, 0xeb, 0x09, 0x00, 0x00, 0x00, 0xf8, 0x00, 0x00, 0xeb, 0x0b, 0x00, 0x00,
    0xeb, 0x0b, 0x00, 0x00, 0x00, 0xff, 0x00, 0x00, 0xeb, 0x0c, 0x00, 0x00, 0xeb, 0x0c, 0x00, 0x00,
    0x01, 0x00, 0x00, 0x00, 0xeb, 0x0d, 0x00, 0x00, 0xeb, 0x0d, 0x00, 0x00, 0x01, 0x01, 0x00, 0x00,
    0xeb, 0x0e, 0x00, 0x00, 0xeb, 0x0e, 0x00, 0x00, 0x01, 0x02, 0x00, 0x00, 0xeb, 0x0f, 0x00, 0x00,
    0xeb, 0x0f, 0x00, 0x00, 0x01, 0x03, 0x00, 0x00, 0xeb, 0x10, 0x00, 0x00, 0xeb, 0x10, 0x00, 0x00,
    0x01, 0x04, 0x00, 0x00, 0xeb, 0x11, 0x00, 0x00, 0xeb, 0x11, 0x00, 0x00, 0x01, 0x05, 0x00, 0x00,
    0xeb, 0x12, 0x00, 0x00, 0xeb, 0x12, 0x00, 0x00, 0x01, 0x09, 0x00, 0x00, 0xeb, 0x13, 0x00, 0x00,
    0xeb, 0x13, 0x00, 0x00, 0x01, 0x21, 0x00, 0x00, 0xeb, 0x14, 0x00, 0x00, 0xeb, 0x14, 0x00, 0x00,
    0x01, 0x25, 0x00, 0x00, 0xeb, 0x15, 0x00, 0x00, 0xeb, 0x15, 0x00, 0x00, 0x01, 0x26, 0x00, 0x00,
    0xeb, 0x16, 0x00, 0x00, 0xeb, 0x16, 0x00, 0x00, 0x01, 0x29, 0x00, 0x00, 0xeb, 0x17, 0x00, 0x00,
    0xeb, 0x17, 0x00, 0x00, 0x01, 0x2c, 0x00, 0x00, 0xeb, 0x18, 0x00, 0x00, 0xeb, 0x18, 0x00, 0x00,
    0x01, 0x2d, 0x00, 0x00, 0xeb, 0x19, 0x00, 0x00, 0xeb, 0x19, 0x00, 0x00, 0x01, 0x2e, 0x00, 0x00,
    0xeb, 0x1a, 0x00, 0x00, 0xeb, 0x1a, 0x00, 0x00, 0x01, 0x2f, 0x00, 0x00, 0xeb, 0x1b, 0x00, 0x00,
    0xeb, 0x1b, 0x00, 0x00, 0x01, 0x33, 0x00, 0x00, 0xeb, 0x1c, 0x00, 0x00, 0xeb, 0x1c, 0x00, 0x00,
    0x01, 0x34, 0x00, 0x00, 0xeb, 0x1d, 0x00, 0x00, 0xeb, 0x1d, 0x00, 0x00, 0x01, 0x39, 0x00, 0x00,
    0xeb, 0x1e, 0x00, 0x00, 0xeb, 0x1e, 0x00, 0x00, 0x01, 0x3b, 0x00, 0x00, 0xeb, 0x1f, 0x00, 0x00,
    0xeb, 0x1f, 0x00, 0x00, 0x01, 0x3c, 0x00, 0x00, 0xeb, 0x20, 0x00, 0x00, 0xeb, 0x20, 0x00, 0x00,
    0x01, 0x42, 0x00, 0x00, 0xeb, 0x21, 0x00, 0x00, 0xeb, 0x21, 0x00, 0x00, 0x01, 0x44, 0x00, 0x00,
    0xeb, 0x22, 0x00, 0x00, 0xeb, 0x22, 0x00, 0x00, 0x01, 0x45, 0x00, 0x00, 0xeb, 0x23, 0x00, 0x00,
    0xeb, 0x23, 0x00, 0x00, 0x01, 0x46, 0x00, 0x00, 0xeb, 0x24, 0x00, 0x00, 0xeb, 0x24, 0x00, 0x00,
    0x01, 0x48, 0x00, 0x00, 0xeb, 0x25, 0x00, 0x00, 0xeb, 0x25, 0x00, 0x00, 0x01, 0x4e, 0x00, 0x00,
    0xeb, 0x26, 0x00, 0x00, 0xeb, 0x26, 0x00, 0x00, 0x01, 0x4f, 0x00, 0x00, 0xeb, 0x27, 0x00, 0x00,
    0xeb, 0x27, 0x00, 0x00, 0x01, 0x52, 0x00, 0x00, 0xeb, 0x28, 0x00, 0x00, 0xeb, 0x28, 0x00, 0x00,
    0x01, 0x55, 0x00, 0x00, 0xeb, 0x29, 0x00, 0x00, 0xeb, 0x29, 0x00, 0x00, 0x01, 0x59, 0x00, 0x00,
    0xeb, 0x2a, 0x00, 0x00, 0xeb, 0x2a, 0x00, 0x00, 0x01, 0x5a, 0x00, 0x00, 0xeb, 0x2b, 0x00, 0x00,
    0xeb, 0x2b, 0x00, 0x00, 0x01, 0x62, 0x00, 0x00, 0xeb, 0x2c, 0x00, 0x00, 0xeb, 0x2c, 0x00, 0x00,
    0x01, 0x66, 0x00, 0x00, 0xeb, 0x2d, 0x00, 0x00, 0xeb, 0x2d, 0x00, 0x00, 0x01, 0x67, 0x00, 0x00,
    0xeb, 0x2e, 0x00, 0x00, 0xeb, 0x2e, 0x00, 0x00, 0x01, 0x68, 0x00, 0x00, 0xeb, 0x2f, 0x00, 0x00,
    0xeb, 0x2f, 0x00, 0x00, 0x01, 0x69, 0x00, 0x00, 0xeb, 0x30, 0x00, 0x00, 0xeb, 0x30, 0x00, 0x00,
    0x01, 0x6b, 0x00, 0x00, 0xeb, 0x31, 0x00, 0x00, 0xeb, 0x31, 0x00, 0x00, 0x01, 0x6c, 0x00, 0x00,
    0xeb, 0x32, 0x00, 0x00, 0xeb, 0x32, 0x00, 0x00, 0x01, 0x6e, 0x00, 0x00, 0xeb, 0x33, 0x00, 0x00,
    0xeb, 0x33, 0x00, 0x00, 0x01, 0x6f, 0x00, 0x00, 0xeb, 0x34, 0x00, 0x00, 0xeb, 0x34, 0x00, 0x00,
    0x01, 0x71, 0x00, 0x00, 0xeb, 0x35, 0x00, 0x00, 0xeb, 0x35, 0x00, 0x00, 0x01, 0x72, 0x00, 0x00,
    0xeb, 0x36, 0x00, 0x00, 0xeb, 0x36, 0x00, 0x00, 0x01, 0x77, 0x00, 0x00, 0xeb, 0x37, 0x00, 0x00,
    0xeb, 0x37, 0x00, 0x00, 0x01, 0x78, 0x00, 0x00, 0xeb, 0x38, 0x00, 0x00, 0xeb, 0x38, 0x00, 0x00,
    0x01, 0x79, 0x00, 0x00, 0xeb, 0x39, 0x00, 0x00, 0xeb, 0x39, 0x00, 0x00, 0x01, 0x7a, 0x00, 0x00,
    0xeb, 0x3a, 0x00, 0x00, 0xeb, 0x3a, 0x00, 0x00, 0x01, 0x7b, 0x00, 0x00, 0xeb, 0x3b, 0x00, 0x00,
    0xeb, 0x3b, 0x00, 0x00, 0x01, 0x7d, 0x00, 0x00, 0xeb, 0x3c, 0x00, 0x00, 0xeb, 0x3c, 0x00, 0x00,
    0x01, 0x7f, 0x00, 0x00, 0xeb, 0x3d, 0x00, 0x00, 0xeb, 0x3d, 0x00, 0x00, 0x01, 0x80, 0x00, 0x00,
    0xeb, 0x3e, 0x00, 0x00, 0xeb, 0x3e, 0x00, 0x00, 0x01, 0x82, 0x00, 0x00, 0xeb, 0x3f, 0x00, 0x00,
    0xeb, 0x3f, 0x00, 0x00, 0x01, 0x84, 0x00, 0x00, 0xeb, 0x40, 0x00, 0x00, 0xeb, 0x40, 0x00, 0x00,
    0x01, 0x87, 0x00, 0x00, 0xeb, 0x41, 0x00, 0x00, 0xeb, 0x41, 0x00, 0x00, 0x01, 0x88, 0x00, 0x00,
    0xeb, 0x42, 0x00, 0x00, 0xeb, 0x42, 0x00, 0x00, 0x01, 0x8b, 0x00, 0x00, 0xeb, 0x43, 0x00, 0x00,
    0xeb, 0x43, 0x00, 0x00, 0x00, 0x9e, 0x00, 0x00, 0xeb, 0x44, 0x00, 0x00, 0xeb, 0x44, 0x00, 0x00,
    0x01, 0x8d, 0x00, 0x00, 0xeb, 0x45, 0x00, 0x00, 0xeb, 0x45, 0x00, 0x00, 0x01, 0x8e, 0x00, 0x00,
    0xeb, 0x46, 0x00, 0x00, 0xeb, 0x46, 0x00, 0x00, 0x01, 0x8f, 0x00, 0x00, 0xeb, 0x47, 0x00, 0x00,
    0xeb, 0x47, 0x00, 0x00, 0x01, 0x90, 0x00, 0x00, 0xeb, 0x48, 0x00, 0x00, 0xeb, 0x48, 0x00, 0x00,
    0x01, 0x91, 0x00, 0x00, 0xeb, 0x49, 0x00, 0x00, 0xeb, 0x49, 0x00, 0x00, 0x01, 0x99, 0x00, 0x00,
    0xeb, 0x4a, 0x00, 0x00, 0xeb, 0x4a, 0x00, 0x00, 0x01, 0x9a, 0x00, 0x00, 0xeb, 0x4b, 0x00, 0x00,
    0xeb, 0x4b, 0x00, 0x00, 0x01, 0x9b, 0x00, 0x00, 0xeb, 0x4c, 0x00, 0x00, 0xeb, 0x4c, 0x00, 0x00,
    0x01, 0x9d, 0x00, 0x00, 0xeb, 0x4d, 0x00, 0x00, 0xeb, 0x4d, 0x00, 0x00, 0x01, 0x9e, 0x00, 0x00,
    0xeb, 0x4e, 0x00, 0x00, 0xeb, 0x4e, 0x00, 0x00, 0x01, 0xa2, 0x00, 0x00, 0xeb, 0x50, 0x00, 0x00,
    0xeb, 0x50, 0x00, 0x00, 0x01, 0xa8, 0x00, 0x00, 0xeb, 0x51, 0x00, 0x00, 0xeb, 0x51, 0x00, 0x00,
    0x01, 0xaa, 0x00, 0x00, 0xeb, 0x52, 0x00, 0x00, 0xeb, 0x52, 0x00, 0x00, 0x01, 0xab, 0x00, 0x00,
    0xeb, 0x53, 0x00, 0x00, 0xeb, 0x53, 0x00, 0x00, 0x01, 0xad, 0x00, 0x00, 0xeb, 0x54, 0x00, 0x00,
    0xeb, 0x54, 0x00, 0x00, 0x01, 0xb1, 0x00, 0x00, 0xeb, 0x55, 0x00, 0x00, 0xeb, 0x55, 0x00, 0x00,
    0x01, 0xb3, 0x00, 0x00, 0xeb, 0x56, 0x00, 0x00, 0xeb, 0x56, 0x00, 0x00, 0x01, 0xb6, 0x00, 0x00,
    0xeb, 0x57, 0x00, 0x00, 0xeb, 0x57, 0x00, 0x00, 0x01, 0xb7, 0x00, 0x00, 0xeb, 0x58, 0x00, 0x00,
    0xeb, 0x58, 0x00, 0x00, 0x01, 0xb8, 0x00, 0x00, 0xeb, 0x59, 0x00, 0x00, 0xeb, 0x59, 0x00, 0x00,
    0x01, 0xba, 0x00, 0x00, 0xeb, 0x5a, 0x00, 0x00, 0xeb, 0x5a, 0x00, 0x00, 0x01, 0xbb, 0x00, 0x00,
    0xeb, 0x5b, 0x00, 0x00, 0xeb, 0x5b, 0x00, 0x00, 0x01, 0xc1, 0x00, 0x00, 0xeb, 0x5c, 0x00, 0x00,
    0xeb, 0x5c, 0x00, 0x00, 0x01, 0xc2, 0x00, 0x00, 0xeb, 0x5d, 0x00, 0x00, 0xeb, 0x5d, 0x00, 0x00,
    0x01, 0xc3, 0x00, 0x00, 0xeb, 0x5e, 0x00, 0x00, 0xeb, 0x5e, 0x00, 0x00, 0x01, 0xc4, 0x00, 0x00,
    0xeb, 0x5f, 0x00, 0x00, 0xeb, 0x5f, 0x00, 0x00, 0x01, 0xc7, 0x00, 0x00, 0xeb, 0x60, 0x00, 0x00,
    0xeb, 0x60, 0x00, 0x00, 0x00, 0xbd, 0x00, 0x00, 0xeb, 0x61, 0x00, 0x00, 0xeb, 0x61, 0x00, 0x00,
    0x01, 0xc8, 0x00, 0x00, 0xeb, 0x62, 0x00, 0x00, 0xeb, 0x62, 0x00, 0x00, 0x01, 0xca, 0x00, 0x00,
    0xeb, 0x63, 0x00, 0x00, 0xeb, 0x63, 0x00, 0x00, 0x01, 0xcd, 0x00, 0x00, 0xeb, 0x64, 0x00, 0x00,
    0xeb, 0x64, 0x00, 0x00, 0x01, 0xcf, 0x00, 0x00, 0xeb, 0x65, 0x00, 0x00, 0xeb, 0x65, 0x00, 0x00,
    0x01, 0xd1, 0x00, 0x00, 0xeb, 0x66, 0x00, 0x00, 0xeb, 0x66, 0x00, 0x00, 0x01, 0xd3, 0x00, 0x00,
    0xeb, 0x67, 0x00, 0x00, 0xeb, 0x67, 0x00, 0x00, 0x01, 0xdb, 0x00, 0x00, 0xeb, 0x68, 0x00, 0x00,
    0xeb, 0x68, 0x00, 0x00, 0x01, 0xdc, 0x00, 0x00, 0xeb, 0x69, 0x00, 0x00, 0xeb, 0x69, 0x00, 0x00,
    0x01, 0xe6, 0x00, 0x00, 0xeb, 0x6a, 0x00, 0x00, 0xeb, 0x6a, 0x00, 0x00, 0x01, 0xe8, 0x00, 0x00,
    0xeb, 0x6b, 0x00, 0x00, 0xeb, 0x6b, 0x00, 0x00, 0x01, 0xea, 0x00, 0x00, 0xeb, 0x6c, 0x00, 0x00,
    0xeb, 0x6c, 0x00, 0x00, 0x01, 0xec, 0x00, 0x00, 0xeb, 0x6d, 0x00, 0x00, 0xeb, 0x6d, 0x00, 0x00,
    0x01, 0xed, 0x00, 0x00, 0xeb, 0x6e, 0x00, 0x00, 0xeb, 0x6e, 0x00, 0x00, 0x01, 0xef, 0x00, 0x00,
    0xeb, 0x6f, 0x00, 0x00, 0xeb, 0x6f, 0x00, 0x00, 0x01, 0xf0, 0x00, 0x00, 0xeb, 0x70, 0x00, 0x00,
    0xeb, 0x70, 0x00, 0x00, 0x01, 0xf1, 0x00, 0x00, 0xeb, 0x71, 0x00, 0x00, 0xeb, 0x71, 0x00, 0x00,
    0x01, 0xf2, 0x00, 0x00, 0xeb, 0x72, 0x00, 0x00, 0xeb, 0x72, 0x00, 0x00, 0x01, 0xf3, 0x00, 0x00,
    0xeb, 0x73, 0x00, 0x00, 0xeb, 0x73, 0x00, 0x00, 0x01, 0xf8, 0x00, 0x00, 0xeb, 0x74, 0x00, 0x00,
    0xeb, 0x74, 0x00, 0x00, 0x01, 0xfa, 0x00, 0x00, 0xeb, 0x75, 0x00, 0x00, 0xeb, 0x75, 0x00, 0x00,
    0x01, 0xfb, 0x00, 0x00, 0xeb, 0x76, 0x00, 0x00, 0xeb, 0x76, 0x00, 0x00, 0x01, 0xfc, 0x00, 0x00,
    0xeb, 0x77, 0x00, 0x00, 0xeb, 0x77, 0x00, 0x00, 0x01, 0xff, 0x00, 0x00, 0xeb, 0x78, 0x00, 0x00,
    0xeb, 0x78, 0x00, 0x00, 0x01, 0x46, 0x00, 0x00, 0xeb, 0x79, 0x00, 0x00, 0xeb, 0x79, 0x00, 0x00,
    0x02, 0x00, 0x00, 0x00, 0xeb, 0x7a, 0x00, 0x00, 0xeb, 0x7a, 0x00, 0x00, 0x02, 0x02, 0x00, 0x00,
    0xeb, 0x7b, 0x00, 0x00, 0xeb, 0x7b, 0x00, 0x00, 0x02, 0x04, 0x00, 0x00, 0xeb, 0x7c, 0x00, 0x00,
    0xeb, 0x7c, 0x00, 0x00, 0x02, 0x0c, 0x00, 0x00, 0xeb, 0x7d, 0x00, 0x00, 0xeb, 0x7d, 0x00, 0x00,
    0x02, 0x0d, 0x00, 0x00, 0xeb, 0x7e, 0x00, 0x00, 0xeb, 0x7e, 0x00, 0x00, 0x02, 0x0e, 0x00, 0x00,
    0xeb, 0x7f, 0x00, 0x00, 0xeb, 0x7f, 0x00, 0x00, 0x00, 0x27, 0x00, 0x00, 0xeb, 0x80, 0x00, 0x00,
    0xeb, 0x80, 0x00, 0x00, 0x02, 0x10, 0x00, 0x00, 0xeb, 0x81, 0x00, 0x00, 0xeb, 0x81, 0x00, 0x00,
    0x02, 0x16, 0x00, 0x00, 0xeb, 0x82, 0x00, 0x00, 0xeb, 0x82, 0x00, 0x00, 0x02, 0x17, 0x00, 0x00,
    0xeb, 0x83, 0x00, 0x00, 0xeb, 0x83, 0x00, 0x00, 0x01, 0x27, 0x00, 0x00, 0xeb, 0x84, 0x00, 0x00,
    0xeb, 0x84, 0x00, 0x00, 0x01, 0x28, 0x00, 0x00, 0xeb, 0x85, 0x00, 0x00, 0xeb, 0x85, 0x00, 0x00,
    0x01, 0x2a, 0x00, 0x00, 0xeb, 0x86, 0x00, 0x00, 0xeb, 0x86, 0x00, 0x00, 0x01, 0x2b, 0x00, 0x00,
    0xeb, 0x87, 0x00, 0x00, 0xeb, 0x87, 0x00, 0x00, 0x00, 0x7a, 0x00, 0x00, 0xeb, 0x88, 0x00, 0x00,
    0xeb, 0x88, 0x00, 0x00, 0x00, 0x7b, 0x00, 0x00, 0xeb, 0x89, 0x00, 0x00, 0xeb, 0x89, 0x00, 0x00,
    0x00, 0x8b, 0x00, 0x00, 0xeb, 0x8a, 0x00, 0x00, 0xeb, 0x8a, 0x00, 0x00, 0x00, 0x41, 0x00, 0x00,
    0xeb, 0x8b, 0x00, 0x00, 0xeb, 0x8b, 0x00, 0x00, 0x00, 0x8c, 0x00, 0x00, 0xeb, 0x8c, 0x00, 0x00,
    0xeb, 0x8c, 0x00, 0x00, 0x00, 0x7e, 0x00, 0x00, 0xeb, 0x8d, 0x00, 0x00, 0xeb, 0x8d, 0x00, 0x00,
    0x01, 0xc9, 0x00, 0x00, 0xeb, 0x8e, 0x00, 0x00, 0xeb, 0x8e, 0x00, 0x00, 0x00, 0x8a, 0x00, 0x00,
    0xeb, 0x8f, 0x00, 0x00, 0xeb, 0x8f, 0x00, 0x00, 0x00, 0x8e, 0x00, 0x00, 0xeb, 0x90, 0x00, 0x00,
    0xeb, 0x90, 0x00, 0x00, 0x00, 0x88, 0x00, 0x00, 0xeb, 0x91, 0x00, 0x00, 0xeb, 0x91, 0x00, 0x00,
    0x00, 0x75, 0x00, 0x00, 0xeb, 0x92, 0x00, 0x00, 0xeb, 0x92, 0x00, 0x00, 0x00, 0x2b, 0x00, 0x00,
    0xeb, 0x93, 0x00, 0x00, 0xeb, 0x93, 0x00, 0x00, 0x00, 0x2c, 0x00, 0x00, 0xeb, 0x94, 0x00, 0x00,
    0xeb, 0x94, 0x00, 0x00, 0x01, 0x3d, 0x00, 0x00, 0xeb, 0x95, 0x00, 0x00, 0xeb, 0x95, 0x00, 0x00,
    0x00, 0xad, 0x00, 0x00, 0xeb, 0x96, 0x00, 0x00, 0xeb, 0x96, 0x00, 0x00, 0x00, 0xb3, 0x00, 0x00,
    0xeb, 0x97, 0x00, 0x00, 0xeb, 0x97, 0x00, 0x00, 0x00, 0xf1, 0x00, 0x00, 0xeb, 0x98, 0x00, 0x00,
    0xeb, 0x98, 0x00, 0x00, 0x01, 0xf9, 0x00, 0x00, 0xeb, 0x99, 0x00, 0x00, 0xeb, 0x99, 0x00, 0x00,
    0x00, 0x01, 0x00, 0x00, 0xeb, 0x9a, 0x00, 0x00, 0xeb, 0x9a, 0x00, 0x00, 0x00, 0x1b, 0x00, 0x00,
    0xeb, 0x9b, 0x00, 0x00, 0xeb, 0x9b, 0x00, 0x00, 0x00, 0x80, 0x00, 0x00, 0xeb, 0x9c, 0x00, 0x00,
    0xeb, 0x9c, 0x00, 0x00, 0x01, 0x20, 0x00, 0x00, 0xeb, 0x9d, 0x00, 0x00, 0xeb, 0x9d, 0x00, 0x00,
    0x01, 0x58, 0x00, 0x00, 0xeb, 0x9e, 0x00, 0x00, 0xeb, 0x9e, 0x00, 0x00, 0x01, 0x94, 0x00, 0x00,
    0xeb, 0x9f, 0x00, 0x00, 0xeb, 0x9f, 0x00, 0x00, 0x01, 0xd6, 0x00, 0x00, 0xeb, 0xa0, 0x00, 0x00,
    0xeb, 0xa0, 0x00, 0x00, 0x01, 0x64, 0x00, 0x00, 0xeb, 0xa1, 0x00, 0x00, 0xeb, 0xa1, 0x00, 0x00,
    0x00, 0xe4, 0x00, 0x00, 0xeb, 0xa2, 0x00, 0x00, 0xeb, 0xa2, 0x00, 0x00, 0x01, 0xa7, 0x00, 0x00,
    0xeb, 0xa3, 0x00, 0x00, 0xeb, 0xa3, 0x00, 0x00, 0x01, 0xa6, 0x00, 0x00, 0xeb, 0xa4, 0x00, 0x00,
    0xeb, 0xa4, 0x00, 0x00, 0x01, 0x5c, 0x00, 0x00, 0xeb, 0xa5, 0x00, 0x00, 0xeb, 0xa5, 0x00, 0x00,
    0x01, 0xbc, 0x00, 0x00, 0xeb, 0xa6, 0x00, 0x00, 0xeb, 0xa6, 0x00, 0x00, 0x01, 0x65, 0x00, 0x00,
    0xeb, 0xa7, 0x00, 0x00, 0xeb, 0xa7, 0x00, 0x00, 0x01, 0x75, 0x00, 0x00, 0xeb, 0xa8, 0x00, 0x00,
    0xeb, 0xa8, 0x00, 0x00, 0x00, 0x74, 0x00, 0x00, 0xeb, 0xa9, 0x00, 0x00, 0xeb, 0xa9, 0x00, 0x00,
    0x02, 0x01, 0x00, 0x00, 0xeb, 0xaa, 0x00, 0x00, 0xeb, 0xaa, 0x00, 0x00, 0x00, 0x4e, 0x00, 0x00,
    0xeb, 0xab, 0x00, 0x00, 0xeb, 0xab, 0x00, 0x00, 0x01, 0x3f, 0x00, 0x00, 0xeb, 0xac, 0x00, 0x00,
    0xeb, 0xac, 0x00, 0x00, 0x00, 0xae, 0x00, 0x00, 0xeb, 0xad, 0x00, 0x00, 0xeb, 0xad, 0x00, 0x00,
    0x00, 0xec, 0x00, 0x00, 0xeb, 0xae, 0x00, 0x00, 0xeb, 0xae, 0x00, 0x00, 0x01, 0x32, 0x00, 0x00,
    0xeb, 0xaf, 0x00, 0x00, 0xeb, 0xaf, 0x00, 0x00, 0x01, 0x51, 0x00, 0x00, 0xeb, 0xb0, 0x00, 0x00,
    0xeb, 0xb0, 0x00, 0x00, 0x01, 0x76, 0x00, 0x00, 0xeb, 0xb1, 0x00, 0x00, 0xeb, 0xb1, 0x00, 0x00,
    0x00, 0x31, 0x00, 0x00, 0xeb, 0xb2, 0x00, 0x00, 0xeb, 0xb2, 0x00, 0x00, 0x01, 0x63, 0x00, 0x00,
    0xeb, 0xb3, 0x00, 0x00, 0xeb, 0xb3, 0x00, 0x00, 0x01, 0x5b, 0x00, 0x00, 0xeb, 0xb4, 0x00, 0x00,
    0xeb, 0xb4, 0x00, 0x00, 0x00, 0x3e, 0x00, 0x00, 0xeb, 0xb5, 0x00, 0x00, 0xeb, 0xb5, 0x00, 0x00,
    0x00, 0x3f, 0x00, 0x00, 0xeb, 0xb6, 0x00, 0x00, 0xeb, 0xb6, 0x00, 0x00, 0x00, 0x57, 0x00, 0x00,
    0xeb, 0xb7, 0x00, 0x00, 0xeb, 0xb7, 0x00, 0x00, 0x01, 0xd8, 0x00, 0x00, 0xeb, 0xb8, 0x00, 0x00,
    0xeb, 0xb8, 0x00, 0x00, 0x01, 0xfd, 0x00, 0x00, 0xeb, 0xb9, 0x00, 0x00, 0xeb, 0xb9, 0x00, 0x00,
    0x01, 0xf6, 0x00, 0x00, 0xeb, 0xba, 0x00, 0x00, 0xeb, 0xba, 0x00, 0x00, 0x01, 0xf4, 0x00, 0x00,
    0xeb, 0xbb, 0x00, 0x00, 0xeb, 0xbb, 0x00, 0x00, 0x01, 0xf5, 0x00, 0x00, 0xeb, 0xbc, 0x00, 0x00,
    0xeb, 0xbc, 0x00, 0x00, 0x00, 0xd9, 0x00, 0x00, 0xeb, 0xbd, 0x00, 0x00, 0xeb, 0xbd, 0x00, 0x00,
    0x01, 0x92, 0x00, 0x00, 0xeb, 0xbe, 0x00, 0x00, 0xeb, 0xbe, 0x00, 0x00, 0x01, 0x95, 0x00, 0x00,
    0xeb, 0xbf, 0x00, 0x00, 0xeb, 0xbf, 0x00, 0x00, 0x01, 0x50, 0x00, 0x00, 0xeb, 0xc0, 0x00, 0x00,
    0xeb, 0xc0, 0x00, 0x00, 0x00, 0x87, 0x00, 0x00, 0xeb, 0xc1, 0x00, 0x00, 0xeb, 0xc1, 0x00, 0x00,
    0x02, 0x11, 0x00, 0x00, 0xeb, 0xc2, 0x00, 0x00, 0xeb, 0xc2, 0x00, 0x00, 0x02, 0x13, 0x00, 0x00,
    0xeb, 0xc3, 0x00, 0x00, 0xeb, 0xc3, 0x00, 0x00, 0x02, 0x12, 0x00, 0x00, 0xeb, 0xc4, 0x00, 0x00,
    0xeb, 0xc4, 0x00, 0x00, 0x01, 0xde, 0x00, 0x00, 0xeb, 0xc5, 0x00, 0x00, 0xeb, 0xc5, 0x00, 0x00,
    0x01, 0xdf, 0x00, 0x00, 0xeb, 0xc6, 0x00, 0x00, 0xeb, 0xc6, 0x00, 0x00, 0x01, 0xe1, 0x00, 0x00,
    0xeb, 0xc7, 0x00, 0x00, 0xeb, 0xc7, 0x00, 0x00, 0x01, 0xe2, 0x00, 0x00, 0xeb, 0xc8, 0x00, 0x00,
    0xeb, 0xc8, 0x00, 0x00, 0x01, 0xe3, 0x00, 0x00, 0xeb, 0xc9, 0x00, 0x00, 0xeb, 0xc9, 0x00, 0x00,
    0x01, 0xe4, 0x00, 0x00, 0xeb, 0xca, 0x00, 0x00, 0xeb, 0xca, 0x00, 0x00, 0x01, 0xdd, 0x00, 0x00,
    0xeb, 0xcb, 0x00, 0x00, 0xeb, 0xcb, 0x00, 0x00, 0x00, 0x13, 0x00, 0x00, 0xeb, 0xcc, 0x00, 0x00,
    0xeb, 0xcc, 0x00, 0x00, 0x00, 0x6c, 0x00, 0x00, 0xeb, 0xcd, 0x00, 0x00, 0xeb, 0xcd, 0x00, 0x00,
    0x01, 0x5e, 0x00, 0x00, 0xeb, 0xce, 0x00, 0x00, 0xeb, 0xce, 0x00, 0x00, 0x00, 0xbf, 0x00, 0x00,
    0xeb, 0xcf, 0x00, 0x00, 0xeb, 0xcf, 0x00, 0x00, 0x02, 0x0a, 0x00, 0x00, 0xeb, 0xd0, 0x00, 0x00,
    0xeb, 0xd0, 0x00, 0x00, 0x00, 0x85, 0x00, 0x00, 0xeb, 0xd1, 0x00, 0x00, 0xeb, 0xd1, 0x00, 0x00,
    0x00, 0xfd, 0x00, 0x00, 0xeb, 0xd2, 0x00, 0x00, 0xeb, 0xd2, 0x00, 0x00, 0x01, 0x0c, 0x00, 0x00,
    0xeb, 0xd3, 0x00, 0x00, 0xeb, 0xd3, 0x00, 0x00, 0x01, 0x0b, 0x00, 0x00, 0xeb, 0xd4, 0x00, 0x00,
    0xeb, 0xd4, 0x00, 0x00, 0x01, 0x0a, 0x00, 0x00, 0xeb, 0xd5, 0x00, 0x00, 0xeb, 0xd5, 0x00, 0x00,
    0x00, 0x60, 0x00, 0x00, 0xeb, 0xd6, 0x00, 0x00, 0xeb, 0xd6, 0x00, 0x00, 0x00, 0x5f, 0x00, 0x00,
    0xeb, 0xd7, 0x00, 0x00, 0xeb, 0xd7, 0x00, 0x00, 0x00, 0x5e, 0x00, 0x00, 0xeb, 0xd8, 0x00, 0x00,
    0xeb, 0xd8, 0x00, 0x00, 0x00, 0x18, 0x00, 0x00, 0xeb, 0xd9, 0x00, 0x00, 0xeb, 0xd9, 0x00, 0x00,
    0x00, 0xfe, 0x00, 0x00, 0xeb, 0xda, 0x00, 0x00, 0xeb, 0xda, 0x00, 0x00, 0x00, 0xd8, 0x00, 0x00,
    0xeb, 0xdb, 0x00, 0x00, 0xeb, 0xdb, 0x00, 0x00, 0x00, 0xdb, 0x00, 0x00, 0xeb, 0xdc, 0x00, 0x00,
    0xeb, 0xdc, 0x00, 0x00, 0x00, 0x73, 0x00, 0x00, 0xeb, 0xdd, 0x00, 0x00, 0xeb, 0xdd, 0x00, 0x00,
    0x00, 0x83, 0x00, 0x00, 0xeb, 0xde, 0x00, 0x00, 0xeb, 0xde, 0x00, 0x00, 0x01, 0x97, 0x00, 0x00,
    0xeb, 0xdf, 0x00, 0x00, 0xeb, 0xdf, 0x00, 0x00, 0x00, 0xc7, 0x00, 0x00, 0xeb, 0xe0, 0x00, 0x00,
    0xeb, 0xe0, 0x00, 0x00, 0x00, 0x81, 0x00, 0x00, 0xeb, 0xe1, 0x00, 0x00, 0xeb, 0xe1, 0x00, 0x00,
    0x00, 0x19, 0x00, 0x00, 0xeb, 0xe2, 0x00, 0x00, 0xeb, 0xe2, 0x00, 0x00, 0x00, 0xed, 0x00, 0x00,
    0xeb, 0xe3, 0x00, 0x00, 0xeb, 0xe3, 0x00, 0x00, 0x00, 0xee, 0x00, 0x00, 0xeb, 0xe4, 0x00, 0x00,
    0xeb, 0xe4, 0x00, 0x00, 0x01, 0x61, 0x00, 0x00, 0xeb, 0xe5, 0x00, 0x00, 0xeb, 0xe5, 0x00, 0x00,
    0x00, 0x23, 0x00, 0x00, 0xeb, 0xe6, 0x00, 0x00, 0xeb, 0xe6, 0x00, 0x00, 0x00, 0x24, 0x00, 0x00,
    0xeb, 0xe7, 0x00, 0x00, 0xeb, 0xe7, 0x00, 0x00, 0x01, 0x30, 0x00, 0x00, 0xeb, 0xe8, 0x00, 0x00,
    0xeb, 0xe8, 0x00, 0x00, 0x00, 0x17, 0x00, 0x00, 0xeb, 0xe9, 0x00, 0x00, 0xeb, 0xe9, 0x00, 0x00,
    0x01, 0xfe, 0x00, 0x00, 0xeb, 0xea, 0x00, 0x00, 0xeb, 0xea, 0x00, 0x00, 0x01, 0x4d, 0x00, 0x00,
    0xeb, 0xeb, 0x00, 0x00, 0xeb, 0xeb, 0x00, 0x00, 0x01, 0x1f, 0x00, 0x00, 0xeb, 0xec, 0x00, 0x00,
    0xeb, 0xec, 0x00, 0x00, 0x01, 0x0d, 0x00, 0x00, 0xeb, 0xed, 0x00, 0x00, 0xeb, 0xed, 0x00, 0x00,
    0x01, 0x0e, 0x00, 0x00, 0xeb, 0xee, 0x00, 0x00, 0xeb, 0xee, 0x00, 0x00, 0x01, 0x14, 0x00, 0x00,
    0xeb, 0xef, 0x00, 0x00, 0xeb, 0xef, 0x00, 0x00, 0x01, 0x11, 0x00, 0x00, 0xeb, 0xf0, 0x00, 0x00,
    0xeb, 0xf0, 0x00, 0x00, 0x01, 0x13, 0x00, 0x00, 0xeb, 0xf1, 0x00, 0x00, 0xeb, 0xf1, 0x00, 0x00,
    0x01, 0x16, 0x00, 0x00, 0xeb, 0xf2, 0x00, 0x00, 0xeb, 0xf2, 0x00, 0x00, 0x01, 0x17, 0x00, 0x00,
    0xeb, 0xf3, 0x00, 0x00, 0xeb, 0xf3, 0x00, 0x00, 0x01, 0x1a, 0x00, 0x00, 0xeb, 0xf4, 0x00, 0x00,
    0xeb, 0xf4, 0x00, 0x00, 0x01, 0x1d, 0x00, 0x00, 0xeb, 0xf5, 0x00, 0x00, 0xeb, 0xf5, 0x00, 0x00,
    0x01, 0x1e, 0x00, 0x00, 0xeb, 0xf6, 0x00, 0x00, 0xeb, 0xf6, 0x00, 0x00, 0x01, 0x10, 0x00, 0x00,
    0xeb, 0xf7, 0x00, 0x00, 0xeb, 0xf7, 0x00, 0x00, 0x01, 0x0f, 0x00, 0x00, 0xeb, 0xf8, 0x00, 0x00,
    0xeb, 0xf8, 0x00, 0x00, 0x01, 0xda, 0x00, 0x00, 0xeb, 0xf9, 0x00, 0x00, 0xeb, 0xf9, 0x00, 0x00,
    0x00, 0xf9, 0x00, 0x00, 0xeb, 0xfa, 0x00, 0x00, 0xeb, 0xfa, 0x00, 0x00, 0x01, 0x74, 0x00, 0x00,
    0xeb, 0xfb, 0x00, 0x00, 0xeb, 0xfb, 0x00, 0x00, 0x00, 0xaa, 0x00, 0x00, 0xeb, 0xfc, 0x00, 0x00,
    0xeb, 0xfc, 0x00, 0x00, 0x00, 0x08, 0x00, 0x00, 0xeb, 0xfd, 0x00, 0x00, 0xeb, 0xfd, 0x00, 0x00,
    0x00, 0x09, 0x00, 0x00, 0xeb, 0xfe, 0x00, 0x00, 0xeb, 0xfe, 0x00, 0x00, 0x00, 0x0a, 0x00, 0x00,
    0xeb, 0xff, 0x00, 0x00, 0xeb, 0xff, 0x00, 0x00, 0x00, 0x0b, 0x00, 0x00, 0xec, 0x00, 0x00, 0x00,
    0xec, 0x00, 0x00, 0x00, 0x01, 0x1c, 0x00, 0x00, 0xec, 0x01, 0x00, 0x00, 0xec, 0x01, 0x00, 0x00,
    0x01, 0x15, 0x00, 0x00, 0xec, 0x02, 0x00, 0x00, 0xec, 0x02, 0x00, 0x00, 0x01, 0x19, 0x00, 0x00,
    0xec, 0x03, 0x00, 0x00, 0xec, 0x03, 0x00, 0x00, 0x00, 0x1f, 0x00, 0x00, 0xec, 0x04, 0x00, 0x00,
    0xec, 0x04, 0x00, 0x00, 0x00, 0xf2, 0x00, 0x00, 0xec, 0x05, 0x00, 0x00, 0xec, 0x05, 0x00, 0x00,
    0x01, 0x38, 0x00, 0x00, 0xec, 0x06, 0x00, 0x00, 0xec, 0x06, 0x00, 0x00, 0x01, 0x35, 0x00, 0x00,
    0xec, 0x07, 0x00, 0x00, 0xec, 0x07, 0x00, 0x00, 0x00, 0x42, 0x00, 0x00, 0xec, 0x08, 0x00, 0x00,
    0xec, 0x08, 0x00, 0x00, 0x00, 0x1d, 0x00, 0x00, 0xec, 0x09, 0x00, 0x00, 0xec, 0x09, 0x00, 0x00,
    0x00, 0x1c, 0x00, 0x00, 0xec, 0x0a, 0x00, 0x00, 0xec, 0x0a, 0x00, 0x00, 0x00, 0x5c, 0x00, 0x00,
    0xec, 0x0b, 0x00, 0x00, 0xec, 0x0b, 0x00, 0x00, 0x00, 0xdc, 0x00, 0x00, 0xec, 0x0c, 0x00, 0x00,
    0xec, 0x0c, 0x00, 0x00, 0x00, 0xdd, 0x00, 0x00, 0xec, 0x0d, 0x00, 0x00, 0xec, 0x0d, 0x00, 0x00,
    0x01, 0x9f, 0x00, 0x00, 0xec, 0x0e, 0x00, 0x00, 0xec, 0x0e, 0x00, 0x00, 0x00, 0x5b, 0x00, 0x00,
    0xec, 0x0f, 0x00, 0x00, 0xec, 0x0f, 0x00, 0x00, 0x01, 0xa5, 0x00, 0x00, 0xec, 0x10, 0x00, 0x00,
    0xec, 0x10, 0x00, 0x00, 0x01, 0xb5, 0x00, 0x00, 0xec, 0x11, 0x00, 0x00, 0xec, 0x11, 0x00, 0x00,
    0x00, 0xfc, 0x00, 0x00, 0xec, 0x12, 0x00, 0x00, 0xec, 0x12, 0x00, 0x00, 0x01, 0x41, 0x00, 0x00,
    0xec, 0x13, 0x00, 0x00, 0xec, 0x13, 0x00, 0x00, 0x01, 0xe9, 0x00, 0x00, 0xec, 0x14, 0x00, 0x00,
    0xec, 0x14, 0x00, 0x00, 0x01, 0xeb, 0x00, 0x00, 0xec, 0x15, 0x00, 0x00, 0xec, 0x15, 0x00, 0x00,
    0x00, 0x52, 0x00, 0x00, 0xec, 0x16, 0x00, 0x00, 0xec, 0x16, 0x00, 0x00, 0x01, 0xb2, 0x00, 0x00,
    0xec, 0x17, 0x00, 0x00, 0xec, 0x17, 0x00, 0x00, 0x00, 0xcb, 0x00, 0x00, 0xec, 0x18, 0x00, 0x00,
    0xec, 0x18, 0x00, 0x00, 0x02, 0x07, 0x00, 0x00, 0xec, 0x19, 0x00, 0x00, 0xec, 0x19, 0x00, 0x00,
    0x00, 0x38, 0x00, 0x00, 0xec, 0x1a, 0x00, 0x00, 0xec, 0x1a, 0x00, 0x00, 0x01, 0x60, 0x00, 0x00,
    0xec, 0x1b, 0x00, 0x00, 0xec, 0x1b, 0x00, 0x00, 0x01, 0x47, 0x00, 0x00, 0xec, 0x1c, 0x00, 0x00,
    0xec, 0x1c, 0x00, 0x00, 0x01, 0x40, 0x00, 0x00, 0xec, 0x1d, 0x00, 0x00, 0xec, 0x1d, 0x00, 0x00,
    0x01, 0x83, 0x00, 0x00, 0xec, 0x1e, 0x00, 0x00, 0xec, 0x1e, 0x00, 0x00, 0x00, 0x6b, 0x00, 0x00,
    0xec, 0x1f, 0x00, 0x00, 0xec, 0x1f, 0x00, 0x00, 0x01, 0x23, 0x00, 0x00, 0xec, 0x20, 0x00, 0x00,
    0xec, 0x20, 0x00, 0x00, 0x01, 0x8c, 0x00, 0x00, 0xec, 0x21, 0x00, 0x00, 0xec, 0x21, 0x00, 0x00,
    0x01, 0xb4, 0x00, 0x00, 0xec, 0x22, 0x00, 0x00, 0xec, 0x22, 0x00, 0x00, 0x00, 0x9e, 0x00, 0x00,
    0xec, 0x23, 0x00, 0x00, 0xec, 0x23, 0x00, 0x00, 0x00, 0x9b, 0x00, 0x00, 0xec, 0x24, 0x00, 0x00,
    0xec, 0x24, 0x00, 0x00, 0x01, 0xbe, 0x00, 0x00, 0xec, 0x25, 0x00, 0x00, 0xec, 0x25, 0x00, 0x00,
    0x01, 0xac, 0x00, 0x00, 0xec, 0x26, 0x00, 0x00, 0xec, 0x26, 0x00, 0x00, 0x00, 0xe1, 0x00, 0x00,
    0xec, 0x27, 0x00, 0x00, 0xec, 0x27, 0x00, 0x00, 0x00, 0xdf, 0x00, 0x00, 0xec, 0x28, 0x00, 0x00,
    0xec, 0x28, 0x00, 0x00, 0x00, 0xe0, 0x00, 0x00, 0xec, 0x29, 0x00, 0x00, 0xec, 0x29, 0x00, 0x00,
    0x02, 0x09, 0x00, 0x00, 0xec, 0x2a, 0x00, 0x00, 0xec, 0x2a, 0x00, 0x00, 0x02, 0x08, 0x00, 0x00,
    0xec, 0x2b, 0x00, 0x00, 0xec, 0x2b, 0x00, 0x00, 0x00, 0x4f, 0x00, 0x00, 0xec, 0x2c, 0x00, 0x00,
    0xec, 0x2c, 0x00, 0x00, 0x01, 0x96, 0x00, 0x00, 0xec, 0x2d, 0x00, 0x00, 0xec, 0x2d, 0x00, 0x00,
    0x01, 0x93, 0x00, 0x00, 0xec, 0x2e, 0x00, 0x00, 0xec, 0x2e, 0x00, 0x00, 0x00, 0x6d, 0x00, 0x00,
    0xec, 0x2f, 0x00, 0x00, 0xec, 0x2f, 0x00, 0x00, 0x00, 0xe5, 0x00, 0x00, 0xec, 0x30, 0x00, 0x00,
    0xec, 0x30, 0x00, 0x00, 0x01, 0x37, 0x00, 0x00, 0xec, 0x31, 0x00, 0x00, 0xec, 0x31, 0x00, 0x00,
    0x01, 0x36, 0x00, 0x00, 0xec, 0x32, 0x00, 0x00, 0xec, 0x32, 0x00, 0x00, 0x00, 0xea, 0x00, 0x00,
    0xec, 0x33, 0x00, 0x00, 0xec, 0x33, 0x00, 0x00, 0x01, 0x5d, 0x00, 0x00, 0xec, 0x34, 0x00, 0x00,
    0xec, 0x34, 0x00, 0x00, 0x00, 0x16, 0x00, 0x00, 0xec, 0x35, 0x00, 0x00, 0xec, 0x35, 0x00, 0x00,
    0x00, 0xe8, 0x00, 0x00, 0xec, 0x36, 0x00, 0x00, 0xec, 0x36, 0x00, 0x00, 0x00, 0xa3, 0x00, 0x00,
    0xec, 0x37, 0x00, 0x00, 0xec, 0x37, 0x00, 0x00, 0x00, 0x50, 0x00, 0x00, 0xec, 0x38, 0x00, 0x00,
    0xec, 0x38, 0x00, 0x00, 0x00, 0x6a, 0x00, 0x00, 0xec, 0x39, 0x00, 0x00, 0xec, 0x39, 0x00, 0x00,
    0x01, 0x6d, 0x00, 0x00, 0xec, 0x3a, 0x00, 0x00, 0xec, 0x3a, 0x00, 0x00, 0x00, 0x64, 0x00, 0x00,
    0xec, 0x3b, 0x00, 0x00, 0xec, 0x3b, 0x00, 0x00, 0x00, 0x69, 0x00, 0x00, 0xec, 0x3c, 0x00, 0x00,
    0xec, 0x3c, 0x00, 0x00, 0x01, 0x08, 0x00, 0x00, 0xec, 0x3d, 0x00, 0x00, 0xec, 0x3d, 0x00, 0x00,
    0x00, 0x61, 0x00, 0x00, 0xec, 0x3e, 0x00, 0x00, 0xec, 0x3e, 0x00, 0x00, 0x00, 0x65, 0x00, 0x00,
    0xec, 0x3f, 0x00, 0x00, 0xec, 0x3f, 0x00, 0x00, 0x00, 0xc1, 0x00, 0x00, 0xec, 0x40, 0x00, 0x00,
    0xec, 0x40, 0x00, 0x00, 0x01, 0x22, 0x00, 0x00, 0xec, 0x41, 0x00, 0x00, 0xec, 0x41, 0x00, 0x00,
    0x01, 0xcb, 0x00, 0x00, 0xec, 0x42, 0x00, 0x00, 0xec, 0x42, 0x00, 0x00, 0x00, 0x68, 0x00, 0x00,
    0xec, 0x43, 0x00, 0x00, 0xec, 0x43, 0x00, 0x00, 0x01, 0x86, 0x00, 0x00, 0xec, 0x44, 0x00, 0x00,
    0xec, 0x44, 0x00, 0x00, 0x01, 0x06, 0x00, 0x00, 0xec, 0x45, 0x00, 0x00, 0xec, 0x45, 0x00, 0x00,
    0x01, 0x07, 0x00, 0x00, 0xec, 0x46, 0x00, 0x00, 0xec, 0x46, 0x00, 0x00, 0x00, 0xda, 0x00, 0x00,
    0xec, 0x47, 0x00, 0x00, 0xec, 0x47, 0x00, 0x00, 0x01, 0x3a, 0x00, 0x00, 0xec, 0x48, 0x00, 0x00,
    0xec, 0x48, 0x00, 0x00, 0x00, 0xaf, 0x00, 0x00, 0xec, 0x49, 0x00, 0x00, 0xec, 0x49, 0x00, 0x00,
    0x01, 0x12, 0x00, 0x00, 0xec, 0x4a, 0x00, 0x00, 0xec, 0x4a, 0x00, 0x00, 0x01, 0x18, 0x00, 0x00,
    0xec, 0x4b, 0x00, 0x00, 0xec, 0x4b, 0x00, 0x00, 0x01, 0x1b, 0x00, 0x00, 0xec, 0x4c, 0x00, 0x00,
    0xec, 0x4c, 0x00, 0x00, 0x00, 0x63, 0x00, 0x00, 0xec, 0x4d, 0x00, 0x00, 0xec, 0x4d, 0x00, 0x00,
    0x00, 0x62, 0x00, 0x00, 0xec, 0x4e, 0x00, 0x00, 0xec, 0x4e, 0x00, 0x00, 0x00, 0x67, 0x00, 0x00,
    0xec, 0x4f, 0x00, 0x00, 0xec, 0x4f, 0x00, 0x00, 0x00, 0x30, 0x00, 0x00, 0xec, 0x50, 0x00, 0x00,
    0xec, 0x50, 0x00, 0x00, 0x01, 0xa1, 0x00, 0x00, 0xec, 0x51, 0x00, 0x00, 0xec, 0x51, 0x00, 0x00,
    0x00, 0xa4, 0x00, 0x00, 0xec, 0x52, 0x00, 0x00, 0xec, 0x52, 0x00, 0x00, 0x00, 0x66, 0x00, 0x00,
    0xec, 0x53, 0x00, 0x00, 0xec, 0x53, 0x00, 0x00, 0x01, 0xa4, 0x00, 0x00, 0xec, 0x54, 0x00, 0x00,
    0xec, 0x54, 0x00, 0x00, 0x00, 0x59, 0x00, 0x00, 0xec, 0x55, 0x00, 0x00, 0xec, 0x55, 0x00, 0x00,
    0x00, 0x2f, 0x00, 0x00, 0xec, 0x56, 0x00, 0x00, 0xec, 0x56, 0x00, 0x00, 0x00, 0x2e, 0x00, 0x00,
    0xec, 0x57, 0x00, 0x00, 0xec, 0x57, 0x00, 0x00, 0x00, 0x55, 0x00, 0x00, 0xec, 0x58, 0x00, 0x00,
    0xec, 0x58, 0x00, 0x00, 0x01, 0x49, 0x00, 0x00, 0xec, 0x59, 0x00, 0x00, 0xec, 0x59, 0x00, 0x00,
    0x01, 0xe7, 0x00, 0x00, 0xec, 0x5a, 0x00, 0x00, 0xec, 0x5a, 0x00, 0x00, 0x00, 0x29, 0x00, 0x00,
    0xec, 0x5b, 0x00, 0x00, 0xec, 0x5b, 0x00, 0x00, 0x00, 0x58, 0x00, 0x00, 0xec, 0x5c, 0x00, 0x00,
    0xec, 0x5c, 0x00, 0x00, 0x00, 0x6f, 0x00, 0x00, 0xec, 0x5d, 0x00, 0x00, 0xec, 0x5d, 0x00, 0x00,
    0x00, 0xa9, 0x00, 0x00, 0xec, 0x5e, 0x00, 0x00, 0xec, 0x5e, 0x00, 0x00, 0x00, 0xbb, 0x00, 0x00,
    0xec, 0x60, 0x00, 0x00, 0xec, 0x60, 0x00, 0x00, 0x01, 0x70, 0x00, 0x00, 0xec, 0x61, 0x00, 0x00,
    0xec, 0x61, 0x00, 0x00, 0x01, 0x7e, 0x00, 0x00, 0xec, 0x62, 0x00, 0x00, 0xec, 0x62, 0x00, 0x00,
    0x01, 0x98, 0x00, 0x00, 0xec, 0x63, 0x00, 0x00, 0xec, 0x63, 0x00, 0x00, 0x00, 0x7f, 0x00, 0x00,
    0xec, 0x64, 0x00, 0x00, 0xec, 0x64, 0x00, 0x00, 0x01, 0xbd, 0x00, 0x00, 0xec, 0x65, 0x00, 0x00,
    0xec, 0x65, 0x00, 0x00, 0x01, 0x53, 0x00, 0x00, 0xec, 0x66, 0x00, 0x00, 0xec, 0x66, 0x00, 0x00,
    0x00, 0xfa, 0x00, 0x00, 0xec, 0x67, 0x00, 0x00, 0xec, 0x67, 0x00, 0x00, 0x00, 0x05, 0x00, 0x00,
    0xec, 0x68, 0x00, 0x00, 0xec, 0x68, 0x00, 0x00, 0x00, 0xa2, 0x00, 0x00, 0xec, 0x69, 0x00, 0x00,
    0xec, 0x69, 0x00, 0x00, 0x01, 0x89, 0x00, 0x00, 0xec, 0x6a, 0x00, 0x00, 0xec, 0x6a, 0x00, 0x00,
    0x01, 0xb0, 0x00, 0x00, 0xec, 0x6b, 0x00, 0x00, 0xec, 0x6b, 0x00, 0x00, 0x01, 0x3e, 0x00, 0x00,
    0xec, 0x6c, 0x00, 0x00, 0xec, 0x6c, 0x00, 0x00, 0x00, 0xd0, 0x00, 0x00, 0xec, 0x6d, 0x00, 0x00,
    0xec, 0x6d, 0x00, 0x00, 0x00, 0xd2, 0x00, 0x00, 0xec, 0x6e, 0x00, 0x00, 0xec, 0x6e, 0x00, 0x00,
    0x00, 0xd1, 0x00, 0x00, 0xec, 0x6f, 0x00, 0x00, 0xec, 0x6f, 0x00, 0x00, 0x00, 0xd3, 0x00, 0x00,
    0xec, 0x70, 0x00, 0x00, 0xec, 0x70, 0x00, 0x00, 0x01, 0xa0, 0x00, 0x00, 0xec, 0x71, 0x00, 0x00,
    0xec, 0x71, 0x00, 0x00, 0x01, 0xe0, 0x00, 0x00, 0xec, 0x72, 0x00, 0x00, 0xec, 0x72, 0x00, 0x00,
    0x02, 0x0f, 0x00, 0x00, 0xec, 0x73, 0x00, 0x00, 0xec, 0x73, 0x00, 0x00, 0x00, 0xca, 0x00, 0x00,
    0xec, 0x74, 0x00, 0x00, 0xec, 0x74, 0x00, 0x00, 0x00, 0xa1, 0x00, 0x00, 0xec, 0x75, 0x00, 0x00,
    0xec, 0x75, 0x00, 0x00, 0x00, 0x48, 0x00, 0x00, 0xec, 0x76, 0x00, 0x00, 0xec, 0x76, 0x00, 0x00,
    0x01, 0xf7, 0x00, 0x00, 0xec, 0x77, 0x00, 0x00, 0xec, 0x77, 0x00, 0x00, 0x01, 0xa9, 0x00, 0x00,
    0xec, 0x78, 0x00, 0x00, 0xec, 0x78, 0x00, 0x00, 0x00, 0x54, 0x00, 0x00, 0xec, 0x79, 0x00, 0x00,
    0xec, 0x79, 0x00, 0x00, 0x02, 0x05, 0x00, 0x00, 0xec, 0x7a, 0x00, 0x00, 0xec, 0x7a, 0x00, 0x00,
    0x00, 0x4c, 0x00, 0x00, 0xec, 0x7b, 0x00, 0x00, 0xec, 0x7b, 0x00, 0x00, 0x00, 0x03, 0x00, 0x00,
    0xec, 0x7c, 0x00, 0x00, 0xec, 0x7c, 0x00, 0x00, 0x01, 0x7c, 0x00, 0x00, 0xec, 0x7d, 0x00, 0x00,
    0xec, 0x7d, 0x00, 0x00, 0x02, 0x14, 0x00, 0x00, 0xec, 0x7e, 0x00, 0x00, 0xec, 0x7e, 0x00, 0x00,
    0x02, 0x15, 0x00, 0x00, 0xec, 0x7f, 0x00, 0x00, 0xec, 0x7f, 0x00, 0x00, 0x01, 0x9c, 0x00, 0x00,
    0xec, 0x80, 0x00, 0x00, 0xec, 0x80, 0x00, 0x00, 0x00, 0x15, 0x00, 0x00, 0xec, 0x81, 0x00, 0x00,
    0xec, 0x81, 0x00, 0x00, 0x01, 0x56, 0x00, 0x00, 0xec, 0x82, 0x00, 0x00, 0xec, 0x82, 0x00, 0x00,
    0x00, 0x45, 0x00, 0x00, 0xec, 0x83, 0x00, 0x00, 0xec, 0x83, 0x00, 0x00, 0x01, 0x54, 0x00, 0x00,
    0xec, 0x84, 0x00, 0x00, 0xec, 0x84, 0x00, 0x00, 0x01, 0x4c, 0x00, 0x00, 0xf1, 0x01, 0x00, 0x00,
    0xf1, 0x01, 0x00, 0x00, 0x00, 0xd6, 0x00, 0x00, 0xf1, 0x02, 0x00, 0x00, 0xf1, 0x02, 0x00, 0x00,
    0x02, 0x03, 0x00, 0x00, 0x00, 0x00, 0x00, 0x00, 0x00, 0x4a, 0x00, 0x82, 0x00, 0xac, 0x00, 0xd4,
    0x01, 0x3a, 0x01, 0x90, 0x01, 0xc8, 0x02, 0x14, 0x02, 0x60, 0x02, 0xac, 0x02, 0xf8, 0x03, 0x22,
    0x03, 0x4a, 0x03, 0x72, 0x03, 0x98, 0x03, 0xbe, 0x03, 0xe4, 0x04, 0x0a, 0x04, 0x52, 0x04, 0x7a,
    0x04, 0xf2, 0x05, 0x32, 0x05, 0x50, 0x05, 0xa0, 0x06, 0x08, 0x06, 0x52, 0x06, 0xa8, 0x07, 0x10,
    0x07, 0x6c, 0x07, 0xb2, 0x07, 0xb2, 0x07, 0xee, 0x08, 0x44, 0x08, 0x74, 0x08, 0xea, 0x09, 0x84,
    0x09, 0xf2, 0x0a, 0x6e, 0x0a, 0xa2, 0x0b, 0x1c, 0x0b, 0xa4, 0x0c, 0x18, 0x0c, 0xac, 0x0d, 0x3e,
    0x0d, 0xa4, 0x0e, 0x7a, 0x0f, 0x66, 0x10, 0x1e, 0x10, 0x5c, 0x10, 0x7c, 0x10, 0xfe, 0x11, 0x1c,
    0x11, 0x3c, 0x11, 0x5c, 0x11, 0x7c, 0x12, 0x28, 0x12, 0x5e, 0x12, 0x8e, 0x12, 0xa6, 0x12, 0xe8,
    0x13, 0x0e, 0x13, 0x34, 0x13, 0x90, 0x13, 0xc2, 0x13, 0xda, 0x14, 0x02, 0x14, 0x28, 0x14, 0xb8,
    0x15, 0x5e, 0x15, 0xcc, 0x16, 0x74, 0x16, 0xb6, 0x17, 0x26, 0x17, 0x54, 0x17, 0xbc, 0x18, 0x02,
    0x18, 0x6c, 0x18, 0xac, 0x19, 0x2e, 0x19, 0x9e, 0x19, 0xf0, 0x1a, 0x98, 0x1a, 0xee, 0x1b, 0x34,
    0x1b, 0x9e, 0x1b, 0xc6, 0x1c, 0x5a, 0x1c, 0xb8, 0x1d, 0xac, 0x1e, 0x1c, 0x1e, 0xba, 0x1e, 0xfe,
    0x1f, 0x38, 0x1f, 0xb6, 0x20, 0x1a, 0x20, 0x6c, 0x21, 0x02, 0x21, 0xae, 0x22, 0x88, 0x23, 0x3a,
    0x24, 0x06, 0x24, 0xda, 0x25, 0x78, 0x26, 0x34, 0x26, 0xfc, 0x27, 0x94, 0x28, 0x40, 0x28, 0x84,
    0x28, 0xe8, 0x29, 0x2a, 0x29, 0x54, 0x29, 0x6c, 0x2a, 0x00, 0x2a, 0x44, 0x2a, 0xf4, 0x2b, 0x80,
    0x2c, 0x0c, 0x2c, 0x52, 0x2c, 0x8e, 0x2c, 0xc0, 0x2c, 0xe8, 0x2d, 0x06, 0x2d, 0x20, 0x2d, 0x48,
    0x2d, 0x66, 0x2d, 0x9c, 0x2e, 0x14, 0x2e, 0xc0, 0x2e, 0xf0, 0x2f, 0x20, 0x2f, 0x70, 0x30, 0x00,
    0x30, 0x60, 0x30, 0x88, 0x30, 0xf6, 0x31, 0x68, 0x31, 0xb6, 0x31, 0xe8, 0x32, 0x30, 0x32, 0x66,
    0x32, 0x8a, 0x32, 0xce, 0x33, 0x04, 0x33, 0x38, 0x33, 0x7e, 0x33, 0xa2, 0x34, 0x44, 0x34, 0xb2,
    0x34, 0xfe, 0x35, 0x62, 0x35, 0xa0, 0x35, 0xf2, 0x36, 0x34, 0x36, 0x76, 0x36, 0xf6, 0x37, 0x36,
    0x37, 0x86, 0x37, 0xf0, 0x38, 0x50, 0x38, 0x88, 0x38, 0xc0, 0x39, 0x2c, 0x39, 0xe2, 0x3a, 0xb0,
    0x3a, 0xec, 0x3b, 0x4e, 0x3b, 0x7a, 0x3b, 0xe0, 0x3c, 0x26, 0x3c, 0x72, 0x3c, 0xc6, 0x3d, 0x8e,
    0x3d, 0xf6, 0x3e, 0x30, 0x3e, 0x9c, 0x3f, 0x08, 0x3f, 0x74, 0x3f, 0xcc, 0x40, 0x46, 0x40, 0xc2,
    0x41, 0x3a, 0x41, 0xa4, 0x42, 0x50, 0x42, 0xae, 0x43, 0x1e, 0x43, 0x88, 0x43, 0xf4, 0x44, 0x6a,
    0x44, 0xa6, 0x44, 0xfa, 0x45, 0x22, 0x45, 0x62, 0x45, 0x8e, 0x45, 0xfc, 0x46, 0x32, 0x46, 0x68,
    0x46, 0x9e, 0x47, 0x0e, 0x47, 0x94, 0x47, 0xf2, 0x48, 0x36, 0x48, 0x6a, 0x48, 0xda, 0x49, 0xba,
    0x4a, 0x26, 0x4a, 0x92, 0x4b, 0x0a, 0x4b, 0xc4, 0x4c, 0x5e, 0x4d, 0x00, 0x4d, 0x6c, 0x4d, 0xa0,
    0x4e, 0x22, 0x4e, 0x6c, 0x4e, 0xdc, 0x4f, 0x68, 0x50, 0x02, 0x50, 0x94, 0x51, 0x06, 0x51, 0x98,
    0x52, 0x04, 0x52, 0x80, 0x52, 0xf8, 0x53, 0x56, 0x53, 0xb4, 0x54, 0x16, 0x54, 0xb4, 0x55, 0x28,
    0x55, 0x68, 0x56, 0x08, 0x56, 0x86, 0x57, 0x0a, 0x57, 0x70, 0x57, 0xd8, 0x58, 0x04, 0x58, 0x76,
    0x58, 0xb2, 0x59, 0x1e, 0x59, 0x9e, 0x59, 0xf0, 0x5a, 0x96, 0x5a, 0xc6, 0x5b, 0x12, 0x5b, 0x6e,
    0x5b, 0xc4, 0x5c, 0x38, 0x5c, 0x98, 0x5c, 0xf4, 0x5d, 0x26, 0x5d, 0x92, 0x5d, 0xda, 0x5e, 0x48,
    0x5e, 0x9a, 0x5f, 0x7c, 0x5f, 0xe6, 0x60, 0x1e, 0x60, 0x48, 0x60, 0x9e, 0x61, 0x0c, 0x61, 0x38,
    0x61, 0xa8, 0x61, 0xec, 0x62, 0x30, 0x62, 0x72, 0x62, 0xe2, 0x63, 0x62, 0x63, 0xca, 0x64, 0x24,
    0x64, 0x4e, 0x64, 0x76, 0x64, 0xaa, 0x65, 0x08, 0x65, 0x42, 0x65, 0x8c, 0x65, 0xbe, 0x65, 0xec,
    0x66, 0x20, 0x66, 0x50, 0x66, 0x7a, 0x66, 0xc4, 0x66, 0xf8, 0x67, 0x20, 0x67, 0x6a, 0x67, 0x9e,
    0x67, 0xc8, 0x67, 0xf0, 0x68, 0x6a, 0x68, 0xf0, 0x69, 0x74, 0x69, 0xcc, 0x6a, 0xa8, 0x6a, 0xfe,
    0x6b, 0x50, 0x6b, 0xb2, 0x6b, 0xee, 0x6c, 0x36, 0x6d, 0x08, 0x6d, 0x42, 0x6d, 0x7c, 0x6d, 0xd8,
    0x6e, 0x54, 0x6e, 0x7c, 0x6e, 0xd2, 0x6f, 0x20, 0x6f, 0x74, 0x6f, 0xd0, 0x70, 0x10, 0x70, 0x4c,
    0x70, 0x72, 0x70, 0x98, 0x70, 0xd0, 0x71, 0x0a, 0x71, 0x5e, 0x71, 0xe6, 0x72, 0x32, 0x72, 0x90,
    0x72, 0xcc, 0x73, 0x00, 0x73, 0x36, 0x73, 0x7a, 0x73, 0xce, 0x74, 0x24, 0x74, 0x98, 0x74, 0xf6,
    0x75, 0x82, 0x75, 0xcc, 0x76, 0x1a, 0x76, 0x76, 0x77, 0x08, 0x77, 0x76, 0x77, 0xec, 0x78, 0x32,
    0x78, 0x64, 0x78, 0xc2, 0x79, 0x02, 0x79, 0xe2, 0x7a, 0x50, 0x7a, 0xce, 0x7b, 0x20, 0x7b, 0x90,
    0x7b, 0xf0, 0x7c, 0xa8, 0x7d, 0x4c, 0x7d, 0xd2, 0x7e, 0x42, 0x7e, 0xaa, 0x7e, 0xde, 0x7f, 0x22,
    0x7f, 0x6e, 0x7f, 0xec, 0x80, 0x48, 0x80, 0xa2, 0x80, 0xf2, 0x81, 0x36, 0x81, 0x80, 0x81, 0xc2,
    0x82, 0x00, 0x82, 0x2e, 0x82, 0x74, 0x82, 0xcc, 0x83, 0x4e, 0x83, 0x7c, 0x83, 0xb0, 0x83, 0xf2,
    0x84, 0xac, 0x85, 0x14, 0x85, 0x62, 0x85, 0xe4, 0x86, 0x94, 0x87, 0x24, 0x87, 0xbc, 0x87, 0xee,
    0x88, 0x2c, 0x88, 0x64, 0x89, 0x22, 0x89, 0x6a, 0x89, 0xc6, 0x8a, 0x4a, 0x8a, 0x84, 0x8a, 0x9c,
    0x8a, 0xb4, 0x8b, 0x0e, 0x8c, 0x1e, 0x8c, 0xb0, 0x8c, 0xe2, 0x8d, 0x52, 0x8d, 0xd2, 0x8e, 0x46,
    0x8e, 0xb6, 0x8f, 0x30, 0x8f, 0x8e, 0x8f, 0xea, 0x90, 0x46, 0x90, 0x92, 0x90, 0xec, 0x91, 0x70,
    0x92, 0x38, 0x92, 0xb8, 0x93, 0x24, 0x93, 0x8e, 0x93, 0xd0, 0x94, 0x1e, 0x94, 0x96, 0x94, 0xf2,
    0x95, 0x4e, 0x95, 0xa6, 0x96, 0x0e, 0x96, 0x9a, 0x97, 0x14, 0x97, 0x92, 0x97, 0xf6, 0x98, 0xf8,
    0x99, 0x66, 0x99, 0xd2, 0x9a, 0x36, 0x9a, 0x70, 0x9b, 0x28, 0x9b, 0x86, 0x9b, 0xbe, 0x9c, 0x1e,
    0x9c, 0x4a, 0x9c, 0xd0, 0x9e, 0x66, 0x9f, 0x0a, 0x9f, 0x8a, 0xa0, 0x6a, 0xa0, 0xd0, 0xa1, 0x4c,
    0xa1, 0xb4, 0xa2, 0x00, 0xa2, 0x4c, 0xa2, 0x8c, 0xa2, 0xee, 0xa3, 0x7e, 0xa3, 0xf4, 0xa4, 0x7c,
    0xa5, 0x46, 0xa5, 0x7a, 0xa5, 0xae, 0xa6, 0x96, 0xa6, 0xd8, 0xa7, 0x0a, 0xa7, 0x50, 0xa7, 0x90,
    0xa7, 0xea, 0xa8, 0x4c, 0xa8, 0x96, 0xa8, 0xf4, 0xa9, 0x60, 0xa9, 0xfc, 0xaa, 0x4e, 0xaa, 0xba,
    0xab, 0x4a, 0xab, 0x8a, 0xab, 0xfa, 0xac, 0x3c, 0xac, 0xca, 0xad, 0x48, 0xad, 0xd0, 0xae, 0x2e,
    0xae, 0x8e, 0xae, 0xe0, 0xaf, 0x6c, 0xaf, 0xd0, 0xb0, 0x32, 0xb0, 0x7a, 0xb0, 0xd4, 0xb1, 0x24,
    0xb1, 0xba, 0xb2, 0x3e, 0xb2, 0xac, 0xb3, 0x02, 0xb3, 0x4a, 0xb3, 0xa2, 0xb4, 0x24, 0xb4, 0x98,
    0xb5, 0x2c, 0xb5, 0xb4, 0xb7, 0xb4, 0xb8, 0x28, 0xb9, 0xd4, 0xba, 0x38, 0xba, 0x5c, 0xba, 0xc8,
    0xbb, 0x20, 0xbb, 0x68, 0xbc, 0x06, 0xbc, 0x42, 0xbc, 0x7a, 0xbc, 0xda, 0xbd, 0x10, 0xbd, 0x70,
    0xbe, 0x0c, 0xbe, 0x74, 0xbe, 0x92, 0xbe, 0xae, 0xbe, 0xca, 0xbe, 0xe8, 0xbf, 0x0a, 0xbf, 0x66,
    0xbf, 0xc2, 0xc0, 0x34, 0xc0, 0xb8, 0xc0, 0xf2, 0xc1, 0xa4, 0xc1, 0xfa, 0xc2, 0x8a, 0xc3, 0x74,
    0xc4, 0x16, 0xc4, 0x8e, 0xc5, 0x5e, 0xc5, 0xc4, 0xc6, 0x48, 0xc6, 0xa6, 0xc7, 0x0a, 0xc7, 0x72,
    0xc7, 0xaa, 0xc7, 0xf0, 0xc8, 0x78, 0xc8, 0xca, 0xc9, 0x0c, 0xc9, 0xa4, 0xc9, 0xf2, 0xca, 0x64,
    0xca, 0x9c, 0xcb, 0x46, 0xcb, 0xa6, 0xcc, 0x5e, 0xcc, 0xb8, 0xcd, 0x34, 0xcd, 0xae, 0xce, 0x02,
    0xce, 0x54, 0xce, 0xb2, 0xce, 0xfc, 0x00, 0x00, 0x00, 0x04, 0x00, 0x00, 0x00, 0x00, 0x01, 0x1a,
    0x01, 0x1a, 0x00, 0x0c, 0x00, 0x19, 0x00, 0x27, 0x00, 0x30, 0x00, 0x00, 0x13, 0x22, 0x0e, 0x01,
    0x14, 0x1e, 0x01, 0x32, 0x3e, 0x01, 0x34, 0x2e, 0x01, 0x07, 0x34, 0x3e, 0x01, 0x32, 0x1e, 0x01,
    0x14, 0x0e, 0x01, 0x22, 0x2e, 0x01, 0x17, 0x32, 0x36, 0x35, 0x34, 0x26, 0x2b, 0x01, 0x22, 0x06,
    0x15, 0x14, 0x16, 0x33, 0x35, 0x32, 0x36, 0x34, 0x26, 0x22, 0x06, 0x14, 0x16, 0x96, 0x1f, 0x33,
    0x1e, 0x1e, 0x33, 0x3e, 0x33, 0x1f, 0x1f, 0x33, 0xa2, 0x23, 0x3c, 0x48, 0x3c, 0x23, 0x23, 0x3c,
    0x48, 0x3c, 0x23, 0x83, 0x1c, 0x26, 0x0e, 0x09, 0x56, 0x09, 0x0e, 0x26, 0x1c, 0x0f, 0x14, 0x14,
    0x1e, 0x14, 0x14, 0x01, 0x07, 0x1f, 0x33, 0x3e, 0x33, 0x1e, 0x1e, 0x33, 0x3e, 0x33, 0x1f, 0x71,
    0x24, 0x3c, 0x23, 0x23, 0x3c, 0x48, 0x3c, 0x23, 0x23, 0x3c, 0x2c, 0x20, 0x19, 0x0a, 0x0d, 0x0d,
    0x0a, 0x19, 0x20, 0x5e, 0x15, 0x1d, 0x14, 0x14, 0x1d, 0x15, 0x00, 0x00, 0x00, 0x02, 0x00, 0x00,
    0x00, 0x00, 0x01, 0x1a, 0x01, 0x1a, 0x00, 0x0c, 0x00, 0x23, 0x00, 0x00, 0x37, 0x14, 0x0e, 0x01,
    0x22, 0x2e, 0x01, 0x34, 0x3e, 0x01, 0x32, 0x1e, 0x01, 0x37, 0x22, 0x0e, 0x01, 0x07, 0x33, 0x3e,
    0x01, 0x33, 0x32, 0x1e, 0x01, 0x15, 0x14, 0x06, 0x07, 0x15, 0x3e, 0x02, 0x34, 0x2e, 0x01, 0xbc,
    0x17, 0x27, 0x2e, 0x27, 0x16, 0x16, 0x27, 0x2e, 0x27, 0x17, 0x09, 0x15, 0x25, 0x17, 0x03, 0x14,
    0x03, 0x24, 0x19, 0x12, 0x1e, 0x12, 0x21, 0x18, 0x15, 0x22, 0x14, 0x16, 0x27, 0x67, 0x17, 0x27,
    0x16, 0x16, 0x27, 0x2e, 0x27, 0x17, 0x17, 0x27, 0x9b, 0x14, 0x22, 0x15, 0x18, 0x21, 0x12, 0x1e,
    0x12, 0x19, 0x24, 0x03, 0x14, 0x03, 0x17, 0x25, 0x2c, 0x27, 0x16, 0x00, 0x00, 0x01, 0x00, 0x00,
    0x00, 0x00, 0x01, 0x2c, 0x01, 0x2c, 0x00, 0x1c, 0x00, 0x00, 0x25, 0x14, 0x06, 0x2b, 0x01, 0x15,
    0x14, 0x06, 0x22, 0x26, 0x3d, 0x01, 0x23, 0x22, 0x26, 0x34, 0x36, 0x3b, 0x01, 0x35, 0x34, 0x36,
    0x32, 0x16, 0x1d, 0x01, 0x33, 0x32, 0x16, 0x01, 0x2c, 0x08, 0x06, 0x7a, 0x08, 0x0c, 0x08, 0x7a,
    0x06, 0x08, 0x08, 0x06, 0x7a, 0x08, 0x0c, 0x08, 0x7a, 0x06, 0x08, 0x96, 0x06, 0x08, 0x7a, 0x06,
    0x08, 0x08, 0x06, 0x7a, 0x08, 0x0c, 0x08, 0x7a, 0x06, 0x08, 0x08, 0x06, 0x7a, 0x08, 0x00, 0x00,
    0x00, 0x01, 0x00, 0x00, 0x00, 0x00, 0x01, 0x07, 0x01, 0x1a, 0x00, 0x1b, 0x00, 0x00, 0x13, 0x34,
    0x26, 0x22, 0x06, 0x1d, 0x01, 0x23, 0x22, 0x06, 0x14, 0x16, 0x3b, 0x01, 0x15, 0x14, 0x16, 0x32,
    0x36, 0x3d, 0x01, 0x33, 0x32, 0x36, 0x34, 0x26, 0x2b, 0x01, 0x96, 0x05, 0x08, 0x06, 0x67, 0x04,
    0x05, 0x05, 0x04, 0x67, 0x06, 0x08, 0x05, 0x67, 0x04, 0x06, 0x06, 0x04, 0x67, 0x01, 0x10, 0x04,
    0x05, 0x05, 0x04, 0x67, 0x06, 0x08, 0x05, 0x67, 0x04, 0x05, 0x05, 0x04, 0x67, 0x05, 0x08, 0x06,
    0x00, 0x01, 0x00, 0x00, 0x00, 0x00, 0x01, 0x28, 0x01, 0x1a, 0x00, 0x45, 0x00, 0x00, 0x37, 0x23,
    0x22, 0x26, 0x34, 0x36, 0x3b, 0x01, 0x32, 0x36, 0x3f, 0x01, 0x36, 0x34, 0x2f, 0x01, 0x26, 0x27,
    0x22, 0x06, 0x0f, 0x01, 0x0e, 0x01, 0x23, 0x22, 0x26, 0x2f, 0x01, 0x26, 0x34, 0x3f, 0x01, 0x3e,
    0x01, 0x3b, 0x01, 0x32, 0x16, 0x14, 0x06, 0x2b, 0x01, 0x22, 0x06, 0x0f, 0x01, 0x06, 0x14, 0x1f,
    0x01, 0x16, 0x17, 0x32, 0x36, 0x3f, 0x01, 0x3e, 0x01, 0x33, 0x32, 0x16, 0x1f, 0x01, 0x16, 0x14,
    0x0f, 0x01, 0x0e, 0x01, 0xcc, 0x2d, 0x04, 0x05, 0x05, 0x04, 0x2d, 0x05, 0x09, 0x02, 0x37, 0x02,
    0x02, 0x38, 0x04, 0x09, 0x05, 0x08, 0x02, 0x40, 0x03, 0x13, 0x0b, 0x09, 0x10, 0x05, 0x37, 0x05,
    0x05, 0x36, 0x05, 0x12, 0x0a, 0x2d, 0x04, 0x05, 0x05, 0x04, 0x2d, 0x05, 0x09, 0x02, 0x37, 0x02,
    0x02, 0x38, 0x04, 0x09, 0x05, 0x08, 0x02, 0x40, 0x03, 0x13, 0x0b, 0x09, 0x10, 0x05, 0x37, 0x05,
    0x05, 0x36, 0x05, 0x12, 0x13, 0x05, 0x08, 0x06, 0x05, 0x04, 0x5e, 0x04, 0x0a, 0x04, 0x60, 0x07,
    0x01, 0x07, 0x05, 0xd0, 0x0b, 0x0d, 0x09, 0x08, 0x5f, 0x09, 0x14, 0x09, 0x5e, 0x08, 0x0a, 0x05,
    0x08, 0x05, 0x06, 0x04, 0x5e, 0x04, 0x0a, 0x04, 0x60, 0x07, 0x01, 0x07, 0x05, 0xd0, 0x0b, 0x0d,
    0x09, 0x08, 0x5f, 0x09, 0x14, 0x09, 0x5d, 0x09, 0x0a, 0x00, 0x00, 0x00, 0x00, 0x04, 0x00, 0x00,
    0x00, 0x00, 0x01, 0x1a, 0x01, 0x07, 0x00, 0x0b, 0x00, 0x23, 0x00, 0x33, 0x00, 0x3d, 0x00, 0x00,
    0x37, 0x22, 0x06, 0x1e, 0x01, 0x3b, 0x01, 0x32, 0x36, 0x34, 0x26, 0x23, 0x27, 0x34, 0x36, 0x3b,
    0x01, 0x32, 0x16, 0x1d, 0x01, 0x14, 0x06, 0x07, 0x15, 0x16, 0x06, 0x27, 0x23, 0x22, 0x26, 0x3d,
    0x01, 0x2e, 0x01, 0x35, 0x37, 0x22, 0x06, 0x07, 0x15, 0x1e, 0x01, 0x3b, 0x01, 0x32, 0x36, 0x3d,
    0x01, 0x34, 0x26, 0x23, 0x07, 0x15, 0x14, 0x16, 0x3b, 0x01, 0x32, 0x36, 0x3d, 0x01, 0x7a, 0x04,
    0x06, 0x01, 0x05, 0x04, 0x38, 0x04, 0x06, 0x06, 0x04, 0x9f, 0x10, 0x0c, 0xce, 0x0c, 0x10, 0x0a,
    0x09, 0x01, 0x1c, 0x13, 0x84, 0x13, 0x1b, 0x09, 0x0a, 0x1c, 0x04, 0x05, 0x01, 0x01, 0x05, 0x04,
    0xce, 0x04, 0x06, 0x06, 0x04, 0xc5, 0x11, 0x0b, 0x84, 0x0b, 0x11, 0x96, 0x05, 0x08, 0x06, 0x06,
    0x08, 0x05, 0x54, 0x0c, 0x11, 0x11, 0x0c, 0x12, 0x09, 0x0f, 0x03, 0x69, 0x13, 0x1c, 0x01, 0x1b,
    0x13, 0x69, 0x03, 0x0f, 0x09, 0x1c, 0x06, 0x04, 0x12, 0x04, 0x06, 0x06, 0x04, 0x12, 0x04, 0x06,
    0x38, 0x68, 0x0b, 0x11, 0x11, 0x0b, 0x68, 0x00, 0x00, 0x01, 0x00, 0x00, 0x00, 0x00, 0x01, 0x1a,
    0x00, 0xcf, 0x00, 0x23, 0x00, 0x00, 0x37, 0x26, 0x34, 0x3f, 0x01, 0x36, 0x32, 0x16, 0x14, 0x0f,
    0x01, 0x33, 0x27, 0x26, 0x34, 0x36, 0x32, 0x1f, 0x01, 0x16, 0x14, 0x0f, 0x01, 0x06, 0x22, 0x26,
    0x34, 0x3f, 0x01, 0x23, 0x17, 0x16, 0x14, 0x06, 0x22, 0x27, 0x15, 0x02, 0x02, 0x39, 0x02, 0x08,
    0x06, 0x03, 0x28, 0xc6, 0x28, 0x03, 0x06, 0x08, 0x02, 0x39, 0x02, 0x02, 0x39, 0x02, 0x08, 0x06,
    0x03, 0x28, 0xc6, 0x28, 0x03, 0x06, 0x08, 0x02, 0x86, 0x03, 0x08, 0x02, 0x39, 0x02, 0x05, 0x08,
    0x03, 0x28, 0x28, 0x03, 0x08, 0x05, 0x02, 0x39, 0x02, 0x08, 0x03, 0x38, 0x03, 0x05, 0x08, 0x03,
    0x28, 0x28, 0x03, 0x08, 0x05, 0x03, 0x00, 0x00, 0x00, 0x03, 0x00, 0x00, 0x00, 0x00, 0x01, 0x1a,
    0x01, 0x1a, 0x00, 0x17, 0x00, 0x24, 0x00, 0x31, 0x00, 0x00, 0x37, 0x17, 0x16, 0x32, 0x3f, 0x01,
    0x36, 0x34, 0x26, 0x22, 0x0f, 0x01, 0x35, 0x34, 0x26, 0x22, 0x06, 0x1d, 0x01, 0x27, 0x26, 0x22,
    0x06, 0x14, 0x17, 0x22, 0x2e, 0x01, 0x34, 0x3e, 0x01, 0x32, 0x1e, 0x01, 0x14, 0x0e, 0x01, 0x27,
    0x14, 0x1e, 0x01, 0x32, 0x3e, 0x01, 0x34, 0x2e, 0x01, 0x22, 0x0e, 0x01, 0x60, 0x2f, 0x03, 0x08,
    0x03, 0x2f, 0x02, 0x05, 0x08, 0x03, 0x1f, 0x05, 0x08, 0x05, 0x1f, 0x03, 0x08, 0x05, 0x38, 0x24,
    0x3c, 0x23, 0x23, 0x3c, 0x48, 0x3c, 0x23, 0x23, 0x3c, 0x94, 0x1e, 0x33, 0x3e, 0x33, 0x1f, 0x1f,
    0x33, 0x3e, 0x33, 0x1e, 0x86, 0x2f, 0x03, 0x03, 0x2f, 0x03, 0x08, 0x05, 0x03, 0x1f, 0x5a, 0x04,
    0x06, 0x06, 0x04, 0x5a, 0x1f, 0x03, 0x05, 0x08, 0x76, 0x23, 0x3c, 0x48, 0x3c, 0x23, 0x23, 0x3c,
    0x48, 0x3c, 0x23, 0x83, 0x1f, 0x33, 0x1e, 0x1e, 0x33, 0x3e, 0x33, 0x1f, 0x1f, 0x33, 0x00, 0x00,
    0x00, 0x03, 0x00, 0x00, 0x00, 0x00, 0x01, 0x1a, 0x01, 0x1a, 0x00, 0x17, 0x00, 0x24, 0x00, 0x31,
    0x00, 0x00, 0x37, 0x27, 0x26, 0x34, 0x3f, 0x01, 0x36, 0x32, 0x16, 0x14, 0x0f, 0x01, 0x33, 0x32,
    0x16, 0x14, 0x06, 0x2b, 0x01, 0x17, 0x16, 0x14, 0x06, 0x22, 0x27, 0x14, 0x1e, 0x01, 0x32, 0x3e,
    0x01, 0x34, 0x2e, 0x01, 0x22, 0x0e, 0x01, 0x17, 0x06, 0x2e, 0x02, 0x3e, 0x01, 0x32, 0x1e, 0x01,
    0x14, 0x0e, 0x01, 0x86, 0x2f, 0x03, 0x03, 0x2f, 0x03, 0x08, 0x05, 0x03, 0x1f, 0x5a, 0x04, 0x06,
    0x06, 0x04, 0x5a, 0x1f, 0x03, 0x05, 0x08, 0x76, 0x23, 0x3c, 0x48, 0x3c, 0x23, 0x23, 0x3c, 0x48,
    0x3c, 0x23, 0x83, 0x1f, 0x33, 0x1e, 0x01, 0x1f, 0x33, 0x3e, 0x33, 0x1f, 0x1f, 0x33, 0x60, 0x2f,
    0x03, 0x08, 0x03, 0x2f, 0x02, 0x05, 0x08, 0x03, 0x1f, 0x05, 0x08, 0x05, 0x1f, 0x03, 0x08, 0x05,
    0x38, 0x24, 0x3c, 0x23, 0x23, 0x3c, 0x48, 0x3c, 0x23, 0x23, 0x3c, 0x94, 0x01, 0x1f, 0x33, 0x3e,
    0x33, 0x1f, 0x1f, 0x33, 0x3e, 0x33, 0x1e, 0x00, 0x00, 0x03, 0x00, 0x00, 0x00, 0x00, 0x01, 0x1a,
    0x01, 0x1a, 0x00, 0x17, 0x00, 0x24, 0x00, 0x31, 0x00, 0x00, 0x3f, 0x01, 0x36, 0x34, 0x2f, 0x01,
    0x26, 0x22, 0x06, 0x14, 0x1f, 0x01, 0x23, 0x22, 0x06, 0x14, 0x16, 0x3b, 0x01, 0x07, 0x06, 0x14,
    0x16, 0x32, 0x37, 0x14, 0x0e, 0x01, 0x22, 0x2e, 0x01, 0x34, 0x3e, 0x01, 0x32, 0x1e, 0x01, 0x07,
    0x32, 0x3e, 0x01, 0x34, 0x2e, 0x01, 0x22, 0x0e, 0x01, 0x14, 0x1e, 0x01, 0xa6, 0x2f, 0x03, 0x03,
    0x2f, 0x03, 0x08, 0x05, 0x03, 0x1f, 0x5a, 0x04, 0x06, 0x06, 0x04, 0x5a, 0x1f, 0x03, 0x05, 0x08,
    0x76, 0x23, 0x3c, 0x48, 0x3c, 0x23, 0x23, 0x3c, 0x48, 0x3c, 0x23, 0x83, 0x1f, 0x33, 0x1f, 0x1f,
    0x33, 0x3e, 0x33, 0x1e, 0x1e, 0x33, 0x60, 0x2f, 0x03, 0x08, 0x03, 0x2f, 0x02, 0x05, 0x08, 0x03,
    0x1f, 0x05, 0x08, 0x05, 0x1f, 0x03, 0x08, 0x05, 0x38, 0x24, 0x3c, 0x23, 0x23, 0x3c, 0x48, 0x3c,
    0x23, 0x23, 0x3c, 0x94, 0x1e, 0x33, 0x3e, 0x33, 0x1f, 0x1f, 0x33, 0x3e, 0x33, 0x1e, 0x00, 0x00,
    0x00, 0x03, 0x00, 0x00, 0x00, 0x00, 0x01, 0x1a, 0x01, 0x1a, 0x00, 0x17, 0x00, 0x24, 0x00, 0x31,
    0x00, 0x00, 0x3f, 0x01, 0x36, 0x32, 0x1f, 0x01, 0x16, 0x14, 0x06, 0x22, 0x2f, 0x01, 0x15, 0x14,
    0x06, 0x22, 0x26, 0x3d, 0x01, 0x07, 0x06, 0x22, 0x26, 0x34, 0x37, 0x22, 0x0e, 0x01, 0x14, 0x1e,
    0x01, 0x32, 0x3e, 0x01, 0x34, 0x2e, 0x01, 0x07, 0x26, 0x3e, 0x01, 0x32, 0x1e, 0x01, 0x14, 0x0e,
    0x02, 0x2e, 0x01, 0x60, 0x2f, 0x03, 0x08, 0x03, 0x2f, 0x02, 0x05, 0x08, 0x03, 0x1f, 0x05, 0x08,
    0x05, 0x1f, 0x03, 0x08, 0x05, 0x38, 0x24, 0x3c, 0x23, 0x23, 0x3c, 0x48, 0x3c, 0x23, 0x23, 0x3c,
    0x94, 0x01, 0x1f, 0x33, 0x3e, 0x33, 0x1f, 0x1f, 0x33, 0x3e, 0x33, 0x1e, 0xa6, 0x2f, 0x03, 0x03,
    0x2f, 0x03, 0x08, 0x05, 0x03, 0x1f, 0x5a, 0x04, 0x06, 0x06, 0x04, 0x5a, 0x1f, 0x03, 0x05, 0x08,
    0x76, 0x23, 0x3c, 0x48, 0x3c, 0x23, 0x23, 0x3c, 0x48, 0x3c, 0x23, 0x83, 0x1f, 0x33, 0x1f, 0x1f,
    0x33, 0x3e, 0x33, 0x1e, 0x01, 0x1f, 0x33, 0x00, 0x00, 0x01, 0x00, 0x00, 0x00, 0x00, 0x01, 0x07,
    0x01, 0x07, 0x00, 0x19, 0x00, 0x00, 0x25, 0x26, 0x22, 0x0f, 0x01, 0x35, 0x34, 0x26, 0x22, 0x06,
    0x1d, 0x01, 0x27, 0x26, 0x22, 0x06, 0x14, 0x1f, 0x01, 0x16, 0x32, 0x3f, 0x01, 0x36, 0x34, 0x27,
    0x01, 0x04, 0x03, 0x08, 0x02, 0x4e, 0x06, 0x07, 0x06, 0x4e, 0x02, 0x08, 0x06, 0x03, 0x5e, 0x03,
    0x07, 0x03, 0x5e, 0x03, 0x03, 0x93, 0x03, 0x03, 0x4d, 0xb7, 0x04, 0x05, 0x05, 0x04, 0xb7, 0x4d,
    0x03, 0x05, 0x08, 0x03, 0x5e, 0x02, 0x02, 0x5e, 0x03, 0x08, 0x02, 0x00, 0x00, 0x01, 0x00, 0x00,
    0x00, 0x00, 0x01, 0x07, 0x00, 0xf4, 0x00, 0x18, 0x00, 0x00, 0x37, 0x23, 0x37, 0x36, 0x34, 0x26,
    0x22, 0x0f, 0x01, 0x06, 0x14, 0x1f, 0x01, 0x16, 0x32, 0x36, 0x34, 0x2f, 0x01, 0x33, 0x32, 0x36,
    0x34, 0x26, 0x23, 0xfd, 0xb7, 0x4d, 0x03, 0x05, 0x08, 0x03, 0x5e, 0x03, 0x03, 0x5e, 0x03, 0x07,
    0x06, 0x03, 0x4d, 0xb7, 0x04, 0x06, 0x06, 0x04, 0x96, 0x4e, 0x02, 0x08, 0x06, 0x03, 0x5e, 0x03,
    0x07, 0x03, 0x5e, 0x03, 0x06, 0x08, 0x02, 0x4e, 0x06, 0x07, 0x06, 0x00, 0x00, 0x01, 0x00, 0x00,
    0x00, 0x00, 0x01, 0x07, 0x00, 0xf4, 0x00, 0x18, 0x00, 0x00, 0x25, 0x27, 0x26, 0x22, 0x06, 0x14,
    0x1f, 0x01, 0x23, 0x22, 0x06, 0x14, 0x16, 0x3b, 0x01, 0x07, 0x06, 0x14, 0x16, 0x32, 0x3f, 0x01,
    0x36, 0x34, 0x27, 0x01, 0x04, 0x5e, 0x03, 0x08, 0x05, 0x03, 0x4d, 0xb7, 0x04, 0x05, 0x05, 0x04,
    0xb7, 0x4d, 0x03, 0x05, 0x08, 0x03, 0x5e, 0x03, 0x03, 0x93, 0x5e, 0x03, 0x06, 0x07, 0x03, 0x4e,
    0x05, 0x08, 0x06, 0x4d, 0x03, 0x08, 0x05, 0x02, 0x5e, 0x03, 0x08, 0x02, 0x00, 0x01, 0x00, 0x00,
    0x00, 0x00, 0x00, 0xbc, 0x00, 0xe2, 0x00, 0x17, 0x00, 0x00, 0x37, 0x07, 0x06, 0x22, 0x2f, 0x01,
    0x26, 0x34, 0x36, 0x32, 0x1f, 0x01, 0x35, 0x34, 0x36, 0x32, 0x16, 0x1d, 0x01, 0x37, 0x36, 0x32,
    0x16, 0x14, 0xb9, 0x26, 0x02, 0x08, 0x03, 0x25, 0x03, 0x05, 0x08, 0x03, 0x15, 0x06, 0x08, 0x05,
    0x15, 0x03, 0x08, 0x06, 0x86, 0x26, 0x02, 0x02, 0x26, 0x03, 0x08, 0x05, 0x03, 0x15, 0x5a, 0x04,
    0x05, 0x05, 0x04, 0x5a, 0x15, 0x03, 0x05, 0x08, 0x00, 0x01, 0x00, 0x00, 0x00, 0x00, 0x00, 0xcf,
    0x00, 0xcf, 0x00, 0x17, 0x00, 0x00, 0x37, 0x27, 0x26, 0x34, 0x3f, 0x01, 0x36, 0x32, 0x16, 0x14,
    0x0f, 0x01, 0x33, 0x32, 0x16, 0x14, 0x06, 0x2b, 0x01, 0x17, 0x16, 0x14, 0x06, 0x22, 0x73, 0x25,
    0x03, 0x03, 0x25, 0x03, 0x08, 0x05, 0x03, 0x15, 0x5a, 0x04, 0x05, 0x05, 0x04, 0x5a, 0x15, 0x03,
    0x05, 0x08, 0x73, 0x26, 0x02, 0x08, 0x03, 0x25, 0x03, 0x05, 0x08, 0x03, 0x15, 0x06, 0x08, 0x05,
    0x15, 0x03, 0x08, 0x06, 0x00, 0x01, 0x00, 0x00, 0x00, 0x00, 0x00, 0xcf, 0x00, 0xcf, 0x00, 0x17,
    0x00, 0x00, 0x3f, 0x01, 0x36, 0x34, 0x2f, 0x01, 0x26, 0x22, 0x06, 0x14, 0x1f, 0x01, 0x23, 0x22,
    0x06, 0x14, 0x16, 0x3b, 0x01, 0x07, 0x06, 0x14, 0x16, 0x32, 0xa6, 0x26, 0x02, 0x02, 0x26, 0x03,
    0x08, 0x05, 0x03, 0x15, 0x5a, 0x04, 0x05, 0x05, 0x04, 0x5a, 0x15, 0x03, 0x05, 0x08, 0x73, 0x26,
    0x02, 0x08, 0x03, 0x25, 0x03, 0x05, 0x08, 0x03, 0x15, 0x06, 0x08, 0x05, 0x15, 0x03, 0x08, 0x06,
    0x00, 0x01, 0x00, 0x00, 0x00, 0x00, 0x00, 0xbc, 0x00, 0xe2, 0x00, 0x17, 0x00, 0x00, 0x37, 0x27,
    0x26, 0x22, 0x0f, 0x01, 0x06, 0x14, 0x16, 0x32, 0x3f, 0x01, 0x15, 0x14, 0x16, 0x32, 0x36, 0x3d,
    0x01, 0x17, 0x16, 0x32, 0x36, 0x34, 0xb9, 0x26, 0x02, 0x08, 0x03, 0x25, 0x03, 0x05, 0x08, 0x03,
    0x15, 0x06, 0x08, 0x05, 0x15, 0x03, 0x08, 0x06, 0xb9, 0x25, 0x03, 0x03, 0x25, 0x03, 0x08, 0x05,
    0x03, 0x15, 0x5a, 0x04, 0x05, 0x05, 0x04, 0x5a, 0x15, 0x03, 0x05, 0x08, 0x00, 0x02, 0x00, 0x00,
    0x00, 0x00, 0x01, 0x07, 0x01, 0x10, 0x00, 0x17, 0x00, 0x2f, 0x00, 0x00, 0x13, 0x26, 0x22, 0x06,
    0x14, 0x1f, 0x01, 0x23, 0x22, 0x06, 0x14, 0x16, 0x3b, 0x01, 0x07, 0x06, 0x14, 0x16, 0x32, 0x3f,
    0x01, 0x36, 0x34, 0x27, 0x07, 0x36, 0x34, 0x26, 0x22, 0x0f, 0x01, 0x06, 0x14, 0x1f, 0x01, 0x16,
    0x32, 0x36, 0x34, 0x2f, 0x01, 0x33, 0x32, 0x36, 0x34, 0x26, 0x2b, 0x01, 0xd5, 0x03, 0x08, 0x05,
    0x03, 0x1e, 0xb7, 0x04, 0x05, 0x05, 0x04, 0xb7, 0x1e, 0x03, 0x05, 0x08, 0x03, 0x2f, 0x03, 0x03,
    0xa0, 0x03, 0x05, 0x08, 0x03, 0x2f, 0x03, 0x03, 0x2f, 0x03, 0x08, 0x05, 0x03, 0x1e, 0xb7, 0x04,
    0x06, 0x06, 0x04, 0xb7, 0x01, 0x0d, 0x03, 0x06, 0x07, 0x03, 0x1f, 0x05, 0x08, 0x06, 0x1f, 0x02,
    0x08, 0x06, 0x03, 0x2f, 0x03, 0x08, 0x02, 0x61, 0x02, 0x08, 0x06, 0x03, 0x2f, 0x03, 0x08, 0x02,
    0x2f, 0x03, 0x06, 0x07, 0x03, 0x1f, 0x05, 0x08, 0x06, 0x00, 0x00, 0x00, 0x00, 0x01, 0x00, 0x00,
    0x00, 0x00, 0x01, 0x07, 0x01, 0x07, 0x00, 0x18, 0x00, 0x00, 0x25, 0x27, 0x26, 0x22, 0x0f, 0x01,
    0x06, 0x14, 0x16, 0x32, 0x3f, 0x01, 0x15, 0x14, 0x16, 0x32, 0x36, 0x3d, 0x01, 0x17, 0x16, 0x32,
    0x36, 0x34, 0x27, 0x01, 0x04, 0x5e, 0x03, 0x08, 0x02, 0x5e, 0x03, 0x06, 0x08, 0x02, 0x4e, 0x05,
    0x08, 0x06, 0x4d, 0x03, 0x08, 0x05, 0x02, 0xa6, 0x5e, 0x03, 0x03, 0x5e, 0x03, 0x07, 0x06, 0x03,
    0x4d, 0xb7, 0x04, 0x05, 0x05, 0x04, 0xb7, 0x4d, 0x03, 0x06, 0x07, 0x03, 0x00, 0x04, 0x00, 0x00,
    0x00, 0x00, 0x01, 0x1a, 0x01, 0x1a, 0x00, 0x08, 0x00, 0x2e, 0x00, 0x41, 0x00, 0x54, 0x00, 0x00,
    0x37, 0x32, 0x16, 0x14, 0x06, 0x22, 0x26, 0x34, 0x36, 0x37, 0x32, 0x16, 0x15, 0x14, 0x07, 0x06,
    0x07, 0x31, 0x06, 0x07, 0x06, 0x15, 0x14, 0x06, 0x22, 0x26, 0x35, 0x34, 0x37, 0x36, 0x37, 0x31,
    0x36, 0x37, 0x36, 0x34, 0x26, 0x22, 0x06, 0x15, 0x14, 0x06, 0x22, 0x26, 0x35, 0x34, 0x36, 0x37,
    0x32, 0x1e, 0x01, 0x14, 0x0e, 0x01, 0x22, 0x27, 0x07, 0x23, 0x22, 0x26, 0x3f, 0x01, 0x26, 0x34,
    0x3e, 0x01, 0x17, 0x22, 0x0e, 0x01, 0x14, 0x1f, 0x01, 0x07, 0x37, 0x17, 0x16, 0x33, 0x15, 0x32,
    0x3e, 0x01, 0x34, 0x2e, 0x01, 0x96, 0x06, 0x08, 0x08, 0x0c, 0x08, 0x08, 0x06, 0x12, 0x18, 0x06,
    0x04, 0x09, 0x07, 0x03, 0x04, 0x05, 0x08, 0x05, 0x06, 0x04, 0x09, 0x07, 0x02, 0x04, 0x0d, 0x14,
    0x0d, 0x06, 0x08, 0x05, 0x18, 0x12, 0x24, 0x3c, 0x23, 0x23, 0x3c, 0x47, 0x1f, 0x33, 0x03, 0x05,
    0x08, 0x02, 0x10, 0x10, 0x23, 0x3c, 0x24, 0x1e, 0x34, 0x1e, 0x0d, 0x04, 0x0e, 0x2d, 0x08, 0x1a,
    0x1e, 0x1f, 0x33, 0x1f, 0x1f, 0x33, 0x5e, 0x08, 0x0c, 0x08, 0x08, 0x0c, 0x08, 0x83, 0x18, 0x12,
    0x0e, 0x0a, 0x07, 0x09, 0x07, 0x04, 0x06, 0x09, 0x04, 0x05, 0x05, 0x04, 0x0e, 0x0a, 0x07, 0x09,
    0x07, 0x04, 0x06, 0x13, 0x0d, 0x0d, 0x0a, 0x04, 0x06, 0x06, 0x04, 0x12, 0x18, 0x38, 0x23, 0x3c,
    0x48, 0x3c, 0x23, 0x11, 0x11, 0x07, 0x07, 0x36, 0x1d, 0x46, 0x3c, 0x23, 0x13, 0x1e, 0x34, 0x3b,
    0x19, 0x07, 0x2f, 0x0f, 0x04, 0x0f, 0x01, 0x1f, 0x33, 0x3d, 0x34, 0x1e, 0x00, 0x01, 0x00, 0x00,
    0x00, 0x00, 0x00, 0xf4, 0x01, 0x07, 0x00, 0x29, 0x00, 0x00, 0x37, 0x14, 0x16, 0x32, 0x3f, 0x01,
    0x36, 0x32, 0x16, 0x14, 0x0f, 0x01, 0x06, 0x22, 0x26, 0x34, 0x3f, 0x01, 0x36, 0x34, 0x26, 0x22,
    0x0f, 0x01, 0x06, 0x14, 0x16, 0x32, 0x3f, 0x01, 0x3e, 0x01, 0x35, 0x34, 0x2e, 0x01, 0x23, 0x22,
    0x06, 0x0f, 0x01, 0x06, 0x2b, 0x05, 0x08, 0x03, 0x56, 0x0e, 0x27, 0x1b, 0x0e, 0x63, 0x06, 0x0f,
    0x0b, 0x05, 0x64, 0x03, 0x06, 0x08, 0x03, 0x63, 0x0b, 0x16, 0x1f, 0x0b, 0x64, 0x09, 0x0a, 0x12,
    0x1e, 0x12, 0x0d, 0x18, 0x09, 0x56, 0x03, 0x96, 0x03, 0x06, 0x03, 0x56, 0x0e, 0x1c, 0x27, 0x0d,
    0x64, 0x05, 0x0b, 0x0f, 0x06, 0x63, 0x03, 0x08, 0x05, 0x02, 0x64, 0x0b, 0x1f, 0x16, 0x0b, 0x63,
    0x0a, 0x18, 0x0d, 0x12, 0x1e, 0x11, 0x09, 0x0a, 0x56, 0x03, 0x00, 0x00, 0x00, 0x02, 0x00, 0x00,
    0x00, 0x00, 0x01, 0x1a, 0x01, 0x1a, 0x00, 0x07, 0x00, 0x0f, 0x00, 0x00, 0x25, 0x15, 0x07, 0x27,
    0x15, 0x27, 0x17, 0x35, 0x17, 0x27, 0x15, 0x0f, 0x01, 0x15, 0x17, 0x35, 0x01, 0x19, 0x41, 0x66,
    0x3a, 0xa8, 0x01, 0x5e, 0x56, 0x1a, 0x25, 0xe8, 0xa0, 0x35, 0x25, 0x25, 0x4b, 0x0d, 0x90, 0x01,
    0x39, 0x25, 0x1a, 0x21, 0x4b, 0x11, 0x61, 0x00, 0x00, 0x03, 0x00, 0x00, 0x00, 0x00, 0x01, 0x22,
    0x01, 0x1a, 0x00, 0x1b, 0x00, 0x26, 0x00, 0x34, 0x00, 0x00, 0x25, 0x27, 0x2e, 0x01, 0x07, 0x23,
    0x22, 0x06, 0x0f, 0x01, 0x06, 0x1e, 0x02, 0x3b, 0x01, 0x32, 0x36, 0x3f, 0x01, 0x17, 0x16, 0x3b,
    0x01, 0x32, 0x3e, 0x02, 0x07, 0x22, 0x2f, 0x01, 0x33, 0x37, 0x17, 0x1c, 0x01, 0x0e, 0x01, 0x33,
    0x23, 0x36, 0x2f, 0x01, 0x33, 0x1e, 0x01, 0x15, 0x17, 0x16, 0x0e, 0x02, 0x01, 0x20, 0x4b, 0x02,
    0x0a, 0x07, 0x58, 0x06, 0x0a, 0x02, 0x4c, 0x02, 0x02, 0x05, 0x09, 0x05, 0x37, 0x05, 0x0a, 0x02,
    0x0c, 0x38, 0x05, 0x06, 0x58, 0x04, 0x09, 0x05, 0x02, 0x6b, 0x02, 0x02, 0x6c, 0x39, 0x14, 0x2a,
    0x02, 0x04, 0x56, 0x45, 0x02, 0x02, 0x4c, 0x45, 0x02, 0x04, 0x4c, 0x01, 0x01, 0x02, 0x02, 0x2c,
    0xe1, 0x05, 0x08, 0x01, 0x07, 0x05, 0xe1, 0x05, 0x09, 0x08, 0x03, 0x07, 0x06, 0x21, 0x2b, 0x03,
    0x04, 0x07, 0x09, 0x08, 0x01, 0x50, 0x34, 0x7d, 0x01, 0x03, 0x03, 0x01, 0x06, 0x07, 0xe1, 0x01,
    0x02, 0x02, 0xe1, 0x01, 0x03, 0x02, 0x02, 0x00, 0x00, 0x04, 0x00, 0x00, 0x00, 0x00, 0x01, 0x2d,
    0x01, 0x1a, 0x00, 0x0c, 0x00, 0x15, 0x00, 0x1e, 0x00, 0x48, 0x00, 0x00, 0x37, 0x32, 0x1e, 0x01,
    0x14, 0x0e, 0x01, 0x22, 0x2e, 0x01, 0x34, 0x3e, 0x01, 0x07, 0x16, 0x33, 0x32, 0x3e, 0x01, 0x35,
    0x34, 0x2f, 0x01, 0x22, 0x0e, 0x01, 0x15, 0x14, 0x17, 0x37, 0x26, 0x27, 0x32, 0x16, 0x14, 0x06,
    0x2b, 0x01, 0x15, 0x06, 0x07, 0x35, 0x23, 0x15, 0x14, 0x0f, 0x01, 0x33, 0x06, 0x07, 0x23, 0x07,
    0x06, 0x16, 0x3b, 0x01, 0x16, 0x17, 0x23, 0x22, 0x2e, 0x01, 0x3f, 0x01, 0x36, 0x3d, 0x01, 0x23,
    0x22, 0x26, 0x34, 0x36, 0x33, 0xd8, 0x17, 0x26, 0x17, 0x17, 0x26, 0x2e, 0x27, 0x17, 0x17, 0x27,
    0x11, 0x12, 0x16, 0x11, 0x1f, 0x11, 0x0d, 0x34, 0x12, 0x1e, 0x12, 0x0d, 0x5c, 0x12, 0x0c, 0x04,
    0x05, 0x05, 0x04, 0x13, 0x09, 0x09, 0x4c, 0x0a, 0x0c, 0x1b, 0x03, 0x01, 0x21, 0x17, 0x02, 0x05,
    0x06, 0x3a, 0x05, 0x07, 0x46, 0x0b, 0x0f, 0x04, 0x05, 0x2d, 0x08, 0x13, 0x04, 0x05, 0x05, 0x04,
    0xa9, 0x17, 0x27, 0x2e, 0x26, 0x17, 0x17, 0x26, 0x2e, 0x27, 0x17, 0x89, 0x0d, 0x11, 0x1f, 0x11,
    0x16, 0x12, 0x1a, 0x12, 0x1e, 0x12, 0x15, 0x12, 0x5c, 0x0d, 0x83, 0x05, 0x08, 0x05, 0x4c, 0x01,
    0x02, 0x4f, 0x58, 0x16, 0x12, 0x16, 0x0a, 0x09, 0x2b, 0x04, 0x0a, 0x0a, 0x08, 0x0d, 0x13, 0x09,
    0x54, 0x0e, 0x11, 0x58, 0x05, 0x08, 0x05, 0x00, 0x00, 0x03, 0x00, 0x00, 0x00, 0x00, 0x01, 0x09,
    0x01, 0x1a, 0x00, 0x1d, 0x00, 0x27, 0x00, 0x31, 0x00, 0x00, 0x13, 0x32, 0x16, 0x14, 0x06, 0x2b,
    0x01, 0x15, 0x14, 0x1f, 0x01, 0x16, 0x0e, 0x01, 0x2b, 0x01, 0x22, 0x2e, 0x01, 0x3f, 0x01, 0x36,
    0x3d, 0x01, 0x23, 0x22, 0x26, 0x34, 0x36, 0x33, 0x17, 0x15, 0x14, 0x0f, 0x01, 0x33, 0x27, 0x26,
    0x3d, 0x01, 0x17, 0x23, 0x07, 0x06, 0x16, 0x3b, 0x01, 0x3e, 0x01, 0x27, 0xe1, 0x04, 0x05, 0x05,
    0x04, 0x13, 0x08, 0x2d, 0x05, 0x04, 0x0f, 0x0b, 0xa8, 0x0b, 0x0f, 0x04, 0x05, 0x2d, 0x08, 0x13,
    0x04, 0x05, 0x05, 0x04, 0x25, 0x0a, 0x0c, 0x78, 0x0c, 0x0a, 0x20, 0x8c, 0x17, 0x02, 0x05, 0x06,
    0xa8, 0x06, 0x05, 0x02, 0x01, 0x19, 0x05, 0x08, 0x05, 0x58, 0x11, 0x0e, 0x54, 0x09, 0x13, 0x0d,
    0x0d, 0x13, 0x09, 0x54, 0x0e, 0x11, 0x58, 0x05, 0x08, 0x05, 0x12, 0x58, 0x16, 0x12, 0x16, 0x16,
    0x12, 0x16, 0x58, 0xa9, 0x2b, 0x04, 0x0a, 0x01, 0x09, 0x04, 0x00, 0x00, 0x00, 0x03, 0x00, 0x00,
    0x00, 0x00, 0x01, 0x1a, 0x01, 0x1a, 0x00, 0x2a, 0x00, 0x32, 0x00, 0x3b, 0x00, 0x00, 0x37, 0x35,
    0x06, 0x23, 0x15, 0x14, 0x1f, 0x01, 0x23, 0x37, 0x36, 0x3d, 0x01, 0x34, 0x3e, 0x01, 0x33, 0x32,
    0x17, 0x36, 0x37, 0x26, 0x23, 0x22, 0x0e, 0x01, 0x1d, 0x01, 0x07, 0x06, 0x16, 0x3b, 0x01, 0x14,
    0x16, 0x32, 0x36, 0x27, 0x33, 0x32, 0x36, 0x2f, 0x01, 0x07, 0x22, 0x26, 0x35, 0x33, 0x14, 0x06,
    0x23, 0x37, 0x14, 0x06, 0x22, 0x26, 0x34, 0x36, 0x32, 0x16, 0xf4, 0x09, 0x0a, 0x01, 0x0d, 0xb2,
    0x0d, 0x01, 0x14, 0x23, 0x14, 0x05, 0x05, 0x05, 0x08, 0x0c, 0x0b, 0x19, 0x2b, 0x1a, 0x12, 0x02,
    0x06, 0x05, 0x41, 0x16, 0x20, 0x16, 0x01, 0x42, 0x05, 0x06, 0x02, 0x12, 0x5e, 0x08, 0x0b, 0x26,
    0x0b, 0x08, 0x83, 0x21, 0x2e, 0x21, 0x21, 0x2e, 0x21, 0x72, 0x26, 0x02, 0x25, 0x02, 0x02, 0x22,
    0x22, 0x02, 0x02, 0x4b, 0x14, 0x22, 0x15, 0x01, 0x09, 0x08, 0x02, 0x19, 0x2b, 0x19, 0x4a, 0x2d,
    0x04, 0x09, 0x0f, 0x16, 0x16, 0x0f, 0x09, 0x04, 0x2d, 0x4c, 0x0a, 0x08, 0x08, 0x0b, 0xbc, 0x17,
    0x21, 0x21, 0x2e, 0x21, 0x21, 0x00, 0x00, 0x00, 0x00, 0x06, 0x00, 0x00, 0x00, 0x00, 0x01, 0x1a,
    0x01, 0x1a, 0x00, 0x1a, 0x00, 0x22, 0x00, 0x2a, 0x00, 0x30, 0x00, 0x3c, 0x00, 0x45, 0x00, 0x00,
    0x13, 0x26, 0x22, 0x06, 0x14, 0x1f, 0x01, 0x06, 0x1d, 0x01, 0x07, 0x06, 0x16, 0x3b, 0x01, 0x14,
    0x16, 0x32, 0x36, 0x35, 0x33, 0x17, 0x16, 0x32, 0x36, 0x34, 0x2f, 0x01, 0x22, 0x26, 0x35, 0x33,
    0x14, 0x06, 0x23, 0x27, 0x37, 0x36, 0x3d, 0x01, 0x34, 0x37, 0x17, 0x37, 0x15, 0x17, 0x27, 0x35,
    0x32, 0x2f, 0x01, 0x3e, 0x01, 0x33, 0x32, 0x17, 0x06, 0x07, 0x27, 0x22, 0x06, 0x17, 0x34, 0x36,
    0x32, 0x16, 0x14, 0x06, 0x22, 0x26, 0x23, 0x03, 0x08, 0x05, 0x03, 0x2a, 0x08, 0x12, 0x02, 0x06,
    0x05, 0x41, 0x16, 0x20, 0x15, 0x2b, 0x23, 0x03, 0x08, 0x05, 0x02, 0x81, 0x08, 0x0b, 0x26, 0x0b,
    0x08, 0x59, 0x0d, 0x01, 0x03, 0x86, 0x20, 0x0c, 0x1f, 0x09, 0x88, 0x0d, 0x0d, 0x21, 0x13, 0x0a,
    0x0c, 0x06, 0x06, 0x0a, 0x0f, 0x1a, 0x3c, 0x21, 0x2e, 0x21, 0x21, 0x2e, 0x21, 0x01, 0x17, 0x02,
    0x05, 0x08, 0x03, 0x2a, 0x11, 0x12, 0x4a, 0x2d, 0x04, 0x09, 0x0f, 0x16, 0x16, 0x0f, 0x22, 0x03,
    0x05, 0x08, 0x03, 0x03, 0x0a, 0x08, 0x08, 0x0b, 0x26, 0x22, 0x02, 0x02, 0x4b, 0x0a, 0x0b, 0x86,
    0x4e, 0x27, 0x1e, 0x1f, 0x23, 0x5c, 0x0d, 0x0c, 0x0e, 0x03, 0x06, 0x0b, 0x01, 0x0b, 0x1a, 0x17,
    0x21, 0x21, 0x2e, 0x21, 0x21, 0x00, 0x00, 0x00, 0x00, 0x04, 0x00, 0x00, 0x00, 0x00, 0x01, 0x1a,
    0x01, 0x1a, 0x00, 0x13, 0x00, 0x30, 0x00, 0x36, 0x00, 0x3e, 0x00, 0x00, 0x37, 0x27, 0x3e, 0x01,
    0x33, 0x32, 0x1e, 0x01, 0x1d, 0x01, 0x17, 0x27, 0x35, 0x34, 0x2e, 0x01, 0x23, 0x22, 0x06, 0x07,
    0x17, 0x06, 0x22, 0x2f, 0x01, 0x23, 0x14, 0x06, 0x22, 0x26, 0x35, 0x23, 0x22, 0x26, 0x3f, 0x01,
    0x35, 0x34, 0x37, 0x27, 0x26, 0x34, 0x36, 0x32, 0x1f, 0x01, 0x16, 0x14, 0x07, 0x27, 0x23, 0x14,
    0x16, 0x3e, 0x01, 0x37, 0x27, 0x06, 0x1d, 0x01, 0x14, 0x0f, 0x01, 0x62, 0x0d, 0x0d, 0x21, 0x13,
    0x19, 0x2b, 0x1a, 0x0c, 0x1f, 0x14, 0x23, 0x14, 0x0f, 0x1a, 0x0b, 0xb5, 0x03, 0x08, 0x03, 0x23,
    0x2b, 0x15, 0x20, 0x16, 0x41, 0x05, 0x06, 0x02, 0x12, 0x08, 0x2b, 0x02, 0x05, 0x08, 0x03, 0xf3,
    0x03, 0x03, 0x6d, 0x26, 0x0b, 0x10, 0x0b, 0x2b, 0x86, 0x03, 0x01, 0x0d, 0xf2, 0x0d, 0x0c, 0x0e,
    0x19, 0x2b, 0x19, 0x4a, 0x1e, 0x1f, 0x49, 0x14, 0x22, 0x15, 0x0c, 0x09, 0xdd, 0x02, 0x02, 0x23,
    0x0f, 0x16, 0x16, 0x0f, 0x08, 0x05, 0x2d, 0x4a, 0x12, 0x11, 0x2a, 0x03, 0x08, 0x05, 0x03, 0xf3,
    0x03, 0x08, 0x03, 0x23, 0x08, 0x0b, 0x01, 0x0a, 0x1b, 0x86, 0x0b, 0x0b, 0x4a, 0x02, 0x02, 0x22,
    0x00, 0x03, 0x00, 0x00, 0x00, 0x00, 0x01, 0x08, 0x01, 0x1a, 0x00, 0x17, 0x00, 0x1f, 0x00, 0x2f,
    0x00, 0x00, 0x25, 0x27, 0x35, 0x34, 0x2e, 0x01, 0x22, 0x0e, 0x01, 0x1d, 0x01, 0x07, 0x06, 0x16,
    0x3b, 0x01, 0x14, 0x16, 0x32, 0x36, 0x27, 0x33, 0x32, 0x36, 0x07, 0x22, 0x26, 0x35, 0x33, 0x14,
    0x06, 0x23, 0x27, 0x37, 0x36, 0x3d, 0x01, 0x34, 0x3e, 0x01, 0x32, 0x1e, 0x01, 0x1d, 0x01, 0x14,
    0x1f, 0x01, 0x01, 0x06, 0x12, 0x1a, 0x2b, 0x32, 0x2b, 0x1a, 0x12, 0x02, 0x06, 0x05, 0x41, 0x16,
    0x20, 0x16, 0x01, 0x42, 0x05, 0x06, 0x72, 0x08, 0x0b, 0x26, 0x0b, 0x08, 0x59, 0x0d, 0x01, 0x14,
    0x23, 0x28, 0x23, 0x14, 0x01, 0x0d, 0x45, 0x2d, 0x49, 0x1a, 0x2b, 0x19, 0x19, 0x2b, 0x1a, 0x49,
    0x2d, 0x04, 0x09, 0x0f, 0x16, 0x16, 0x0f, 0x08, 0x1a, 0x0a, 0x08, 0x08, 0x0b, 0x26, 0x22, 0x02,
    0x02, 0x4b, 0x14, 0x22, 0x15, 0x15, 0x22, 0x14, 0x4b, 0x02, 0x02, 0x22, 0x00, 0x03, 0x00, 0x00,
    0x00, 0x00, 0x00, 0xe5, 0x01, 0x07, 0x00, 0x18, 0x00, 0x20, 0x00, 0x28, 0x00, 0x00, 0x37, 0x34,
    0x36, 0x3b, 0x01, 0x32, 0x16, 0x15, 0x14, 0x06, 0x07, 0x16, 0x17, 0x16, 0x15, 0x14, 0x07, 0x06,
    0x07, 0x06, 0x2b, 0x01, 0x22, 0x26, 0x35, 0x37, 0x15, 0x33, 0x32, 0x36, 0x34, 0x26, 0x23, 0x27,
    0x33, 0x32, 0x36, 0x34, 0x26, 0x2b, 0x01, 0x4b, 0x0c, 0x09, 0x38, 0x1d, 0x23, 0x08, 0x05, 0x0d,
    0x05, 0x08, 0x0b, 0x0a, 0x11, 0x0e, 0x10, 0x41, 0x09, 0x0c, 0x26, 0x2d, 0x0a, 0x12, 0x12, 0x0a,
    0x2d, 0x29, 0x0c, 0x10, 0x0f, 0x0b, 0x2b, 0xf2, 0x08, 0x0d, 0x24, 0x1c, 0x0d, 0x1c, 0x08, 0x0a,
    0x09, 0x0b, 0x11, 0x17, 0x10, 0x0e, 0x07, 0x05, 0x0c, 0x08, 0x49, 0x38, 0x0f, 0x1a, 0x0f, 0x26,
    0x10, 0x17, 0x11, 0x00, 0x00, 0x03, 0x00, 0x00, 0x00, 0x00, 0x01, 0x1a, 0x01, 0x07, 0x00, 0x1d,
    0x00, 0x2d, 0x00, 0x3d, 0x00, 0x00, 0x13, 0x22, 0x06, 0x1d, 0x01, 0x14, 0x16, 0x3b, 0x01, 0x16,
    0x36, 0x37, 0x1e, 0x01, 0x3b, 0x01, 0x3e, 0x01, 0x3d, 0x01, 0x34, 0x26, 0x2b, 0x01, 0x22, 0x06,
    0x07, 0x2e, 0x01, 0x23, 0x17, 0x15, 0x14, 0x06, 0x2b, 0x01, 0x22, 0x26, 0x3d, 0x01, 0x3e, 0x01,
    0x3b, 0x01, 0x32, 0x16, 0x17, 0x35, 0x34, 0x36, 0x3b, 0x01, 0x32, 0x16, 0x1d, 0x01, 0x14, 0x06,
    0x2b, 0x01, 0x22, 0x26, 0x2f, 0x0c, 0x10, 0x10, 0x0c, 0x42, 0x0b, 0x13, 0x07, 0x07, 0x13, 0x0b,
    0x42, 0x0c, 0x10, 0x10, 0x0c, 0x41, 0x0c, 0x13, 0x07, 0x07, 0x13, 0x0c, 0x1d, 0x11, 0x0b, 0x42,
    0x04, 0x06, 0x01, 0x05, 0x04, 0x42, 0x0b, 0x11, 0x12, 0x11, 0x0b, 0x42, 0x04, 0x06, 0x06, 0x04,
    0x41, 0x0c, 0x11, 0x01, 0x07, 0x11, 0x0c, 0xa8, 0x0c, 0x10, 0x01, 0x0b, 0x08, 0x08, 0x0b, 0x01,
    0x10, 0x0c, 0xa8, 0x0c, 0x11, 0x0b, 0x08, 0x08, 0x0b, 0x2f, 0x84, 0x0b, 0x11, 0x06, 0x04, 0xa8,
    0x04, 0x06, 0x11, 0x8f, 0x84, 0x0b, 0x11, 0x06, 0x04, 0xa8, 0x04, 0x06, 0x11, 0x00, 0x00, 0x00,
    0x00, 0x02, 0x00, 0x00, 0x00, 0x00, 0x00, 0xf4, 0x01, 0x07, 0x00, 0x10, 0x00, 0x1e, 0x00, 0x00,
    0x37, 0x06, 0x26, 0x3d, 0x01, 0x34, 0x36, 0x3b, 0x01, 0x36, 0x16, 0x1d, 0x01, 0x14, 0x06, 0x2f,
    0x01, 0x37, 0x35, 0x2e, 0x01, 0x2b, 0x01, 0x22, 0x06, 0x1d, 0x01, 0x37, 0x36, 0x1f, 0x01, 0x47,
    0x05, 0x0a, 0x16, 0x10, 0x70, 0x10, 0x16, 0x0a, 0x05, 0x4f, 0x4b, 0x01, 0x0b, 0x07, 0x70, 0x08,
    0x0b, 0x46, 0x05, 0x05, 0x46, 0x27, 0x03, 0x05, 0x06, 0xb2, 0x0f, 0x16, 0x01, 0x16, 0x10, 0xb2,
    0x06, 0x05, 0x03, 0x35, 0x85, 0x02, 0x07, 0x0a, 0x0b, 0x08, 0xa1, 0x2f, 0x03, 0x03, 0x2f, 0x00,
    0x00, 0x03, 0x00, 0x00, 0x00, 0x00, 0x01, 0x1a, 0x01, 0x07, 0x00, 0x20, 0x00, 0x4b, 0x00, 0x54,
    0x00, 0x00, 0x37, 0x34, 0x36, 0x33, 0x36, 0x16, 0x1d, 0x01, 0x14, 0x16, 0x17, 0x16, 0x14, 0x07,
    0x06, 0x07, 0x15, 0x26, 0x23, 0x36, 0x37, 0x36, 0x37, 0x2e, 0x01, 0x3d, 0x01, 0x34, 0x26, 0x23,
    0x22, 0x26, 0x35, 0x07, 0x36, 0x3d, 0x01, 0x34, 0x36, 0x33, 0x32, 0x36, 0x34, 0x26, 0x23, 0x26,
    0x06, 0x1d, 0x01, 0x14, 0x06, 0x07, 0x06, 0x14, 0x17, 0x1e, 0x01, 0x1d, 0x01, 0x14, 0x16, 0x33,
    0x16, 0x36, 0x34, 0x26, 0x23, 0x22, 0x26, 0x3d, 0x01, 0x34, 0x26, 0x27, 0x36, 0x37, 0x17, 0x22,
    0x06, 0x14, 0x16, 0x32, 0x36, 0x34, 0x26, 0xc5, 0x05, 0x04, 0x10, 0x16, 0x04, 0x09, 0x05, 0x05,
    0x09, 0x03, 0x0a, 0x09, 0x01, 0x01, 0x03, 0x05, 0x05, 0x06, 0x0b, 0x08, 0x04, 0x05, 0x7d, 0x03,
    0x0b, 0x08, 0x04, 0x05, 0x05, 0x04, 0x10, 0x16, 0x04, 0x09, 0x05, 0x05, 0x09, 0x04, 0x16, 0x10,
    0x04, 0x05, 0x05, 0x04, 0x08, 0x0b, 0x06, 0x05, 0x05, 0x03, 0x99, 0x17, 0x21, 0x21, 0x2e, 0x21,
    0x21, 0xfd, 0x04, 0x05, 0x01, 0x16, 0x10, 0x26, 0x0e, 0x0a, 0x05, 0x02, 0x0c, 0x02, 0x05, 0x06,
    0x02, 0x02, 0x04, 0x03, 0x07, 0x05, 0x05, 0x0e, 0x11, 0x27, 0x08, 0x0b, 0x05, 0x04, 0x5b, 0x07,
    0x11, 0x27, 0x08, 0x0b, 0x05, 0x08, 0x05, 0x01, 0x16, 0x10, 0x26, 0x0e, 0x0a, 0x05, 0x02, 0x0c,
    0x02, 0x05, 0x0a, 0x0f, 0x25, 0x10, 0x15, 0x01, 0x06, 0x08, 0x05, 0x0b, 0x08, 0x27, 0x11, 0x0e,
    0x05, 0x05, 0x07, 0x31, 0x21, 0x2f, 0x21, 0x21, 0x2f, 0x21, 0x00, 0x00, 0x00, 0x04, 0x00, 0x00,
    0x00, 0x00, 0x01, 0x1a, 0x01, 0x07, 0x00, 0x08, 0x00, 0x24, 0x00, 0x44, 0x00, 0x6e, 0x00, 0x00,
    0x37, 0x22, 0x06, 0x14, 0x16, 0x32, 0x36, 0x34, 0x26, 0x17, 0x16, 0x14, 0x06, 0x22, 0x2f, 0x01,
    0x07, 0x06, 0x22, 0x26, 0x34, 0x3f, 0x01, 0x27, 0x26, 0x34, 0x36, 0x32, 0x1f, 0x01, 0x37, 0x36,
    0x32, 0x16, 0x14, 0x0f, 0x01, 0x27, 0x34, 0x36, 0x33, 0x36, 0x16, 0x1d, 0x01, 0x14, 0x16, 0x17,
    0x16, 0x14, 0x07, 0x06, 0x07, 0x15, 0x26, 0x23, 0x36, 0x37, 0x36, 0x37, 0x2e, 0x01, 0x3d, 0x01,
    0x34, 0x26, 0x23, 0x22, 0x26, 0x07, 0x1e, 0x01, 0x1d, 0x01, 0x14, 0x16, 0x33, 0x32, 0x16, 0x14,
    0x06, 0x23, 0x22, 0x26, 0x3d, 0x01, 0x34, 0x26, 0x27, 0x26, 0x34, 0x37, 0x3e, 0x01, 0x3d, 0x01,
    0x34, 0x36, 0x33, 0x32, 0x16, 0x14, 0x06, 0x23, 0x22, 0x06, 0x1d, 0x01, 0x14, 0x06, 0x07, 0xe1,
    0x17, 0x21, 0x21, 0x2e, 0x21, 0x21, 0x05, 0x02, 0x05, 0x08, 0x03, 0x0e, 0x0e, 0x03, 0x08, 0x05,
    0x02, 0x0f, 0x0f, 0x02, 0x05, 0x08, 0x03, 0x0e, 0x0e, 0x03, 0x08, 0x05, 0x02, 0x0f, 0x29, 0x05,
    0x04, 0x10, 0x16, 0x04, 0x09, 0x05, 0x05, 0x09, 0x03, 0x0a, 0x09, 0x01, 0x01, 0x03, 0x05, 0x05,
    0x06, 0x0b, 0x08, 0x04, 0x05, 0x85, 0x05, 0x06, 0x0b, 0x08, 0x04, 0x05, 0x05, 0x04, 0x10, 0x16,
    0x04, 0x09, 0x05, 0x05, 0x09, 0x04, 0x16, 0x10, 0x04, 0x05, 0x05, 0x04, 0x08, 0x0b, 0x06, 0x05,
    0x71, 0x21, 0x2f, 0x21, 0x21, 0x2f, 0x21, 0x47, 0x03, 0x08, 0x05, 0x03, 0x0e, 0x0e, 0x03, 0x05,
    0x08, 0x03, 0x0e, 0x0f, 0x02, 0x08, 0x06, 0x03, 0x0e, 0x0e, 0x03, 0x06, 0x08, 0x02, 0x0f, 0xc5,
    0x04, 0x05, 0x01, 0x16, 0x10, 0x26, 0x0e, 0x0a, 0x05, 0x02, 0x0c, 0x02, 0x05, 0x06, 0x02, 0x02,
    0x04, 0x03, 0x07, 0x05, 0x05, 0x0e, 0x11, 0x27, 0x08, 0x0b, 0x05, 0x63, 0x05, 0x0e, 0x11, 0x27,
    0x08, 0x0b, 0x05, 0x08, 0x06, 0x16, 0x10, 0x25, 0x0f, 0x0a, 0x05, 0x02, 0x0c, 0x02, 0x05, 0x0a,
    0x0e, 0x26, 0x10, 0x15, 0x05, 0x08, 0x05, 0x0b, 0x08, 0x27, 0x11, 0x0e, 0x05, 0x00, 0x00, 0x00,
    0x00, 0x04, 0x00, 0x00, 0x00, 0x00, 0x01, 0x1a, 0x01, 0x1a, 0x00, 0x19, 0x00, 0x24, 0x00, 0x3c,
    0x00, 0x56, 0x00, 0x00, 0x37, 0x35, 0x34, 0x36, 0x3b, 0x01, 0x32, 0x16, 0x1d, 0x01, 0x33, 0x32,
    0x16, 0x1d, 0x01, 0x14, 0x06, 0x2b, 0x01, 0x22, 0x26, 0x3d, 0x01, 0x34, 0x36, 0x33, 0x37, 0x15,
    0x33, 0x35, 0x2e, 0x01, 0x2b, 0x01, 0x22, 0x06, 0x15, 0x07, 0x15, 0x14, 0x16, 0x3b, 0x01, 0x32,
    0x36, 0x3d, 0x01, 0x06, 0x2b, 0x01, 0x15, 0x14, 0x06, 0x2b, 0x01, 0x22, 0x26, 0x3d, 0x01, 0x23,
    0x22, 0x37, 0x35, 0x34, 0x36, 0x3b, 0x01, 0x32, 0x16, 0x1d, 0x01, 0x33, 0x32, 0x36, 0x3d, 0x01,
    0x34, 0x26, 0x2b, 0x01, 0x22, 0x06, 0x1d, 0x01, 0x1e, 0x01, 0x33, 0x5e, 0x10, 0x0c, 0x38, 0x0c,
    0x10, 0x26, 0x0f, 0x16, 0x16, 0x0f, 0xbc, 0x0f, 0x16, 0x16, 0x0f, 0x39, 0x4b, 0x01, 0x05, 0x04,
    0x38, 0x04, 0x06, 0x4a, 0x0a, 0x08, 0xbc, 0x08, 0x0b, 0x0d, 0x10, 0x41, 0x06, 0x04, 0x12, 0x04,
    0x06, 0x41, 0x10, 0x51, 0x06, 0x04, 0x12, 0x04, 0x06, 0x41, 0x0c, 0x11, 0x0b, 0x08, 0xbc, 0x08,
    0x0b, 0x01, 0x10, 0x0c, 0xe1, 0x1c, 0x0c, 0x10, 0x10, 0x0c, 0x1c, 0x16, 0x0f, 0x84, 0x0f, 0x16,
    0x16, 0x0f, 0x84, 0x0f, 0x16, 0x1c, 0x1c, 0x1c, 0x04, 0x06, 0x06, 0x04, 0x83, 0x42, 0x08, 0x0a,
    0x0a, 0x08, 0x42, 0x09, 0x0a, 0x04, 0x05, 0x05, 0x04, 0x0a, 0x12, 0x0a, 0x04, 0x05, 0x05, 0x04,
    0x0a, 0x11, 0x0b, 0x1d, 0x07, 0x0b, 0x0b, 0x08, 0x1c, 0x0b, 0x11, 0x00, 0x00, 0x05, 0x00, 0x00,
    0x00, 0x00, 0x01, 0x1e, 0x00, 0xf6, 0x00, 0x11, 0x00, 0x23, 0x00, 0x36, 0x00, 0x49, 0x00, 0x52,
    0x00, 0x00, 0x37, 0x06, 0x14, 0x17, 0x16, 0x14, 0x06, 0x22, 0x27, 0x2e, 0x01, 0x34, 0x36, 0x37,
    0x36, 0x32, 0x16, 0x14, 0x37, 0x26, 0x22, 0x06, 0x14, 0x17, 0x16, 0x14, 0x07, 0x06, 0x14, 0x16,
    0x32, 0x37, 0x3e, 0x01, 0x34, 0x26, 0x27, 0x36, 0x34, 0x26, 0x22, 0x07, 0x0e, 0x01, 0x16, 0x17,
    0x16, 0x32, 0x36, 0x34, 0x27, 0x2e, 0x01, 0x36, 0x3f, 0x01, 0x26, 0x22, 0x06, 0x14, 0x17, 0x1e,
    0x01, 0x06, 0x07, 0x06, 0x14, 0x16, 0x32, 0x37, 0x3e, 0x01, 0x26, 0x27, 0x07, 0x22, 0x06, 0x14,
    0x16, 0x32, 0x36, 0x34, 0x26, 0x68, 0x14, 0x14, 0x02, 0x05, 0x08, 0x03, 0x0c, 0x0c, 0x0c, 0x0c,
    0x03, 0x08, 0x05, 0x68, 0x03, 0x08, 0x05, 0x02, 0x14, 0x14, 0x02, 0x05, 0x08, 0x03, 0x0c, 0x0c,
    0x0c, 0x98, 0x03, 0x05, 0x08, 0x03, 0x19, 0x12, 0x12, 0x19, 0x03, 0x08, 0x05, 0x03, 0x15, 0x0f,
    0x0f, 0x15, 0xad, 0x03, 0x08, 0x05, 0x03, 0x15, 0x0f, 0x0f, 0x15, 0x03, 0x05, 0x08, 0x03, 0x19,
    0x12, 0x12, 0x19, 0x5d, 0x08, 0x0b, 0x0b, 0x10, 0x0b, 0x0b, 0xc4, 0x13, 0x36, 0x13, 0x03, 0x08,
    0x05, 0x02, 0x0c, 0x1f, 0x22, 0x1f, 0x0c, 0x02, 0x05, 0x08, 0x0b, 0x02, 0x05, 0x08, 0x03, 0x13,
    0x36, 0x13, 0x03, 0x08, 0x05, 0x02, 0x0c, 0x1f, 0x22, 0x1f, 0x20, 0x02, 0x08, 0x06, 0x03, 0x19,
    0x44, 0x44, 0x19, 0x03, 0x06, 0x08, 0x02, 0x16, 0x3a, 0x3a, 0x16, 0x0d, 0x03, 0x06, 0x08, 0x02,
    0x16, 0x3a, 0x3a, 0x16, 0x02, 0x08, 0x06, 0x03, 0x19, 0x44, 0x44, 0x19, 0x4a, 0x0b, 0x10, 0x0b,
    0x0b, 0x10, 0x0b, 0x00, 0x00, 0x03, 0x00, 0x00, 0x00, 0x00, 0x01, 0x1a, 0x01, 0x1a, 0x00, 0x0f,
    0x00, 0x17, 0x00, 0x22, 0x00, 0x00, 0x13, 0x22, 0x06, 0x1d, 0x01, 0x14, 0x16, 0x3b, 0x01, 0x32,
    0x36, 0x3d, 0x01, 0x34, 0x26, 0x23, 0x07, 0x34, 0x36, 0x3b, 0x01, 0x36, 0x16, 0x15, 0x07, 0x33,
    0x15, 0x14, 0x06, 0x2b, 0x01, 0x2e, 0x01, 0x3d, 0x01, 0x4b, 0x17, 0x21, 0x21, 0x17, 0x96, 0x17,
    0x21, 0x21, 0x17, 0xbb, 0x15, 0x10, 0x96, 0x10, 0x16, 0xe1, 0xe1, 0x16, 0x10, 0x96, 0x10, 0x16,
    0x01, 0x19, 0x21, 0x17, 0x96, 0x17, 0x21, 0x21, 0x17, 0x96, 0x17, 0x21, 0x38, 0x10, 0x15, 0x01,
    0x16, 0x10, 0x13, 0x83, 0x10, 0x16, 0x01, 0x15, 0x10, 0x83, 0x00, 0x00, 0x00, 0x03, 0x00, 0x00,
    0x00, 0x00, 0x01, 0x1a, 0x01, 0x1a, 0x00, 0x40, 0x00, 0x48, 0x00, 0x58, 0x00, 0x00, 0x25, 0x23,
    0x35, 0x34, 0x27, 0x37, 0x36, 0x34, 0x26, 0x22, 0x0f, 0x01, 0x26, 0x23, 0x34, 0x26, 0x22, 0x06,
    0x15, 0x22, 0x07, 0x27, 0x26, 0x22, 0x06, 0x14, 0x1f, 0x01, 0x06, 0x1d, 0x01, 0x23, 0x22, 0x06,
    0x14, 0x16, 0x3b, 0x01, 0x14, 0x17, 0x07, 0x06, 0x14, 0x16, 0x32, 0x3f, 0x01, 0x16, 0x32, 0x37,
    0x17, 0x16, 0x32, 0x36, 0x34, 0x2f, 0x01, 0x36, 0x35, 0x33, 0x32, 0x36, 0x34, 0x26, 0x23, 0x27,
    0x32, 0x16, 0x15, 0x23, 0x34, 0x36, 0x33, 0x17, 0x14, 0x0e, 0x01, 0x22, 0x2e, 0x01, 0x3d, 0x01,
    0x34, 0x36, 0x3b, 0x01, 0x32, 0x16, 0x15, 0x01, 0x10, 0x1c, 0x05, 0x15, 0x02, 0x05, 0x08, 0x03,
    0x15, 0x09, 0x0a, 0x21, 0x2e, 0x21, 0x0a, 0x09, 0x15, 0x03, 0x08, 0x05, 0x02, 0x15, 0x05, 0x1c,
    0x04, 0x05, 0x05, 0x04, 0x1c, 0x15, 0x20, 0x03, 0x06, 0x07, 0x03, 0x21, 0x1a, 0x42, 0x1a, 0x21,
    0x03, 0x07, 0x06, 0x03, 0x20, 0x15, 0x1c, 0x04, 0x05, 0x05, 0x04, 0x7a, 0x10, 0x15, 0x4a, 0x15,
    0x10, 0x4b, 0x14, 0x23, 0x28, 0x23, 0x14, 0x0b, 0x08, 0x70, 0x08, 0x0b, 0x96, 0x26, 0x0a, 0x09,
    0x15, 0x02, 0x08, 0x06, 0x03, 0x15, 0x05, 0x17, 0x21, 0x21, 0x17, 0x05, 0x15, 0x03, 0x06, 0x08,
    0x02, 0x15, 0x09, 0x0a, 0x26, 0x05, 0x08, 0x06, 0x21, 0x1a, 0x21, 0x02, 0x08, 0x06, 0x03, 0x21,
    0x15, 0x15, 0x21, 0x03, 0x06, 0x08, 0x02, 0x21, 0x1a, 0x21, 0x06, 0x08, 0x05, 0x71, 0x16, 0x10,
    0x10, 0x15, 0x83, 0x14, 0x23, 0x14, 0x14, 0x23, 0x14, 0x39, 0x07, 0x0b, 0x0b, 0x07, 0x00, 0x00,
    0x00, 0x07, 0x00, 0x00, 0x00, 0x00, 0x01, 0x1a, 0x01, 0x2c, 0x00, 0x17, 0x00, 0x33, 0x00, 0x3c,
    0x00, 0x45, 0x00, 0x4e, 0x00, 0x58, 0x00, 0x61, 0x00, 0x00, 0x3f, 0x01, 0x36, 0x34, 0x26, 0x22,
    0x0f, 0x01, 0x35, 0x34, 0x26, 0x22, 0x06, 0x1d, 0x01, 0x27, 0x26, 0x22, 0x06, 0x14, 0x1f, 0x01,
    0x16, 0x32, 0x17, 0x14, 0x06, 0x2b, 0x01, 0x22, 0x26, 0x3d, 0x01, 0x34, 0x36, 0x32, 0x16, 0x17,
    0x15, 0x14, 0x16, 0x3b, 0x01, 0x32, 0x36, 0x3d, 0x01, 0x34, 0x36, 0x32, 0x16, 0x15, 0x07, 0x32,
    0x36, 0x34, 0x26, 0x22, 0x06, 0x14, 0x16, 0x33, 0x32, 0x36, 0x34, 0x26, 0x22, 0x06, 0x14, 0x16,
    0x07, 0x32, 0x36, 0x34, 0x26, 0x22, 0x06, 0x14, 0x16, 0x33, 0x32, 0x36, 0x34, 0x26, 0x22, 0x06,
    0x14, 0x16, 0x33, 0x37, 0x32, 0x36, 0x34, 0x26, 0x22, 0x06, 0x14, 0x16, 0x9d, 0x25, 0x03, 0x06,
    0x07, 0x03, 0x16, 0x05, 0x08, 0x05, 0x16, 0x03, 0x07, 0x06, 0x03, 0x25, 0x03, 0x08, 0x7f, 0x1b,
    0x14, 0xa8, 0x14, 0x1b, 0x05, 0x08, 0x05, 0x01, 0x10, 0x0c, 0xa8, 0x0c, 0x11, 0x05, 0x08, 0x05,
    0xce, 0x08, 0x0b, 0x0b, 0x10, 0x0b, 0x0b, 0x53, 0x08, 0x0b, 0x0b, 0x10, 0x0b, 0x0b, 0x1d, 0x07,
    0x0b, 0x0b, 0x0f, 0x0b, 0x0b, 0x53, 0x07, 0x0b, 0x0b, 0x0f, 0x0b, 0x0b, 0x07, 0x26, 0x08, 0x0b,
    0x0b, 0x10, 0x0b, 0x0b, 0xbe, 0x26, 0x02, 0x08, 0x06, 0x03, 0x15, 0x47, 0x04, 0x05, 0x05, 0x04,
    0x47, 0x15, 0x03, 0x06, 0x08, 0x02, 0x26, 0x03, 0x79, 0x14, 0x1b, 0x1b, 0x14, 0x70, 0x04, 0x06,
    0x06, 0x04, 0x70, 0x0c, 0x10, 0x10, 0x0c, 0x70, 0x04, 0x06, 0x06, 0x04, 0x41, 0x0a, 0x10, 0x0b,
    0x0b, 0x10, 0x0a, 0x0a, 0x10, 0x0b, 0x0b, 0x10, 0x0a, 0x39, 0x0b, 0x10, 0x0b, 0x0b, 0x10, 0x0b,
    0x0b, 0x10, 0x0b, 0x0b, 0x10, 0x0b, 0x39, 0x0a, 0x10, 0x0b, 0x0b, 0x10, 0x0a, 0x00, 0x00, 0x00,
    0x00, 0x08, 0x00, 0x00, 0x00, 0x00, 0x01, 0x1a, 0x01, 0x1a, 0x00, 0x0f, 0x00, 0x19, 0x00, 0x21,
    0x00, 0x2a, 0x00, 0x33, 0x00, 0x3c, 0x00, 0x45, 0x00, 0x4f, 0x00, 0x00, 0x13, 0x23, 0x22, 0x06,
    0x1d, 0x01, 0x14, 0x16, 0x3b, 0x01, 0x32, 0x36, 0x3d, 0x01, 0x34, 0x26, 0x17, 0x14, 0x06, 0x2b,
    0x01, 0x22, 0x26, 0x3d, 0x01, 0x33, 0x27, 0x34, 0x36, 0x3b, 0x01, 0x32, 0x16, 0x15, 0x07, 0x34,
    0x36, 0x1e, 0x01, 0x0e, 0x01, 0x22, 0x26, 0x37, 0x34, 0x36, 0x1e, 0x01, 0x14, 0x06, 0x22, 0x26,
    0x27, 0x34, 0x36, 0x32, 0x16, 0x0e, 0x01, 0x22, 0x26, 0x37, 0x34, 0x36, 0x32, 0x16, 0x14, 0x06,
    0x22, 0x26, 0x37, 0x26, 0x36, 0x32, 0x16, 0x14, 0x06, 0x22, 0x26, 0x35, 0xe1, 0x96, 0x17, 0x21,
    0x21, 0x17, 0x96, 0x17, 0x21, 0x21, 0x0f, 0x16, 0x10, 0x96, 0x10, 0x15, 0xe1, 0xe1, 0x15, 0x10,
    0x96, 0x10, 0x16, 0xbc, 0x0b, 0x10, 0x0b, 0x01, 0x0a, 0x10, 0x0b, 0x38, 0x0b, 0x10, 0x0b, 0x0b,
    0x10, 0x0b, 0x38, 0x0b, 0x10, 0x0b, 0x01, 0x0a, 0x10, 0x0b, 0x38, 0x0b, 0x10, 0x0b, 0x0b, 0x10,
    0x0b, 0x39, 0x01, 0x0b, 0x10, 0x0b, 0x0b, 0x10, 0x0b, 0x01, 0x19, 0x21, 0x17, 0x96, 0x17, 0x21,
    0x21, 0x17, 0x96, 0x17, 0x21, 0xce, 0x10, 0x15, 0x15, 0x10, 0x83, 0x13, 0x10, 0x16, 0x16, 0x10,
    0x83, 0x08, 0x0b, 0x01, 0x0a, 0x10, 0x0b, 0x0b, 0x08, 0x08, 0x0b, 0x01, 0x0a, 0x10, 0x0b, 0x0b,
    0x40, 0x08, 0x0b, 0x0b, 0x10, 0x0b, 0x0b, 0x08, 0x08, 0x0b, 0x0b, 0x10, 0x0b, 0x0b, 0x08, 0x08,
    0x0b, 0x0b, 0x10, 0x0b, 0x0b, 0x08, 0x00, 0x00, 0x00, 0x03, 0x00, 0x00, 0x00, 0x00, 0x01, 0x07,
    0x01, 0x09, 0x00, 0x18, 0x00, 0x39, 0x00, 0x60, 0x00, 0x00, 0x01, 0x16, 0x14, 0x0f, 0x01, 0x33,
    0x32, 0x16, 0x14, 0x06, 0x2b, 0x01, 0x22, 0x26, 0x3d, 0x01, 0x34, 0x36, 0x32, 0x16, 0x17, 0x15,
    0x37, 0x36, 0x32, 0x07, 0x36, 0x16, 0x1f, 0x01, 0x16, 0x06, 0x0f, 0x01, 0x17, 0x1e, 0x01, 0x1f,
    0x01, 0x37, 0x36, 0x16, 0x1f, 0x01, 0x16, 0x14, 0x0f, 0x01, 0x0e, 0x01, 0x27, 0x26, 0x27, 0x26,
    0x27, 0x26, 0x36, 0x37, 0x17, 0x06, 0x07, 0x27, 0x2e, 0x01, 0x2f, 0x01, 0x37, 0x07, 0x26, 0x3f,
    0x01, 0x36, 0x2f, 0x01, 0x2e, 0x01, 0x0f, 0x01, 0x0e, 0x01, 0x17, 0x1e, 0x01, 0x17, 0x16, 0x36,
    0x3f, 0x01, 0x36, 0x34, 0x2f, 0x01, 0x26, 0x0f, 0x01, 0x22, 0x27, 0x01, 0x04, 0x03, 0x03, 0x3b,
    0x21, 0x04, 0x06, 0x06, 0x04, 0x38, 0x04, 0x05, 0x05, 0x08, 0x05, 0x01, 0x3a, 0x03, 0x08, 0xaf,
    0x0c, 0x18, 0x05, 0x0b, 0x04, 0x02, 0x05, 0x12, 0x01, 0x03, 0x0a, 0x08, 0x03, 0x1c, 0x07, 0x0e,
    0x05, 0x0f, 0x09, 0x0a, 0x06, 0x10, 0x2c, 0x11, 0x23, 0x14, 0x16, 0x08, 0x03, 0x16, 0x14, 0x3b,
    0x03, 0x03, 0x08, 0x0a, 0x0d, 0x03, 0x02, 0x09, 0x09, 0x01, 0x03, 0x14, 0x04, 0x03, 0x0b, 0x02,
    0x0a, 0x05, 0x05, 0x0e, 0x0f, 0x02, 0x07, 0x26, 0x21, 0x0b, 0x1e, 0x0b, 0x06, 0x04, 0x04, 0x0f,
    0x03, 0x05, 0x21, 0x04, 0x03, 0x01, 0x04, 0x03, 0x08, 0x03, 0x3b, 0x05, 0x08, 0x05, 0x05, 0x04,
    0x38, 0x04, 0x06, 0x06, 0x04, 0x21, 0x3b, 0x02, 0x02, 0x05, 0x0a, 0x0b, 0x17, 0x08, 0x10, 0x06,
    0x16, 0x05, 0x0a, 0x12, 0x07, 0x03, 0x05, 0x01, 0x04, 0x05, 0x10, 0x0a, 0x1b, 0x0a, 0x05, 0x0f,
    0x04, 0x0e, 0x1d, 0x20, 0x22, 0x33, 0x14, 0x23, 0x07, 0x8e, 0x04, 0x04, 0x07, 0x0a, 0x15, 0x0d,
    0x0b, 0x02, 0x01, 0x04, 0x03, 0x19, 0x04, 0x06, 0x17, 0x05, 0x04, 0x02, 0x02, 0x05, 0x18, 0x0d,
    0x30, 0x3b, 0x1b, 0x0a, 0x03, 0x0b, 0x05, 0x04, 0x0c, 0x04, 0x10, 0x03, 0x01, 0x06, 0x02, 0x00,
    0x00, 0x03, 0x00, 0x00, 0x00, 0x00, 0x01, 0x07, 0x01, 0x09, 0x00, 0x18, 0x00, 0x39, 0x00, 0x60,
    0x00, 0x00, 0x37, 0x34, 0x36, 0x3b, 0x01, 0x32, 0x16, 0x1d, 0x01, 0x14, 0x0e, 0x01, 0x26, 0x3d,
    0x01, 0x07, 0x06, 0x22, 0x26, 0x34, 0x3f, 0x01, 0x23, 0x22, 0x26, 0x27, 0x36, 0x16, 0x1f, 0x01,
    0x16, 0x06, 0x0f, 0x01, 0x17, 0x1e, 0x01, 0x1f, 0x01, 0x37, 0x36, 0x16, 0x1f, 0x01, 0x16, 0x14,
    0x0f, 0x01, 0x0e, 0x01, 0x27, 0x26, 0x27, 0x26, 0x27, 0x26, 0x36, 0x37, 0x17, 0x06, 0x31, 0x27,
    0x2e, 0x01, 0x2f, 0x01, 0x37, 0x07, 0x26, 0x3f, 0x01, 0x36, 0x2f, 0x01, 0x2e, 0x01, 0x0f, 0x01,
    0x0e, 0x01, 0x17, 0x1e, 0x01, 0x17, 0x16, 0x36, 0x3f, 0x01, 0x36, 0x34, 0x2f, 0x01, 0x26, 0x0f,
    0x01, 0x22, 0x27, 0xbc, 0x05, 0x04, 0x38, 0x04, 0x06, 0x06, 0x08, 0x05, 0x3b, 0x03, 0x08, 0x05,
    0x02, 0x3b, 0x21, 0x04, 0x05, 0x6a, 0x0c, 0x18, 0x05, 0x0b, 0x04, 0x02, 0x05, 0x12, 0x01, 0x03,
    0x0a, 0x08, 0x03, 0x1c, 0x07, 0x0e, 0x05, 0x0f, 0x09, 0x0a, 0x06, 0x10, 0x2c, 0x11, 0x23, 0x14,
    0x16, 0x08, 0x03, 0x16, 0x14, 0x3b, 0x06, 0x08, 0x0a, 0x0d, 0x03, 0x02, 0x09, 0x09, 0x01, 0x03,
    0x14, 0x04, 0x03, 0x0b, 0x02, 0x0a, 0x05, 0x05, 0x0e, 0x0f, 0x02, 0x07, 0x26, 0x21, 0x0b, 0x1e,
    0x0b, 0x06, 0x04, 0x04, 0x0f, 0x03, 0x05, 0x21, 0x04, 0x03, 0xfd, 0x04, 0x06, 0x06, 0x04, 0x38,
    0x04, 0x05, 0x01, 0x06, 0x04, 0x21, 0x3b, 0x02, 0x05, 0x08, 0x03, 0x3b, 0x05, 0x0b, 0x05, 0x0a,
    0x0b, 0x17, 0x08, 0x10, 0x06, 0x16, 0x05, 0x0a, 0x12, 0x07, 0x03, 0x05, 0x01, 0x04, 0x05, 0x10,
    0x0a, 0x1b, 0x0a, 0x05, 0x0f, 0x04, 0x0e, 0x1d, 0x20, 0x22, 0x33, 0x14, 0x23, 0x07, 0x8e, 0x08,
    0x07, 0x0a, 0x15, 0x0d, 0x0b, 0x02, 0x01, 0x04, 0x03, 0x19, 0x04, 0x06, 0x17, 0x05, 0x04, 0x02,
    0x02, 0x05, 0x18, 0x0d, 0x30, 0x3b, 0x1b, 0x0a, 0x03, 0x0b, 0x05, 0x04, 0x0c, 0x04, 0x10, 0x03,
    0x01, 0x06, 0x02, 0x00, 0x00, 0x04, 0x00, 0x00, 0x00, 0x00, 0x01, 0x07, 0x00, 0xf4, 0x00, 0x13,
    0x00, 0x16, 0x00, 0x36, 0x00, 0x42, 0x00, 0x00, 0x37, 0x36, 0x32, 0x1f, 0x01, 0x16, 0x06, 0x0f,
    0x01, 0x22, 0x26, 0x2f, 0x01, 0x23, 0x07, 0x0e, 0x01, 0x2e, 0x01, 0x3f, 0x01, 0x33, 0x27, 0x17,
    0x1e, 0x01, 0x1d, 0x01, 0x14, 0x06, 0x07, 0x23, 0x22, 0x26, 0x3d, 0x01, 0x06, 0x22, 0x26, 0x34,
    0x3e, 0x01, 0x17, 0x34, 0x26, 0x23, 0x26, 0x07, 0x06, 0x2e, 0x01, 0x36, 0x37, 0x36, 0x1f, 0x01,
    0x26, 0x07, 0x0e, 0x01, 0x14, 0x16, 0x33, 0x32, 0x3f, 0x01, 0x35, 0x4b, 0x02, 0x0e, 0x02, 0x39,
    0x01, 0x04, 0x03, 0x03, 0x03, 0x05, 0x01, 0x11, 0x3d, 0x11, 0x01, 0x07, 0x08, 0x03, 0x01, 0x29,
    0x31, 0x19, 0x8a, 0x13, 0x15, 0x04, 0x04, 0x01, 0x03, 0x06, 0x13, 0x21, 0x17, 0x15, 0x24, 0x12,
    0x0b, 0x0c, 0x11, 0x08, 0x03, 0x08, 0x04, 0x01, 0x03, 0x0c, 0x16, 0x15, 0x0f, 0x0f, 0x0b, 0x0c,
    0x0c, 0x0a, 0x0d, 0x13, 0x03, 0xed, 0x06, 0x06, 0xa8, 0x04, 0x07, 0x01, 0x01, 0x04, 0x03, 0x31,
    0x31, 0x04, 0x04, 0x03, 0x07, 0x04, 0x3e, 0x4a, 0x1e, 0x01, 0x14, 0x11, 0x48, 0x03, 0x05, 0x01,
    0x05, 0x03, 0x03, 0x0b, 0x17, 0x22, 0x16, 0x05, 0x05, 0x0a, 0x0b, 0x01, 0x05, 0x03, 0x02, 0x06,
    0x08, 0x02, 0x09, 0x01, 0x3b, 0x04, 0x02, 0x01, 0x0b, 0x14, 0x0b, 0x0c, 0x02, 0x1a, 0x00, 0x00,
    0x00, 0x05, 0x00, 0x00, 0xff, 0xff, 0x01, 0x2d, 0x01, 0x2d, 0x00, 0x1f, 0x00, 0x50, 0x00, 0x5d,
    0x00, 0x79, 0x00, 0x96, 0x00, 0x00, 0x25, 0x32, 0x16, 0x1f, 0x01, 0x1e, 0x01, 0x17, 0x35, 0x17,
    0x1e, 0x01, 0x14, 0x06, 0x0f, 0x01, 0x06, 0x0f, 0x01, 0x26, 0x27, 0x31, 0x34, 0x36, 0x3f, 0x01,
    0x3e, 0x01, 0x3f, 0x01, 0x3e, 0x01, 0x27, 0x1f, 0x01, 0x1e, 0x01, 0x1f, 0x01, 0x1e, 0x01, 0x33,
    0x31, 0x32, 0x3f, 0x02, 0x3e, 0x01, 0x3f, 0x01, 0x32, 0x36, 0x34, 0x26, 0x23, 0x27, 0x26, 0x2f,
    0x01, 0x26, 0x2f, 0x01, 0x2e, 0x01, 0x2b, 0x01, 0x22, 0x06, 0x0f, 0x01, 0x06, 0x0f, 0x01, 0x06,
    0x0f, 0x01, 0x0e, 0x01, 0x14, 0x16, 0x17, 0x14, 0x0e, 0x01, 0x22, 0x2e, 0x01, 0x34, 0x3e, 0x01,
    0x32, 0x1e, 0x01, 0x07, 0x27, 0x37, 0x36, 0x34, 0x26, 0x22, 0x0f, 0x01, 0x27, 0x26, 0x22, 0x06,
    0x14, 0x1f, 0x01, 0x07, 0x06, 0x14, 0x16, 0x32, 0x3f, 0x01, 0x17, 0x16, 0x32, 0x36, 0x34, 0x07,
    0x35, 0x23, 0x22, 0x26, 0x3d, 0x01, 0x34, 0x36, 0x3b, 0x01, 0x35, 0x23, 0x22, 0x06, 0x1d, 0x01,
    0x14, 0x16, 0x3b, 0x01, 0x15, 0x14, 0x1e, 0x01, 0x3f, 0x01, 0x26, 0x27, 0x01, 0x06, 0x02, 0x02,
    0x01, 0x03, 0x02, 0x08, 0x05, 0x0c, 0x01, 0x02, 0x02, 0x01, 0x0b, 0x06, 0x04, 0x03, 0x16, 0x1a,
    0x02, 0x01, 0x0c, 0x05, 0x08, 0x01, 0x04, 0x01, 0x02, 0x58, 0x0e, 0x05, 0x04, 0x07, 0x02, 0x05,
    0x01, 0x03, 0x02, 0x01, 0x02, 0x02, 0x05, 0x02, 0x0a, 0x06, 0x0f, 0x01, 0x03, 0x03, 0x01, 0x0f,
    0x04, 0x04, 0x03, 0x05, 0x03, 0x04, 0x01, 0x03, 0x01, 0x01, 0x01, 0x03, 0x01, 0x05, 0x02, 0x05,
    0x01, 0x04, 0x06, 0x0e, 0x02, 0x02, 0x02, 0x81, 0x17, 0x26, 0x2e, 0x27, 0x17, 0x17, 0x27, 0x2e,
    0x26, 0x17, 0x2f, 0x18, 0x17, 0x03, 0x06, 0x08, 0x02, 0x17, 0x19, 0x02, 0x08, 0x06, 0x03, 0x18,
    0x18, 0x03, 0x06, 0x08, 0x02, 0x19, 0x18, 0x03, 0x07, 0x06, 0xb5, 0x1c, 0x0c, 0x10, 0x10, 0x0c,
    0x67, 0x67, 0x14, 0x1b, 0x1b, 0x14, 0x09, 0x0a, 0x0f, 0x06, 0x1f, 0x04, 0x01, 0xe1, 0x02, 0x01,
    0x0c, 0x05, 0x08, 0x02, 0x01, 0x04, 0x01, 0x02, 0x03, 0x02, 0x01, 0x04, 0x01, 0x04, 0x04, 0x0f,
    0x02, 0x02, 0x02, 0x01, 0x03, 0x02, 0x08, 0x05, 0x0c, 0x01, 0x02, 0x17, 0x05, 0x02, 0x02, 0x07,
    0x06, 0x10, 0x02, 0x02, 0x01, 0x02, 0x0f, 0x07, 0x0a, 0x02, 0x05, 0x03, 0x04, 0x03, 0x05, 0x02,
    0x02, 0x03, 0x05, 0x07, 0x0e, 0x02, 0x02, 0x02, 0x02, 0x0e, 0x07, 0x05, 0x01, 0x04, 0x02, 0x04,
    0x01, 0x03, 0x04, 0x03, 0xa4, 0x17, 0x26, 0x17, 0x17, 0x26, 0x2e, 0x27, 0x17, 0x17, 0x27, 0x2f,
    0x18, 0x19, 0x02, 0x08, 0x06, 0x03, 0x18, 0x18, 0x03, 0x06, 0x08, 0x02, 0x19, 0x18, 0x03, 0x07,
    0x06, 0x03, 0x18, 0x18, 0x03, 0x06, 0x07, 0x12, 0x37, 0x10, 0x0c, 0x5e, 0x0b, 0x11, 0x12, 0x1b,
    0x13, 0x5e, 0x14, 0x1b, 0x24, 0x08, 0x0a, 0x01, 0x05, 0x1b, 0x0a, 0x0b, 0x00, 0x06, 0x00, 0x00,
    0xff, 0xff, 0x01, 0x2d, 0x01, 0x2d, 0x00, 0x2e, 0x00, 0x5f, 0x00, 0x72, 0x00, 0x7d, 0x00, 0x89,
    0x00, 0xa7, 0x00, 0x00, 0x25, 0x32, 0x16, 0x1f, 0x01, 0x1e, 0x01, 0x17, 0x35, 0x17, 0x1e, 0x01,
    0x14, 0x06, 0x0f, 0x01, 0x0e, 0x01, 0x0f, 0x01, 0x0e, 0x01, 0x2b, 0x01, 0x22, 0x26, 0x2f, 0x01,
    0x2e, 0x01, 0x2f, 0x01, 0x26, 0x27, 0x35, 0x34, 0x36, 0x3f, 0x01, 0x3e, 0x01, 0x3f, 0x01, 0x36,
    0x37, 0x31, 0x36, 0x27, 0x1f, 0x01, 0x1e, 0x01, 0x1f, 0x01, 0x1e, 0x01, 0x33, 0x31, 0x32, 0x3f,
    0x02, 0x3e, 0x01, 0x3f, 0x01, 0x32, 0x36, 0x34, 0x26, 0x23, 0x27, 0x26, 0x2f, 0x01, 0x26, 0x2f,
    0x01, 0x2e, 0x01, 0x2b, 0x01, 0x22, 0x06, 0x0f, 0x01, 0x06, 0x0f, 0x01, 0x06, 0x0f, 0x01, 0x0e,
    0x01, 0x14, 0x16, 0x17, 0x16, 0x14, 0x0e, 0x01, 0x2b, 0x01, 0x22, 0x2e, 0x01, 0x34, 0x3f, 0x01,
    0x3e, 0x01, 0x32, 0x16, 0x1f, 0x01, 0x27, 0x34, 0x26, 0x22, 0x0e, 0x01, 0x1e, 0x02, 0x3e, 0x01,
    0x35, 0x34, 0x26, 0x22, 0x06, 0x1d, 0x01, 0x14, 0x16, 0x32, 0x36, 0x35, 0x27, 0x07, 0x35, 0x23,
    0x22, 0x26, 0x3d, 0x01, 0x34, 0x36, 0x3b, 0x01, 0x35, 0x23, 0x22, 0x06, 0x1d, 0x01, 0x14, 0x16,
    0x3b, 0x01, 0x15, 0x14, 0x1e, 0x01, 0x3f, 0x02, 0x23, 0x01, 0x06, 0x02, 0x02, 0x01, 0x03, 0x02,
    0x08, 0x05, 0x0c, 0x01, 0x02, 0x02, 0x01, 0x0b, 0x06, 0x08, 0x01, 0x04, 0x01, 0x02, 0x01, 0x01,
    0x01, 0x02, 0x01, 0x03, 0x02, 0x08, 0x05, 0x05, 0x04, 0x06, 0x02, 0x01, 0x0c, 0x05, 0x08, 0x01,
    0x04, 0x01, 0x01, 0x01, 0x58, 0x0e, 0x05, 0x04, 0x07, 0x02, 0x05, 0x01, 0x03, 0x02, 0x02, 0x01,
    0x02, 0x05, 0x02, 0x0a, 0x06, 0x0f, 0x02, 0x02, 0x02, 0x02, 0x0f, 0x04, 0x04, 0x03, 0x05, 0x03,
    0x04, 0x01, 0x03, 0x01, 0x01, 0x01, 0x03, 0x01, 0x05, 0x02, 0x05, 0x01, 0x04, 0x06, 0x0e, 0x02,
    0x02, 0x02, 0x7f, 0x02, 0x05, 0x09, 0x05, 0x83, 0x05, 0x08, 0x06, 0x02, 0x42, 0x02, 0x09, 0x0b,
    0x09, 0x02, 0x42, 0x49, 0x05, 0x07, 0x05, 0x02, 0x01, 0x04, 0x06, 0x05, 0x03, 0x05, 0x08, 0x06,
    0x06, 0x07, 0x06, 0x58, 0x3e, 0x1c, 0x0c, 0x10, 0x10, 0x0c, 0x67, 0x67, 0x14, 0x1b, 0x1b, 0x14,
    0x09, 0x0b, 0x0e, 0x06, 0x2b, 0x0f, 0x08, 0xe1, 0x02, 0x01, 0x0c, 0x05, 0x08, 0x02, 0x01, 0x04,
    0x01, 0x02, 0x03, 0x02, 0x01, 0x04, 0x01, 0x08, 0x06, 0x0b, 0x01, 0x02, 0x02, 0x01, 0x0b, 0x06,
    0x08, 0x01, 0x03, 0x03, 0x01, 0x01, 0x02, 0x02, 0x01, 0x03, 0x02, 0x08, 0x05, 0x0c, 0x01, 0x01,
    0x01, 0x17, 0x05, 0x02, 0x02, 0x07, 0x06, 0x10, 0x02, 0x02, 0x01, 0x02, 0x0f, 0x07, 0x0a, 0x02,
    0x05, 0x03, 0x04, 0x03, 0x05, 0x02, 0x02, 0x03, 0x05, 0x07, 0x0e, 0x02, 0x02, 0x02, 0x02, 0x0e,
    0x07, 0x05, 0x01, 0x04, 0x02, 0x04, 0x01, 0x03, 0x04, 0x03, 0xdd, 0x04, 0x0a, 0x08, 0x05, 0x05,
    0x08, 0x0a, 0x04, 0x83, 0x05, 0x06, 0x06, 0x05, 0x83, 0x01, 0x04, 0x05, 0x03, 0x05, 0x05, 0x05,
    0x01, 0x03, 0x04, 0x61, 0x04, 0x05, 0x05, 0x04, 0x38, 0x04, 0x06, 0x06, 0x04, 0x1c, 0x37, 0x37,
    0x10, 0x0c, 0x5e, 0x0b, 0x11, 0x12, 0x1b, 0x13, 0x5e, 0x14, 0x1b, 0x24, 0x08, 0x0a, 0x01, 0x05,
    0x25, 0x20, 0x00, 0x00, 0x00, 0x03, 0x00, 0x00, 0x00, 0x00, 0x01, 0x2d, 0x01, 0x2d, 0x00, 0x31,
    0x00, 0x5d, 0x00, 0x83, 0x00, 0x00, 0x37, 0x26, 0x34, 0x36, 0x3f, 0x01, 0x36, 0x3f, 0x01, 0x36,
    0x3f, 0x01, 0x3e, 0x01, 0x3b, 0x01, 0x32, 0x16, 0x1f, 0x01, 0x16, 0x1f, 0x01, 0x16, 0x1f, 0x01,
    0x32, 0x16, 0x14, 0x06, 0x23, 0x07, 0x0e, 0x01, 0x0f, 0x02, 0x06, 0x23, 0x31, 0x22, 0x26, 0x2f,
    0x01, 0x2e, 0x01, 0x2f, 0x02, 0x22, 0x17, 0x26, 0x2f, 0x01, 0x15, 0x2e, 0x01, 0x2f, 0x01, 0x2e,
    0x01, 0x22, 0x06, 0x0f, 0x01, 0x0e, 0x01, 0x0f, 0x01, 0x0e, 0x01, 0x14, 0x16, 0x1f, 0x01, 0x1e,
    0x01, 0x1f, 0x01, 0x1e, 0x01, 0x3b, 0x01, 0x32, 0x36, 0x3f, 0x01, 0x3e, 0x01, 0x3f, 0x01, 0x3e,
    0x01, 0x34, 0x07, 0x14, 0x06, 0x2b, 0x01, 0x07, 0x35, 0x23, 0x22, 0x26, 0x3d, 0x01, 0x34, 0x36,
    0x3b, 0x01, 0x35, 0x23, 0x22, 0x06, 0x1d, 0x01, 0x14, 0x16, 0x3b, 0x01, 0x15, 0x14, 0x1e, 0x01,
    0x3f, 0x01, 0x33, 0x32, 0x36, 0x3d, 0x01, 0x23, 0xaa, 0x01, 0x02, 0x02, 0x0e, 0x06, 0x04, 0x01,
    0x05, 0x02, 0x05, 0x01, 0x03, 0x01, 0x01, 0x01, 0x03, 0x01, 0x04, 0x03, 0x05, 0x03, 0x04, 0x04,
    0x0f, 0x01, 0x03, 0x03, 0x01, 0x0f, 0x06, 0x0a, 0x02, 0x05, 0x02, 0x02, 0x01, 0x02, 0x03, 0x01,
    0x05, 0x02, 0x07, 0x04, 0x03, 0x10, 0x02, 0x80, 0x01, 0x01, 0x0c, 0x05, 0x08, 0x02, 0x03, 0x01,
    0x02, 0x03, 0x02, 0x01, 0x04, 0x01, 0x08, 0x05, 0x0c, 0x01, 0x02, 0x02, 0x01, 0x0b, 0x06, 0x08,
    0x01, 0x04, 0x01, 0x02, 0x01, 0x01, 0x01, 0x02, 0x01, 0x04, 0x01, 0x08, 0x06, 0x0b, 0x01, 0x02,
    0x38, 0x11, 0x0b, 0x4f, 0x3e, 0x1c, 0x0c, 0x10, 0x10, 0x0c, 0x67, 0x67, 0x14, 0x1b, 0x1b, 0x14,
    0x09, 0x0a, 0x0f, 0x06, 0x39, 0x48, 0x13, 0x1b, 0x12, 0xfa, 0x01, 0x04, 0x03, 0x01, 0x04, 0x02,
    0x04, 0x01, 0x05, 0x07, 0x0e, 0x02, 0x02, 0x02, 0x02, 0x0e, 0x07, 0x05, 0x03, 0x02, 0x02, 0x05,
    0x03, 0x04, 0x03, 0x05, 0x02, 0x0a, 0x07, 0x0f, 0x02, 0x01, 0x02, 0x02, 0x10, 0x06, 0x07, 0x02,
    0x02, 0x05, 0x3a, 0x01, 0x01, 0x04, 0x01, 0x02, 0x08, 0x05, 0x0c, 0x01, 0x02, 0x02, 0x01, 0x0c,
    0x05, 0x08, 0x01, 0x04, 0x01, 0x02, 0x03, 0x02, 0x01, 0x04, 0x01, 0x08, 0x06, 0x0b, 0x01, 0x02,
    0x02, 0x01, 0x0b, 0x06, 0x08, 0x01, 0x04, 0x01, 0x02, 0x03, 0x43, 0x0c, 0x10, 0x37, 0x37, 0x10,
    0x0c, 0x5e, 0x0b, 0x11, 0x13, 0x1c, 0x13, 0x5e, 0x14, 0x1b, 0x24, 0x08, 0x0a, 0x01, 0x05, 0x32,
    0x1b, 0x14, 0x09, 0x00, 0x00, 0x03, 0x00, 0x00, 0x00, 0x00, 0x01, 0x23, 0x00, 0xeb, 0x00, 0x08,
    0x00, 0x13, 0x00, 0x26, 0x00, 0x00, 0x37, 0x26, 0x22, 0x0f, 0x01, 0x17, 0x37, 0x36, 0x34, 0x07,
    0x26, 0x22, 0x06, 0x14, 0x1f, 0x01, 0x16, 0x32, 0x3f, 0x01, 0x17, 0x22, 0x2f, 0x01, 0x26, 0x34,
    0x36, 0x32, 0x1f, 0x01, 0x37, 0x36, 0x32, 0x16, 0x14, 0x0f, 0x01, 0x06, 0x23, 0xe8, 0x03, 0x08,
    0x03, 0x5c, 0x0d, 0x5d, 0x02, 0xc7, 0x03, 0x08, 0x05, 0x03, 0x38, 0x02, 0x08, 0x03, 0x07, 0x2b,
    0x04, 0x03, 0x38, 0x03, 0x05, 0x08, 0x03, 0x32, 0x86, 0x02, 0x08, 0x06, 0x03, 0x8d, 0x03, 0x03,
    0xe8, 0x02, 0x02, 0x5d, 0x0d, 0x5c, 0x03, 0x08, 0x52, 0x03, 0x05, 0x08, 0x03, 0x38, 0x03, 0x03,
    0x06, 0x09, 0x03, 0x38, 0x03, 0x08, 0x05, 0x03, 0x31, 0x86, 0x02, 0x05, 0x08, 0x03, 0x8c, 0x03,
    0x00, 0x01, 0x00, 0x00, 0x00, 0x00, 0x01, 0x10, 0x00, 0xf4, 0x00, 0x10, 0x00, 0x00, 0x25, 0x36,
    0x32, 0x16, 0x14, 0x0f, 0x01, 0x06, 0x22, 0x2f, 0x01, 0x26, 0x34, 0x36, 0x32, 0x1f, 0x01, 0x01,
    0x00, 0x03, 0x08, 0x05, 0x03, 0x9f, 0x03, 0x08, 0x03, 0x41, 0x03, 0x06, 0x07, 0x03, 0x3b, 0xf1,
    0x03, 0x06, 0x08, 0x02, 0x96, 0x03, 0x03, 0x41, 0x03, 0x08, 0x05, 0x02, 0x3c, 0x00, 0x00, 0x00,
    0x00, 0x06, 0x00, 0x00, 0x00, 0x00, 0x01, 0x1a, 0x01, 0x07, 0x00, 0x11, 0x00, 0x1d, 0x00, 0x2f,
    0x00, 0x3b, 0x00, 0x4d, 0x00, 0x59, 0x00, 0x00, 0x13, 0x16, 0x14, 0x0f, 0x01, 0x06, 0x22, 0x2f,
    0x01, 0x26, 0x34, 0x36, 0x32, 0x1f, 0x01, 0x37, 0x36, 0x32, 0x17, 0x23, 0x22, 0x26, 0x34, 0x36,
    0x3b, 0x01, 0x32, 0x16, 0x14, 0x06, 0x07, 0x16, 0x14, 0x0f, 0x01, 0x06, 0x22, 0x2f, 0x01, 0x26,
    0x34, 0x36, 0x32, 0x1f, 0x01, 0x37, 0x36, 0x32, 0x17, 0x23, 0x22, 0x26, 0x34, 0x36, 0x3b, 0x01,
    0x32, 0x16, 0x14, 0x06, 0x27, 0x16, 0x14, 0x0f, 0x01, 0x06, 0x22, 0x2f, 0x01, 0x26, 0x34, 0x36,
    0x32, 0x1f, 0x01, 0x37, 0x36, 0x32, 0x17, 0x23, 0x22, 0x26, 0x34, 0x36, 0x3b, 0x01, 0x32, 0x16,
    0x14, 0x06, 0x5b, 0x03, 0x03, 0x25, 0x03, 0x08, 0x03, 0x12, 0x03, 0x05, 0x08, 0x03, 0x0c, 0x1f,
    0x02, 0x08, 0xb8, 0x96, 0x04, 0x05, 0x05, 0x04, 0x96, 0x04, 0x05, 0x05, 0xb9, 0x03, 0x03, 0x25,
    0x03, 0x08, 0x03, 0x12, 0x03, 0x05, 0x08, 0x03, 0x0c, 0x1f, 0x02, 0x08, 0xb8, 0x96, 0x04, 0x05,
    0x05, 0x04, 0x96, 0x04, 0x05, 0x05, 0xb9, 0x03, 0x03, 0x25, 0x03, 0x08, 0x03, 0x12, 0x03, 0x05,
    0x08, 0x03, 0x0c, 0x1f, 0x02, 0x08, 0xb8, 0x96, 0x04, 0x05, 0x05, 0x04, 0x96, 0x04, 0x05, 0x05,
    0x01, 0x04, 0x03, 0x08, 0x02, 0x26, 0x03, 0x03, 0x13, 0x02, 0x08, 0x06, 0x03, 0x0c, 0x1f, 0x03,
    0x26, 0x05, 0x08, 0x06, 0x06, 0x08, 0x05, 0x86, 0x03, 0x08, 0x02, 0x26, 0x02, 0x02, 0x13, 0x03,
    0x08, 0x05, 0x03, 0x0c, 0x1f, 0x03, 0x26, 0x06, 0x08, 0x05, 0x05, 0x08, 0x06, 0x77, 0x02, 0x08,
    0x03, 0x25, 0x03, 0x03, 0x12, 0x03, 0x08, 0x05, 0x02, 0x0c, 0x1e, 0x03, 0x25, 0x05, 0x08, 0x05,
    0x05, 0x08, 0x05, 0x00, 0x00, 0x01, 0x00, 0x00, 0x00, 0x00, 0x00, 0xf4, 0x00, 0xcf, 0x00, 0x10,
    0x00, 0x00, 0x37, 0x17, 0x16, 0x32, 0x3f, 0x01, 0x36, 0x34, 0x26, 0x22, 0x0f, 0x01, 0x27, 0x26,
    0x22, 0x06, 0x14, 0x3b, 0x54, 0x03, 0x08, 0x03, 0x54, 0x03, 0x06, 0x08, 0x02, 0x4e, 0x4e, 0x02,
    0x08, 0x06, 0xbe, 0x54, 0x03, 0x03, 0x54, 0x03, 0x08, 0x05, 0x03, 0x4d, 0x4d, 0x03, 0x05, 0x08,
    0x00, 0x01, 0x00, 0x00, 0x00, 0x00, 0x00, 0xbc, 0x00, 0xf4, 0x00, 0x11, 0x00, 0x00, 0x37, 0x07,
    0x06, 0x14, 0x1f, 0x01, 0x16, 0x32, 0x36, 0x34, 0x2f, 0x01, 0x37, 0x36, 0x34, 0x26, 0x22, 0x07,
    0xab, 0x54, 0x03, 0x03, 0x54, 0x03, 0x08, 0x05, 0x02, 0x4e, 0x4e, 0x02, 0x05, 0x08, 0x03, 0xf1,
    0x54, 0x03, 0x08, 0x03, 0x54, 0x03, 0x06, 0x08, 0x02, 0x4e, 0x4e, 0x02, 0x08, 0x06, 0x03, 0x00,
    0x00, 0x01, 0x00, 0x00, 0x00, 0x00, 0x00, 0xd8, 0x00, 0xf4, 0x00, 0x11, 0x00, 0x00, 0x37, 0x06,
    0x14, 0x1f, 0x01, 0x07, 0x06, 0x14, 0x16, 0x32, 0x3f, 0x01, 0x36, 0x34, 0x2f, 0x01, 0x26, 0x22,
    0x73, 0x03, 0x03, 0x4e, 0x4e, 0x03, 0x06, 0x08, 0x02, 0x55, 0x03, 0x03, 0x55, 0x02, 0x08, 0xf1,
    0x03, 0x07, 0x03, 0x4e, 0x4e, 0x02, 0x08, 0x06, 0x03, 0x54, 0x03, 0x08, 0x03, 0x54, 0x03, 0x00,
    0x00, 0x01, 0x00, 0x00, 0x00, 0x00, 0x00, 0xf4, 0x00, 0xd8, 0x00, 0x11, 0x00, 0x00, 0x37, 0x16,
    0x32, 0x3f, 0x01, 0x17, 0x16, 0x32, 0x36, 0x34, 0x2f, 0x01, 0x26, 0x22, 0x0f, 0x01, 0x06, 0x14,
    0x3b, 0x03, 0x08, 0x02, 0x4e, 0x4e, 0x02, 0x08, 0x06, 0x03, 0x54, 0x03, 0x08, 0x03, 0x54, 0x03,
    0x73, 0x03, 0x03, 0x4e, 0x4e, 0x03, 0x06, 0x08, 0x02, 0x55, 0x03, 0x03, 0x55, 0x02, 0x08, 0x00,
    0x00, 0x04, 0x00, 0x00, 0x00, 0x00, 0x01, 0x1a, 0x01, 0x1a, 0x00, 0x67, 0x00, 0x77, 0x00, 0x80,
    0x00, 0x89, 0x00, 0x00, 0x25, 0x32, 0x36, 0x34, 0x26, 0x2b, 0x01, 0x35, 0x33, 0x32, 0x36, 0x34,
    0x26, 0x2b, 0x01, 0x34, 0x26, 0x23, 0x35, 0x34, 0x26, 0x22, 0x06, 0x1d, 0x01, 0x23, 0x35, 0x34,
    0x26, 0x22, 0x06, 0x1d, 0x01, 0x23, 0x35, 0x2e, 0x01, 0x22, 0x06, 0x1d, 0x01, 0x22, 0x06, 0x15,
    0x23, 0x22, 0x06, 0x14, 0x16, 0x3b, 0x01, 0x15, 0x23, 0x22, 0x06, 0x14, 0x16, 0x3b, 0x01, 0x15,
    0x23, 0x22, 0x06, 0x14, 0x16, 0x3b, 0x01, 0x14, 0x16, 0x33, 0x15, 0x14, 0x16, 0x32, 0x36, 0x3d,
    0x01, 0x33, 0x15, 0x14, 0x16, 0x32, 0x36, 0x3d, 0x01, 0x33, 0x15, 0x06, 0x16, 0x32, 0x36, 0x3d,
    0x01, 0x32, 0x36, 0x35, 0x33, 0x32, 0x36, 0x34, 0x26, 0x2b, 0x01, 0x35, 0x07, 0x14, 0x06, 0x2b,
    0x01, 0x22, 0x26, 0x3d, 0x01, 0x34, 0x36, 0x3b, 0x01, 0x32, 0x16, 0x15, 0x07, 0x22, 0x26, 0x34,
    0x36, 0x32, 0x16, 0x14, 0x06, 0x27, 0x22, 0x06, 0x14, 0x16, 0x32, 0x36, 0x34, 0x26, 0x01, 0x10,
    0x04, 0x05, 0x05, 0x04, 0x1c, 0x1c, 0x04, 0x05, 0x05, 0x04, 0x1c, 0x16, 0x10, 0x05, 0x08, 0x05,
    0x1d, 0x05, 0x08, 0x05, 0x1c, 0x01, 0x05, 0x08, 0x05, 0x10, 0x16, 0x1c, 0x04, 0x05, 0x05, 0x04,
    0x1c, 0x1c, 0x04, 0x05, 0x05, 0x04, 0x1c, 0x1c, 0x04, 0x05, 0x05, 0x04, 0x1c, 0x16, 0x10, 0x05,
    0x08, 0x05, 0x1d, 0x05, 0x08, 0x05, 0x1d, 0x01, 0x06, 0x08, 0x05, 0x10, 0x16, 0x1c, 0x04, 0x05,
    0x05, 0x04, 0x1c, 0x13, 0x0b, 0x08, 0x70, 0x08, 0x0b, 0x0b, 0x08, 0x70, 0x08, 0x0b, 0x4b, 0x13,
    0x1c, 0x1c, 0x26, 0x1c, 0x1c, 0x13, 0x0c, 0x10, 0x10, 0x18, 0x10, 0x10, 0x8d, 0x05, 0x08, 0x05,
    0x1d, 0x05, 0x08, 0x05, 0x10, 0x16, 0x1c, 0x04, 0x05, 0x05, 0x04, 0x1c, 0x1c, 0x04, 0x05, 0x05,
    0x04, 0x1c, 0x1c, 0x04, 0x05, 0x05, 0x04, 0x1c, 0x16, 0x10, 0x05, 0x08, 0x05, 0x1d, 0x05, 0x08,
    0x05, 0x1c, 0x06, 0x08, 0x05, 0x10, 0x16, 0x1c, 0x04, 0x05, 0x05, 0x04, 0x1c, 0x1c, 0x04, 0x05,
    0x05, 0x04, 0x1c, 0x1c, 0x04, 0x05, 0x05, 0x04, 0x1c, 0x16, 0x10, 0x05, 0x08, 0x05, 0x1d, 0x2f,
    0x08, 0x0b, 0x0b, 0x08, 0x70, 0x08, 0x0b, 0x0b, 0x08, 0x67, 0x1c, 0x26, 0x1c, 0x1c, 0x26, 0x1c,
    0x4b, 0x10, 0x18, 0x10, 0x10, 0x18, 0x10, 0x00, 0x00, 0x01, 0x00, 0x00, 0x00, 0x00, 0x00, 0xfe,
    0x00, 0xfe, 0x00, 0x21, 0x00, 0x00, 0x3f, 0x01, 0x36, 0x32, 0x1f, 0x01, 0x37, 0x36, 0x32, 0x16,
    0x14, 0x0f, 0x01, 0x17, 0x16, 0x14, 0x0f, 0x01, 0x06, 0x22, 0x2f, 0x01, 0x07, 0x06, 0x22, 0x26,
    0x34, 0x3f, 0x01, 0x27, 0x26, 0x34, 0x3f, 0x01, 0x31, 0x01, 0x02, 0x07, 0x03, 0x58, 0x57, 0x03,
    0x08, 0x05, 0x03, 0x57, 0x57, 0x03, 0x02, 0x01, 0x02, 0x07, 0x03, 0x58, 0x57, 0x03, 0x08, 0x05,
    0x03, 0x57, 0x57, 0x03, 0x02, 0x01, 0xf9, 0x01, 0x03, 0x02, 0x58, 0x57, 0x03, 0x05, 0x08, 0x03,
    0x57, 0x57, 0x03, 0x06, 0x03, 0x01, 0x03, 0x02, 0x58, 0x57, 0x03, 0x05, 0x08, 0x03, 0x57, 0x57,
    0x03, 0x06, 0x03, 0x01, 0x00, 0x02, 0x00, 0x00, 0x00, 0x00, 0x01, 0x07, 0x01, 0x07, 0x00, 0x0f,
    0x00, 0x1f, 0x00, 0x00, 0x37, 0x34, 0x36, 0x17, 0x33, 0x36, 0x16, 0x07, 0x15, 0x16, 0x06, 0x27,
    0x23, 0x22, 0x26, 0x35, 0x37, 0x22, 0x06, 0x1d, 0x01, 0x14, 0x16, 0x3b, 0x01, 0x32, 0x36, 0x3d,
    0x01, 0x34, 0x26, 0x23, 0x26, 0x1b, 0x13, 0x84, 0x13, 0x1c, 0x01, 0x01, 0x1c, 0x13, 0x84, 0x13,
    0x1b, 0x2e, 0x0b, 0x11, 0x11, 0x0b, 0x84, 0x0b, 0x11, 0x11, 0x0b, 0xd8, 0x13, 0x1c, 0x01, 0x01,
    0x1c, 0x13, 0x84, 0x13, 0x1c, 0x01, 0x1b, 0x13, 0xa0, 0x11, 0x0b, 0x84, 0x0b, 0x11, 0x11, 0x0b,
    0x84, 0x0b, 0x11, 0x00, 0x00, 0x01, 0x00, 0x00, 0x00, 0x00, 0x00, 0xf4, 0x00, 0xa9, 0x00, 0x0c,
    0x00, 0x00, 0x37, 0x34, 0x36, 0x3b, 0x01, 0x32, 0x16, 0x14, 0x06, 0x2b, 0x01, 0x22, 0x26, 0x38,
    0x06, 0x04, 0xa8, 0x04, 0x06, 0x06, 0x04, 0xa8, 0x04, 0x06, 0x9f, 0x04, 0x06, 0x06, 0x08, 0x05,
    0x05, 0x00, 0x00, 0x00, 0x00, 0x03, 0x00, 0x00, 0x00, 0x00, 0x00, 0xf4, 0x00, 0xf4, 0x00, 0x0f,
    0x00, 0x1f, 0x00, 0x2f, 0x00, 0x00, 0x37, 0x3e, 0x01, 0x3b, 0x01, 0x32, 0x16, 0x1d, 0x01, 0x14,
    0x06, 0x07, 0x35, 0x34, 0x26, 0x23, 0x07, 0x33, 0x32, 0x16, 0x1d, 0x01, 0x14, 0x06, 0x2b, 0x01,
    0x22, 0x26, 0x3d, 0x01, 0x34, 0x36, 0x17, 0x22, 0x06, 0x1d, 0x01, 0x14, 0x16, 0x3b, 0x01, 0x32,
    0x36, 0x3d, 0x01, 0x34, 0x26, 0x23, 0x5f, 0x03, 0x0f, 0x09, 0x41, 0x18, 0x21, 0x0b, 0x08, 0x16,
    0x10, 0x67, 0x5e, 0x0c, 0x10, 0x10, 0x0c, 0x5e, 0x0b, 0x11, 0x11, 0x0b, 0x04, 0x05, 0x05, 0x04,
    0x5e, 0x04, 0x06, 0x06, 0x04, 0xe1, 0x08, 0x0b, 0x21, 0x17, 0x42, 0x09, 0x0f, 0x03, 0x5d, 0x0f,
    0x16, 0x13, 0x10, 0x0c, 0x5e, 0x0b, 0x11, 0x11, 0x0b, 0x5e, 0x0c, 0x10, 0x12, 0x06, 0x04, 0x5e,
    0x04, 0x05, 0x05, 0x04, 0x5e, 0x04, 0x06, 0x00, 0x00, 0x01, 0x00, 0x00, 0x00, 0x00, 0x00, 0xe2,
    0x00, 0xe1, 0x00, 0x18, 0x00, 0x00, 0x37, 0x32, 0x1e, 0x04, 0x14, 0x0e, 0x04, 0x22, 0x2e, 0x04,
    0x34, 0x3e, 0x04, 0x96, 0x0a, 0x14, 0x10, 0x0e, 0x0a, 0x05, 0x05, 0x0a, 0x0e, 0x10, 0x14, 0x14,
    0x14, 0x10, 0x0e, 0x0a, 0x05, 0x05, 0x0a, 0x0e, 0x10, 0x14, 0xe1, 0x05, 0x0a, 0x0e, 0x10, 0x14,
    0x14, 0x14, 0x10, 0x0e, 0x0a, 0x05, 0x05, 0x0a, 0x0e, 0x10, 0x14, 0x14, 0x14, 0x10, 0x0e, 0x0a,
    0x05, 0x00, 0x00, 0x00, 0x00, 0x01, 0x00, 0x00, 0x00, 0x00, 0x01, 0x1a, 0x01, 0x1a, 0x00, 0x18,
    0x00, 0x00, 0x13, 0x32, 0x1e, 0x04, 0x14, 0x0e, 0x04, 0x22, 0x2e, 0x04, 0x34, 0x3e, 0x04, 0x96,
    0x12, 0x22, 0x1d, 0x18, 0x11, 0x09, 0x09, 0x11, 0x18, 0x1d, 0x22, 0x24, 0x22, 0x1d, 0x18, 0x11,
    0x09, 0x09, 0x11, 0x18, 0x1d, 0x22, 0x01, 0x19, 0x09, 0x11, 0x18, 0x1d, 0x22, 0x24, 0x22, 0x1d,
    0x18, 0x11, 0x09, 0x09, 0x11, 0x18, 0x1d, 0x22, 0x24, 0x22, 0x1d, 0x18, 0x11, 0x09, 0x00, 0x00,
    0x00, 0x02, 0x00, 0x00, 0x00, 0x00, 0x01, 0x1a, 0x01, 0x1a, 0x00, 0x2d, 0x00, 0x46, 0x00, 0x00,
    0x13, 0x31, 0x2e, 0x01, 0x07, 0x39, 0x01, 0x0e, 0x02, 0x07, 0x31, 0x0e, 0x01, 0x14, 0x1e, 0x04,
    0x32, 0x36, 0x37, 0x31, 0x3e, 0x02, 0x37, 0x39, 0x01, 0x36, 0x34, 0x27, 0x31, 0x26, 0x27, 0x31,
    0x26, 0x27, 0x23, 0x31, 0x26, 0x27, 0x31, 0x26, 0x27, 0x17, 0x0e, 0x03, 0x22, 0x2e, 0x04, 0x34,
    0x3e, 0x04, 0x32, 0x1e, 0x04, 0x14, 0x06, 0xb4, 0x0f, 0x1e, 0x0f, 0x0e, 0x19, 0x15, 0x07, 0x07,
    0x08, 0x08, 0x0e, 0x15, 0x19, 0x1d, 0x1f, 0x1c, 0x0d, 0x0c, 0x15, 0x0e, 0x04, 0x05, 0x05, 0x04,
    0x07, 0x07, 0x0a, 0x01, 0x0a, 0x0c, 0x0d, 0x0e, 0x53, 0x08, 0x18, 0x1d, 0x22, 0x24, 0x22, 0x1d,
    0x18, 0x11, 0x09, 0x09, 0x11, 0x18, 0x1d, 0x22, 0x24, 0x22, 0x1d, 0x18, 0x11, 0x09, 0x09, 0x01,
    0x02, 0x04, 0x01, 0x05, 0x04, 0x0e, 0x15, 0x0c, 0x0d, 0x1c, 0x20, 0x1c, 0x19, 0x15, 0x0e, 0x08,
    0x07, 0x08, 0x07, 0x15, 0x19, 0x0e, 0x0f, 0x1e, 0x0f, 0x0e, 0x0d, 0x0c, 0x0a, 0x0b, 0x07, 0x07,
    0x04, 0xae, 0x0f, 0x18, 0x11, 0x09, 0x09, 0x11, 0x18, 0x1d, 0x22, 0x24, 0x22, 0x1d, 0x18, 0x11,
    0x09, 0x09, 0x11, 0x18, 0x1d, 0x22, 0x24, 0x22, 0x00, 0x03, 0x00, 0x00, 0x00, 0x00, 0x01, 0x1e,
    0x01, 0x1e, 0x00, 0x07, 0x00, 0x0f, 0x00, 0x1c, 0x00, 0x00, 0x37, 0x2e, 0x01, 0x0e, 0x02, 0x16,
    0x17, 0x37, 0x07, 0x1e, 0x01, 0x3e, 0x02, 0x26, 0x27, 0x3e, 0x01, 0x1e, 0x02, 0x0e, 0x02, 0x2e,
    0x02, 0x36, 0xdf, 0x16, 0x38, 0x36, 0x29, 0x10, 0x0c, 0x12, 0xac, 0x9f, 0x16, 0x38, 0x36, 0x29,
    0x10, 0x0c, 0xc5, 0x19, 0x44, 0x44, 0x32, 0x12, 0x12, 0x32, 0x44, 0x44, 0x32, 0x12, 0x12, 0xec,
    0x12, 0x0c, 0x10, 0x29, 0x36, 0x38, 0x16, 0x92, 0x9f, 0x12, 0x0c, 0x10, 0x29, 0x36, 0x38, 0x2a,
    0x19, 0x12, 0x12, 0x32, 0x44, 0x44, 0x32, 0x12, 0x12, 0x32, 0x44, 0x44, 0x00, 0x01, 0x00, 0x00,
    0x00, 0x00, 0x00, 0xbc, 0x00, 0xbc, 0x00, 0x0b, 0x00, 0x00, 0x37, 0x14, 0x0e, 0x01, 0x2e, 0x02,
    0x3e, 0x01, 0x33, 0x32, 0x16, 0xbb, 0x0c, 0x15, 0x16, 0x11, 0x04, 0x09, 0x13, 0x0b, 0x10, 0x15,
    0x96, 0x0b, 0x13, 0x09, 0x04, 0x11, 0x16, 0x15, 0x0d, 0x16, 0x00, 0x00, 0x00, 0x02, 0x00, 0x00,
    0x00, 0x00, 0x00, 0xbc, 0x00, 0xbc, 0x00, 0x0a, 0x00, 0x17, 0x00, 0x00, 0x37, 0x0e, 0x01, 0x2e,
    0x02, 0x3e, 0x01, 0x32, 0x16, 0x14, 0x17, 0x36, 0x35, 0x34, 0x26, 0x23, 0x22, 0x0e, 0x01, 0x1e,
    0x02, 0x36, 0xa6, 0x04, 0x0a, 0x0b, 0x08, 0x02, 0x04, 0x09, 0x0e, 0x0b, 0x0c, 0x06, 0x15, 0x10,
    0x0b, 0x13, 0x09, 0x04, 0x11, 0x16, 0x15, 0x8c, 0x05, 0x04, 0x02, 0x08, 0x0b, 0x0a, 0x07, 0x0b,
    0x0e, 0x0f, 0x0a, 0x0b, 0x10, 0x16, 0x0d, 0x15, 0x16, 0x11, 0x04, 0x09, 0x00, 0x02, 0x00, 0x00,
    0x00, 0x00, 0x00, 0xe1, 0x00, 0xe1, 0x00, 0x0c, 0x00, 0x15, 0x00, 0x00, 0x37, 0x32, 0x3e, 0x01,
    0x34, 0x2e, 0x01, 0x22, 0x0e, 0x01, 0x14, 0x1e, 0x01, 0x37, 0x14, 0x06, 0x22, 0x26, 0x34, 0x36,
    0x32, 0x16, 0x96, 0x14, 0x23, 0x14, 0x14, 0x23, 0x28, 0x23, 0x14, 0x14, 0x23, 0x45, 0x1d, 0x28,
    0x1d, 0x1d, 0x28, 0x1d, 0x4b, 0x14, 0x23, 0x28, 0x23, 0x14, 0x14, 0x23, 0x28, 0x23, 0x14, 0x4b,
    0x14, 0x1d, 0x1d, 0x28, 0x1d, 0x1d, 0x00, 0x00, 0x00, 0x05, 0x00, 0x00, 0x00, 0x00, 0x01, 0x1a,
    0x01, 0x1a, 0x00, 0x0f, 0x00, 0x18, 0x00, 0x5a, 0x00, 0x63, 0x00, 0x6c, 0x00, 0x00, 0x13, 0x23,
    0x22, 0x06, 0x1d, 0x01, 0x14, 0x16, 0x3b, 0x01, 0x32, 0x36, 0x3d, 0x01, 0x34, 0x26, 0x07, 0x14,
    0x06, 0x22, 0x26, 0x34, 0x36, 0x32, 0x16, 0x17, 0x23, 0x35, 0x34, 0x36, 0x3b, 0x01, 0x1e, 0x01,
    0x33, 0x32, 0x36, 0x34, 0x26, 0x23, 0x22, 0x06, 0x07, 0x23, 0x22, 0x06, 0x1d, 0x01, 0x23, 0x22,
    0x26, 0x3d, 0x01, 0x34, 0x36, 0x3b, 0x01, 0x15, 0x0e, 0x01, 0x15, 0x14, 0x16, 0x32, 0x36, 0x35,
    0x34, 0x26, 0x27, 0x35, 0x33, 0x32, 0x16, 0x1d, 0x01, 0x23, 0x2e, 0x01, 0x23, 0x22, 0x06, 0x14,
    0x16, 0x33, 0x32, 0x36, 0x37, 0x33, 0x15, 0x14, 0x06, 0x27, 0x34, 0x36, 0x32, 0x16, 0x14, 0x06,
    0x22, 0x26, 0x35, 0x14, 0x06, 0x22, 0x26, 0x34, 0x36, 0x32, 0x16, 0xea, 0xa8, 0x14, 0x1b, 0x1b,
    0x14, 0xa8, 0x14, 0x1b, 0x1b, 0x8d, 0x06, 0x08, 0x05, 0x05, 0x08, 0x06, 0x79, 0x79, 0x05, 0x04,
    0x30, 0x03, 0x0f, 0x09, 0x0c, 0x10, 0x10, 0x0c, 0x09, 0x0f, 0x03, 0x30, 0x0c, 0x10, 0x1c, 0x0c,
    0x10, 0x10, 0x0c, 0x1c, 0x09, 0x0a, 0x10, 0x18, 0x10, 0x0a, 0x08, 0x79, 0x0c, 0x11, 0x3a, 0x03,
    0x0f, 0x09, 0x0c, 0x10, 0x10, 0x0c, 0x09, 0x0f, 0x03, 0x3a, 0x11, 0x3a, 0x05, 0x08, 0x05, 0x05,
    0x08, 0x05, 0x06, 0x08, 0x05, 0x05, 0x08, 0x06, 0x01, 0x19, 0x1b, 0x14, 0xa8, 0x14, 0x1b, 0x1b,
    0x14, 0xa8, 0x14, 0x1b, 0x67, 0x04, 0x05, 0x05, 0x08, 0x06, 0x06, 0x90, 0x2e, 0x04, 0x06, 0x09,
    0x0a, 0x10, 0x18, 0x10, 0x0a, 0x08, 0x11, 0x0c, 0x2e, 0x10, 0x0c, 0xa8, 0x0c, 0x11, 0x3a, 0x03,
    0x0f, 0x09, 0x0c, 0x10, 0x10, 0x0c, 0x09, 0x0f, 0x03, 0x3a, 0x11, 0x0c, 0x2e, 0x08, 0x0a, 0x10,
    0x18, 0x10, 0x0a, 0x09, 0x67, 0x0c, 0x10, 0x41, 0x04, 0x06, 0x06, 0x08, 0x05, 0x05, 0x4f, 0x04,
    0x05, 0x05, 0x08, 0x06, 0x06, 0x00, 0x00, 0x00, 0x00, 0x01, 0x00, 0x00, 0x00, 0x00, 0x01, 0x2c,
    0x01, 0x2c, 0x00, 0x7a, 0x00, 0x00, 0x3f, 0x04, 0x35, 0x23, 0x0f, 0x02, 0x27, 0x3f, 0x03, 0x27,
    0x31, 0x0f, 0x01, 0x27, 0x3f, 0x04, 0x2f, 0x04, 0x3f, 0x01, 0x1f, 0x01, 0x33, 0x35, 0x2f, 0x04,
    0x37, 0x1f, 0x02, 0x37, 0x35, 0x2f, 0x02, 0x26, 0x35, 0x3f, 0x01, 0x1f, 0x04, 0x33, 0x3f, 0x04,
    0x1f, 0x01, 0x0f, 0x01, 0x33, 0x3f, 0x04, 0x33, 0x17, 0x0f, 0x02, 0x17, 0x33, 0x3f, 0x01, 0x1f,
    0x01, 0x0f, 0x03, 0x1f, 0x01, 0x33, 0x1f, 0x02, 0x0f, 0x01, 0x27, 0x23, 0x15, 0x1f, 0x02, 0x07,
    0x23, 0x2f, 0x01, 0x23, 0x15, 0x1f, 0x01, 0x0f, 0x01, 0x2f, 0x03, 0x0f, 0x03, 0x27, 0x83, 0x04,
    0x08, 0x04, 0x02, 0x02, 0x2d, 0x16, 0x05, 0x09, 0x01, 0x05, 0x30, 0x0c, 0x01, 0x4f, 0x0e, 0x07,
    0x01, 0x03, 0x18, 0x3b, 0x01, 0x01, 0x2f, 0x39, 0x07, 0x07, 0x01, 0x06, 0x4c, 0x1f, 0x05, 0x02,
    0x3e, 0x1a, 0x04, 0x02, 0x08, 0x0b, 0x03, 0x47, 0x02, 0x25, 0x08, 0x02, 0x02, 0x0a, 0x05, 0x0c,
    0x05, 0x15, 0x19, 0x04, 0x02, 0x02, 0x03, 0x03, 0x05, 0x0a, 0x07, 0x06, 0x04, 0x0c, 0x03, 0x03,
    0x0c, 0x15, 0x13, 0x07, 0x0d, 0x09, 0x04, 0x28, 0x0a, 0x01, 0x02, 0x24, 0x2a, 0x0b, 0x01, 0x04,
    0x19, 0x1c, 0x2c, 0x01, 0x1b, 0x15, 0x25, 0x0a, 0x06, 0x01, 0x0f, 0x55, 0x02, 0x0e, 0x38, 0x02,
    0x04, 0x05, 0x1b, 0x23, 0x01, 0x22, 0x02, 0x02, 0x08, 0x08, 0x12, 0x11, 0x0f, 0x01, 0x09, 0x04,
    0x09, 0x07, 0x0f, 0x13, 0x2b, 0x18, 0x07, 0x01, 0x3e, 0x17, 0x02, 0x05, 0x08, 0x07, 0x3e, 0x0e,
    0x01, 0x33, 0x02, 0x06, 0x09, 0x03, 0x11, 0x21, 0x03, 0x01, 0x02, 0x02, 0x02, 0x09, 0x04, 0x04,
    0x05, 0x03, 0x02, 0x02, 0x29, 0x13, 0x05, 0x0d, 0x09, 0x01, 0x01, 0x35, 0x01, 0x01, 0x41, 0x0d,
    0x08, 0x04, 0x05, 0x0c, 0x02, 0x02, 0x04, 0x2e, 0x31, 0x0e, 0x18, 0x1a, 0x2b, 0x0c, 0x06, 0x04,
    0x08, 0x1d, 0x3d, 0x03, 0x11, 0x19, 0x16, 0x05, 0x0e, 0x0e, 0x35, 0x11, 0x01, 0x08, 0x07, 0x05,
    0x04, 0x0b, 0x06, 0x05, 0x0b, 0x01, 0x02, 0x03, 0x06, 0x08, 0x07, 0x07, 0x14, 0x01, 0x0e, 0x33,
    0x07, 0x06, 0x15, 0x1e, 0x03, 0x34, 0x0d, 0x04, 0x03, 0x01, 0x18, 0x1c, 0x18, 0x01, 0x5b, 0x04,
    0x04, 0x06, 0x00, 0x00, 0x00, 0x05, 0xff, 0xff, 0x00, 0x00, 0x01, 0x07, 0x01, 0x1a, 0x00, 0x0b,
    0x00, 0x17, 0x00, 0x23, 0x00, 0x40, 0x00, 0x4c, 0x00, 0x00, 0x37, 0x32, 0x16, 0x14, 0x06, 0x2b,
    0x01, 0x22, 0x26, 0x34, 0x36, 0x33, 0x37, 0x32, 0x16, 0x14, 0x06, 0x2b, 0x01, 0x22, 0x26, 0x34,
    0x36, 0x33, 0x37, 0x32, 0x16, 0x14, 0x06, 0x2b, 0x01, 0x22, 0x26, 0x34, 0x36, 0x33, 0x27, 0x32,
    0x16, 0x14, 0x0f, 0x01, 0x17, 0x16, 0x14, 0x06, 0x22, 0x2f, 0x01, 0x07, 0x06, 0x22, 0x26, 0x34,
    0x3f, 0x01, 0x27, 0x26, 0x34, 0x36, 0x32, 0x1f, 0x01, 0x37, 0x36, 0x17, 0x32, 0x16, 0x14, 0x06,
    0x2b, 0x01, 0x22, 0x26, 0x34, 0x36, 0x33, 0xfd, 0x04, 0x06, 0x06, 0x04, 0xce, 0x04, 0x05, 0x05,
    0x04, 0xce, 0x04, 0x06, 0x06, 0x04, 0xce, 0x04, 0x05, 0x05, 0x04, 0xce, 0x04, 0x06, 0x06, 0x04,
    0x70, 0x04, 0x06, 0x06, 0x04, 0x26, 0x04, 0x06, 0x03, 0x28, 0x28, 0x03, 0x06, 0x08, 0x03, 0x28,
    0x28, 0x03, 0x08, 0x05, 0x03, 0x28, 0x28, 0x03, 0x05, 0x08, 0x03, 0x28, 0x28, 0x03, 0x9a, 0x04,
    0x06, 0x06, 0x04, 0x70, 0x04, 0x06, 0x06, 0x04, 0x4b, 0x06, 0x07, 0x06, 0x06, 0x07, 0x06, 0x38,
    0x05, 0x08, 0x06, 0x06, 0x08, 0x05, 0x38, 0x05, 0x08, 0x05, 0x05, 0x08, 0x05, 0x5e, 0x05, 0x08,
    0x03, 0x28, 0x28, 0x03, 0x08, 0x05, 0x02, 0x29, 0x29, 0x02, 0x05, 0x08, 0x03, 0x28, 0x28, 0x03,
    0x08, 0x05, 0x02, 0x29, 0x29, 0x02, 0x25, 0x06, 0x08, 0x05, 0x05, 0x08, 0x06, 0x00, 0x00, 0x00,
    0x00, 0x04, 0x00, 0x00, 0xff, 0xff, 0x01, 0x2d, 0x01, 0x1a, 0x00, 0x30, 0x00, 0x3c, 0x00, 0x5a,
    0x00, 0x78, 0x00, 0x00, 0x13, 0x3e, 0x01, 0x3b, 0x01, 0x32, 0x16, 0x17, 0x33, 0x32, 0x16, 0x1d,
    0x01, 0x07, 0x06, 0x07, 0x27, 0x35, 0x34, 0x26, 0x2b, 0x01, 0x0e, 0x01, 0x2b, 0x01, 0x22, 0x26,
    0x27, 0x23, 0x22, 0x06, 0x1d, 0x01, 0x14, 0x16, 0x3b, 0x01, 0x15, 0x14, 0x17, 0x23, 0x22, 0x26,
    0x3d, 0x01, 0x34, 0x36, 0x3b, 0x01, 0x22, 0x06, 0x1e, 0x01, 0x3b, 0x01, 0x32, 0x36, 0x2e, 0x01,
    0x23, 0x17, 0x36, 0x34, 0x26, 0x2f, 0x01, 0x2e, 0x01, 0x22, 0x0f, 0x01, 0x0e, 0x01, 0x14, 0x1e,
    0x01, 0x36, 0x3f, 0x01, 0x15, 0x14, 0x16, 0x32, 0x36, 0x3d, 0x01, 0x17, 0x1e, 0x01, 0x36, 0x07,
    0x06, 0x14, 0x16, 0x1f, 0x01, 0x1e, 0x01, 0x32, 0x3f, 0x01, 0x3e, 0x01, 0x34, 0x2e, 0x01, 0x06,
    0x0f, 0x01, 0x35, 0x34, 0x26, 0x22, 0x06, 0x1d, 0x01, 0x27, 0x2e, 0x01, 0x06, 0x5f, 0x03, 0x0f,
    0x09, 0x38, 0x09, 0x0f, 0x03, 0x0b, 0x0b, 0x11, 0x05, 0x08, 0x04, 0x02, 0x05, 0x04, 0x0b, 0x03,
    0x0f, 0x09, 0x38, 0x09, 0x0f, 0x03, 0x0b, 0x04, 0x05, 0x05, 0x04, 0x42, 0x02, 0x44, 0x0b, 0x11,
    0x11, 0x0b, 0x26, 0x04, 0x06, 0x01, 0x05, 0x04, 0x38, 0x04, 0x06, 0x01, 0x05, 0x04, 0x2d, 0x02,
    0x01, 0x02, 0x25, 0x02, 0x03, 0x06, 0x02, 0x26, 0x01, 0x02, 0x03, 0x06, 0x05, 0x02, 0x16, 0x05,
    0x08, 0x06, 0x15, 0x02, 0x06, 0x05, 0x0e, 0x02, 0x02, 0x01, 0x25, 0x02, 0x03, 0x06, 0x03, 0x25,
    0x02, 0x01, 0x03, 0x05, 0x06, 0x02, 0x15, 0x06, 0x08, 0x05, 0x16, 0x02, 0x05, 0x06, 0x01, 0x06,
    0x09, 0x0a, 0x0a, 0x09, 0x10, 0x0c, 0x56, 0x02, 0x05, 0x09, 0x02, 0x64, 0x04, 0x06, 0x09, 0x0a,
    0x0a, 0x09, 0x06, 0x04, 0xbb, 0x04, 0x06, 0x09, 0x05, 0x04, 0x10, 0x0c, 0xbb, 0x0c, 0x10, 0x05,
    0x08, 0x05, 0x05, 0x08, 0x05, 0xa4, 0x02, 0x05, 0x03, 0x02, 0x25, 0x02, 0x01, 0x03, 0x25, 0x02,
    0x03, 0x05, 0x04, 0x03, 0x01, 0x02, 0x16, 0x5a, 0x04, 0x05, 0x05, 0x04, 0x5a, 0x16, 0x02, 0x01,
    0x03, 0x2c, 0x02, 0x05, 0x03, 0x02, 0x25, 0x02, 0x01, 0x03, 0x25, 0x02, 0x03, 0x05, 0x04, 0x03,
    0x01, 0x02, 0x16, 0x5a, 0x04, 0x05, 0x05, 0x04, 0x5a, 0x16, 0x02, 0x01, 0x03, 0x00, 0x00, 0x00,
    0x00, 0x03, 0x00, 0x00, 0x00, 0x00, 0x01, 0x1a, 0x01, 0x1a, 0x00, 0x0c, 0x00, 0x19, 0x00, 0x2a,
    0x00, 0x00, 0x37, 0x26, 0x3e, 0x01, 0x32, 0x1e, 0x01, 0x14, 0x0e, 0x02, 0x2e, 0x01, 0x37, 0x22,
    0x0e, 0x01, 0x14, 0x1e, 0x01, 0x32, 0x3e, 0x01, 0x34, 0x2e, 0x01, 0x07, 0x34, 0x26, 0x22, 0x06,
    0x1d, 0x01, 0x14, 0x16, 0x3b, 0x01, 0x32, 0x36, 0x34, 0x26, 0x2b, 0x01, 0x26, 0x01, 0x1f, 0x33,
    0x3e, 0x33, 0x1f, 0x1f, 0x33, 0x3e, 0x33, 0x1e, 0x70, 0x24, 0x3c, 0x23, 0x23, 0x3c, 0x48, 0x3c,
    0x23, 0x23, 0x3c, 0x24, 0x05, 0x08, 0x06, 0x06, 0x04, 0x38, 0x04, 0x05, 0x05, 0x04, 0x2f, 0x96,
    0x1f, 0x33, 0x1f, 0x1f, 0x33, 0x3e, 0x33, 0x1e, 0x01, 0x1f, 0x33, 0xa2, 0x23, 0x3c, 0x48, 0x3c,
    0x23, 0x23, 0x3c, 0x48, 0x3c, 0x23, 0x41, 0x04, 0x05, 0x05, 0x04, 0x4b, 0x04, 0x06, 0x06, 0x08,
    0x05, 0x00, 0x00, 0x00, 0x00, 0x04, 0x00, 0x00, 0x00, 0x00, 0x01, 0x1a, 0x01, 0x07, 0x00, 0x10,
    0x00, 0x20, 0x00, 0x30, 0x00, 0x4e, 0x00, 0x00, 0x25, 0x15, 0x14, 0x0e, 0x01, 0x2b, 0x01, 0x22,
    0x26, 0x27, 0x33, 0x32, 0x36, 0x3d, 0x01, 0x1e, 0x01, 0x07, 0x23, 0x22, 0x26, 0x27, 0x35, 0x3e,
    0x01, 0x17, 0x33, 0x36, 0x16, 0x1d, 0x01, 0x14, 0x06, 0x27, 0x33, 0x32, 0x36, 0x3d, 0x01, 0x34,
    0x26, 0x2b, 0x01, 0x22, 0x06, 0x1d, 0x01, 0x14, 0x16, 0x37, 0x26, 0x22, 0x0f, 0x01, 0x27, 0x26,
    0x22, 0x06, 0x14, 0x1f, 0x01, 0x07, 0x06, 0x14, 0x16, 0x32, 0x3f, 0x01, 0x17, 0x16, 0x32, 0x36,
    0x34, 0x2f, 0x01, 0x37, 0x36, 0x34, 0x27, 0x01, 0x19, 0x14, 0x22, 0x15, 0x5d, 0x0b, 0x11, 0x05,
    0x7e, 0x17, 0x22, 0x08, 0x0a, 0x4b, 0x83, 0x10, 0x15, 0x01, 0x01, 0x15, 0x10, 0x83, 0x10, 0x16,
    0x16, 0x93, 0x83, 0x08, 0x0b, 0x0b, 0x08, 0x83, 0x08, 0x0b, 0x0b, 0x76, 0x03, 0x08, 0x02, 0x1f,
    0x1f, 0x03, 0x08, 0x05, 0x03, 0x1e, 0x1e, 0x03, 0x05, 0x08, 0x03, 0x1f, 0x1f, 0x02, 0x08, 0x06,
    0x03, 0x1f, 0x1f, 0x03, 0x03, 0xbc, 0x5e, 0x15, 0x22, 0x14, 0x0a, 0x09, 0x21, 0x17, 0x7e, 0x05,
    0x11, 0x8e, 0x16, 0x10, 0x83, 0x10, 0x16, 0x01, 0x01, 0x16, 0x10, 0x83, 0x10, 0x16, 0x13, 0x0b,
    0x08, 0x83, 0x08, 0x0b, 0x0b, 0x08, 0x83, 0x08, 0x0b, 0x81, 0x02, 0x02, 0x1f, 0x1f, 0x02, 0x05,
    0x08, 0x03, 0x1f, 0x1e, 0x03, 0x08, 0x05, 0x02, 0x1f, 0x1f, 0x02, 0x05, 0x08, 0x03, 0x1e, 0x1f,
    0x03, 0x08, 0x03, 0x00, 0x00, 0x01, 0x00, 0x00, 0x00, 0x00, 0x00, 0xeb, 0x00, 0xeb, 0x00, 0x1b,
    0x00, 0x00, 0x3f, 0x01, 0x36, 0x34, 0x26, 0x22, 0x0f, 0x01, 0x27, 0x26, 0x22, 0x06, 0x14, 0x1f,
    0x01, 0x07, 0x06, 0x14, 0x16, 0x32, 0x3f, 0x01, 0x17, 0x16, 0x32, 0x36, 0x34, 0x27, 0xa3, 0x45,
    0x02, 0x05, 0x08, 0x03, 0x44, 0x44, 0x03, 0x08, 0x05, 0x02, 0x45, 0x45, 0x02, 0x05, 0x08, 0x03,
    0x44, 0x44, 0x03, 0x08, 0x05, 0x02, 0x96, 0x44, 0x03, 0x08, 0x05, 0x02, 0x45, 0x45, 0x02, 0x05,
    0x08, 0x03, 0x44, 0x44, 0x03, 0x08, 0x05, 0x02, 0x45, 0x45, 0x02, 0x05, 0x08, 0x03, 0x00, 0x00,
    0x00, 0x03, 0x00, 0x00, 0x00, 0x00, 0x01, 0x2c, 0x00, 0xf4, 0x00, 0x0c, 0x00, 0x29, 0x00, 0x49,
    0x00, 0x00, 0x37, 0x22, 0x0e, 0x01, 0x14, 0x1e, 0x01, 0x32, 0x3e, 0x01, 0x34, 0x2e, 0x01, 0x17,
    0x07, 0x0e, 0x01, 0x07, 0x31, 0x22, 0x26, 0x2f, 0x01, 0x26, 0x34, 0x36, 0x32, 0x1f, 0x01, 0x35,
    0x34, 0x36, 0x32, 0x16, 0x1d, 0x01, 0x37, 0x36, 0x32, 0x16, 0x14, 0x0f, 0x01, 0x33, 0x15, 0x23,
    0x22, 0x2e, 0x01, 0x35, 0x34, 0x36, 0x37, 0x3e, 0x01, 0x33, 0x32, 0x16, 0x17, 0x23, 0x2e, 0x01,
    0x23, 0x22, 0x06, 0x15, 0x14, 0x06, 0x2b, 0x01, 0x22, 0x06, 0x14, 0x16, 0xd8, 0x17, 0x27, 0x17,
    0x17, 0x27, 0x2e, 0x26, 0x17, 0x17, 0x26, 0x15, 0x26, 0x01, 0x03, 0x02, 0x02, 0x04, 0x01, 0x25,
    0x03, 0x05, 0x08, 0x03, 0x15, 0x06, 0x08, 0x05, 0x15, 0x03, 0x08, 0x05, 0x02, 0xb4, 0x21, 0x21,
    0x11, 0x1c, 0x10, 0x21, 0x18, 0x03, 0x2a, 0x1d, 0x1a, 0x28, 0x06, 0x13, 0x06, 0x1d, 0x12, 0x17,
    0x21, 0x06, 0x04, 0x04, 0x12, 0x18, 0x18, 0xa9, 0x17, 0x27, 0x2e, 0x26, 0x17, 0x17, 0x26, 0x2e,
    0x27, 0x17, 0x5b, 0x26, 0x01, 0x01, 0x01, 0x02, 0x01, 0x26, 0x02, 0x08, 0x06, 0x03, 0x16, 0x3e,
    0x04, 0x06, 0x06, 0x04, 0x3e, 0x16, 0x03, 0x06, 0x08, 0x02, 0x03, 0x13, 0x11, 0x1c, 0x10, 0x18,
    0x23, 0x02, 0x1c, 0x26, 0x20, 0x18, 0x10, 0x15, 0x21, 0x17, 0x04, 0x06, 0x18, 0x23, 0x19, 0x00,
    0x00, 0x02, 0xff, 0xff, 0x00, 0x00, 0x01, 0x2c, 0x01, 0x0e, 0x00, 0x15, 0x00, 0x2f, 0x00, 0x00,
    0x37, 0x23, 0x22, 0x2e, 0x01, 0x35, 0x34, 0x36, 0x37, 0x3e, 0x02, 0x32, 0x1e, 0x01, 0x17, 0x1e,
    0x01, 0x15, 0x14, 0x0e, 0x01, 0x27, 0x22, 0x06, 0x14, 0x16, 0x3b, 0x01, 0x32, 0x36, 0x34, 0x26,
    0x2b, 0x01, 0x22, 0x26, 0x35, 0x34, 0x2e, 0x01, 0x22, 0x0e, 0x01, 0x15, 0x14, 0x06, 0x23, 0xe9,
    0xa5, 0x13, 0x1f, 0x12, 0x23, 0x1a, 0x04, 0x19, 0x26, 0x2c, 0x26, 0x19, 0x04, 0x1a, 0x23, 0x12,
    0x1f, 0xb7, 0x10, 0x16, 0x16, 0x10, 0xa5, 0x0f, 0x16, 0x16, 0x10, 0x07, 0x06, 0x09, 0x10, 0x1c,
    0x20, 0x1c, 0x10, 0x09, 0x06, 0x3c, 0x12, 0x1f, 0x13, 0x1a, 0x26, 0x03, 0x15, 0x22, 0x14, 0x14,
    0x22, 0x15, 0x03, 0x26, 0x1b, 0x12, 0x1f, 0x12, 0x69, 0x16, 0x1f, 0x16, 0x16, 0x1f, 0x16, 0x09,
    0x06, 0x10, 0x1c, 0x10, 0x10, 0x1c, 0x10, 0x06, 0x09, 0x00, 0x00, 0x00, 0x00, 0x03, 0x00, 0x00,
    0x00, 0x00, 0x01, 0x2c, 0x00, 0xf4, 0x00, 0x0c, 0x00, 0x2a, 0x00, 0x4a, 0x00, 0x00, 0x37, 0x22,
    0x0e, 0x01, 0x14, 0x1e, 0x01, 0x32, 0x3e, 0x01, 0x34, 0x2e, 0x01, 0x17, 0x06, 0x22, 0x2f, 0x01,
    0x15, 0x14, 0x06, 0x22, 0x26, 0x3d, 0x01, 0x07, 0x06, 0x22, 0x26, 0x34, 0x3f, 0x01, 0x3e, 0x01,
    0x33, 0x31, 0x32, 0x16, 0x1f, 0x01, 0x16, 0x14, 0x0f, 0x01, 0x33, 0x15, 0x23, 0x22, 0x2e, 0x01,
    0x35, 0x34, 0x36, 0x37, 0x3e, 0x01, 0x33, 0x32, 0x16, 0x17, 0x23, 0x2e, 0x01, 0x23, 0x22, 0x06,
    0x15, 0x14, 0x06, 0x2b, 0x01, 0x22, 0x06, 0x14, 0x16, 0xd8, 0x17, 0x27, 0x17, 0x17, 0x27, 0x2e,
    0x26, 0x17, 0x17, 0x26, 0x15, 0x03, 0x08, 0x02, 0x16, 0x05, 0x08, 0x06, 0x15, 0x03, 0x08, 0x05,
    0x03, 0x25, 0x01, 0x04, 0x02, 0x02, 0x03, 0x01, 0x26, 0x03, 0x03, 0xb4, 0x21, 0x21, 0x11, 0x1c,
    0x10, 0x21, 0x18, 0x03, 0x2a, 0x1d, 0x1a, 0x28, 0x06, 0x13, 0x06, 0x1d, 0x12, 0x17, 0x21, 0x06,
    0x04, 0x04, 0x12, 0x18, 0x18, 0xa9, 0x17, 0x27, 0x2e, 0x26, 0x17, 0x17, 0x26, 0x2e, 0x27, 0x17,
    0x5b, 0x03, 0x03, 0x15, 0x3e, 0x03, 0x06, 0x06, 0x03, 0x3e, 0x15, 0x03, 0x05, 0x08, 0x03, 0x25,
    0x02, 0x01, 0x01, 0x01, 0x26, 0x03, 0x08, 0x02, 0x03, 0x13, 0x11, 0x1c, 0x10, 0x18, 0x23, 0x02,
    0x1c, 0x26, 0x20, 0x18, 0x10, 0x15, 0x21, 0x17, 0x04, 0x06, 0x18, 0x23, 0x19, 0x00, 0x00, 0x00,
    0x00, 0x02, 0x00, 0x00, 0x00, 0x00, 0x01, 0x1a, 0x00, 0xf4, 0x00, 0x18, 0x00, 0x2c, 0x00, 0x00,
    0x37, 0x22, 0x06, 0x15, 0x14, 0x06, 0x2b, 0x01, 0x22, 0x06, 0x1e, 0x01, 0x3b, 0x01, 0x32, 0x36,
    0x34, 0x26, 0x2b, 0x01, 0x22, 0x26, 0x35, 0x34, 0x26, 0x07, 0x3e, 0x01, 0x32, 0x16, 0x17, 0x1e,
    0x01, 0x15, 0x14, 0x0e, 0x01, 0x2b, 0x01, 0x22, 0x2e, 0x01, 0x35, 0x34, 0x36, 0x96, 0x17, 0x21,
    0x06, 0x04, 0x04, 0x12, 0x19, 0x01, 0x18, 0x12, 0x8c, 0x12, 0x19, 0x19, 0x12, 0x04, 0x04, 0x06,
    0x21, 0x61, 0x03, 0x2a, 0x3a, 0x2a, 0x03, 0x18, 0x21, 0x10, 0x1c, 0x11, 0x8c, 0x11, 0x1c, 0x10,
    0x21, 0xe1, 0x21, 0x17, 0x04, 0x06, 0x18, 0x23, 0x19, 0x19, 0x23, 0x18, 0x06, 0x04, 0x17, 0x21,
    0x2f, 0x1c, 0x26, 0x26, 0x1c, 0x02, 0x23, 0x18, 0x10, 0x1c, 0x11, 0x11, 0x1c, 0x10, 0x18, 0x23,
    0x00, 0x08, 0x00, 0x00, 0x00, 0x00, 0x01, 0x1a, 0x01, 0x1a, 0x00, 0x0f, 0x00, 0x19, 0x00, 0x23,
    0x00, 0x2f, 0x00, 0x3b, 0x00, 0x47, 0x00, 0x53, 0x00, 0x5f, 0x00, 0x00, 0x13, 0x23, 0x22, 0x06,
    0x1d, 0x01, 0x14, 0x16, 0x3b, 0x01, 0x32, 0x36, 0x3d, 0x01, 0x34, 0x26, 0x07, 0x35, 0x34, 0x36,
    0x3b, 0x01, 0x15, 0x23, 0x22, 0x26, 0x37, 0x14, 0x06, 0x2b, 0x01, 0x35, 0x33, 0x32, 0x16, 0x15,
    0x07, 0x33, 0x32, 0x36, 0x34, 0x26, 0x2b, 0x01, 0x22, 0x06, 0x14, 0x16, 0x17, 0x23, 0x22, 0x06,
    0x14, 0x16, 0x3b, 0x01, 0x32, 0x36, 0x34, 0x26, 0x07, 0x23, 0x22, 0x06, 0x14, 0x16, 0x3b, 0x01,
    0x32, 0x36, 0x34, 0x26, 0x37, 0x23, 0x22, 0x06, 0x14, 0x16, 0x3b, 0x01, 0x32, 0x36, 0x34, 0x26,
    0x07, 0x23, 0x22, 0x06, 0x14, 0x16, 0x3b, 0x01, 0x3e, 0x01, 0x34, 0x26, 0xea, 0xa8, 0x14, 0x1b,
    0x1b, 0x14, 0xa8, 0x14, 0x1b, 0x1b, 0xd8, 0x10, 0x0c, 0x1c, 0x1c, 0x0c, 0x10, 0xe1, 0x11, 0x0c,
    0x79, 0x79, 0x0c, 0x11, 0x7a, 0x38, 0x04, 0x05, 0x05, 0x04, 0x38, 0x04, 0x06, 0x06, 0x61, 0x38,
    0x04, 0x05, 0x05, 0x04, 0x38, 0x04, 0x06, 0x06, 0x29, 0x38, 0x04, 0x06, 0x06, 0x04, 0x38, 0x04,
    0x05, 0x05, 0x21, 0x38, 0x04, 0x05, 0x05, 0x04, 0x38, 0x04, 0x06, 0x06, 0x04, 0x38, 0x04, 0x05,
    0x05, 0x04, 0x38, 0x04, 0x06, 0x06, 0x01, 0x19, 0x1b, 0x14, 0xa8, 0x14, 0x1b, 0x1b, 0x14, 0xa8,
    0x14, 0x1b, 0xd7, 0xa8, 0x0c, 0x11, 0xe1, 0x10, 0x0c, 0x0c, 0x10, 0xe1, 0x11, 0x0c, 0x09, 0x05,
    0x08, 0x06, 0x06, 0x08, 0x05, 0x13, 0x05, 0x08, 0x05, 0x05, 0x08, 0x05, 0x70, 0x06, 0x08, 0x05,
    0x05, 0x08, 0x06, 0x4b, 0x06, 0x08, 0x05, 0x05, 0x08, 0x06, 0x26, 0x05, 0x08, 0x06, 0x01, 0x05,
    0x08, 0x05, 0x00, 0x00, 0x00, 0x04, 0x00, 0x00, 0x00, 0x00, 0x01, 0x1a, 0x01, 0x07, 0x00, 0x17,
    0x00, 0x2b, 0x00, 0x3d, 0x00, 0x4e, 0x00, 0x00, 0x13, 0x23, 0x22, 0x06, 0x1d, 0x01, 0x14, 0x16,
    0x3b, 0x01, 0x15, 0x14, 0x1e, 0x01, 0x3f, 0x01, 0x33, 0x32, 0x36, 0x3d, 0x01, 0x34, 0x26, 0x23,
    0x17, 0x14, 0x06, 0x2b, 0x01, 0x07, 0x35, 0x23, 0x22, 0x26, 0x3d, 0x01, 0x3e, 0x01, 0x3b, 0x01,
    0x32, 0x16, 0x07, 0x15, 0x27, 0x07, 0x17, 0x16, 0x14, 0x06, 0x22, 0x2f, 0x01, 0x26, 0x34, 0x3f,
    0x01, 0x36, 0x32, 0x16, 0x14, 0x07, 0x17, 0x16, 0x14, 0x0f, 0x01, 0x06, 0x22, 0x26, 0x34, 0x3f,
    0x01, 0x27, 0x26, 0x34, 0x36, 0x32, 0x17, 0xea, 0xa8, 0x14, 0x1b, 0x1b, 0x14, 0x09, 0x0a, 0x0f,
    0x05, 0x3a, 0x47, 0x14, 0x1b, 0x1b, 0x14, 0x1d, 0x11, 0x0c, 0x4e, 0x3e, 0x1c, 0x0c, 0x11, 0x01,
    0x10, 0x0c, 0xa8, 0x0c, 0x11, 0x01, 0x85, 0x29, 0x29, 0x02, 0x05, 0x08, 0x03, 0x2f, 0x02, 0x02,
    0x2f, 0x03, 0x08, 0x05, 0x03, 0x68, 0x02, 0x02, 0x2f, 0x03, 0x08, 0x05, 0x02, 0x29, 0x29, 0x02,
    0x05, 0x08, 0x03, 0x01, 0x06, 0x1b, 0x13, 0x5e, 0x14, 0x1b, 0x24, 0x08, 0x0a, 0x01, 0x05, 0x32,
    0x1b, 0x14, 0x5e, 0x13, 0x1c, 0x8d, 0x0c, 0x10, 0x37, 0x37, 0x10, 0x0c, 0x5e, 0x0b, 0x11, 0x11,
    0x0b, 0x5e, 0x57, 0x28, 0x28, 0x03, 0x08, 0x05, 0x02, 0x2f, 0x03, 0x08, 0x02, 0x2f, 0x03, 0x05,
    0x08, 0x03, 0x22, 0x02, 0x08, 0x03, 0x2f, 0x02, 0x05, 0x08, 0x03, 0x28, 0x28, 0x03, 0x08, 0x05,
    0x03, 0x00, 0x00, 0x00, 0x00, 0x03, 0x00, 0x00, 0x00, 0x00, 0x01, 0x10, 0x00, 0xf5, 0x00, 0x0c,
    0x00, 0x1e, 0x00, 0x30, 0x00, 0x00, 0x37, 0x1e, 0x01, 0x0f, 0x01, 0x0e, 0x01, 0x2e, 0x01, 0x3f,
    0x01, 0x3e, 0x01, 0x07, 0x1e, 0x01, 0x0f, 0x01, 0x17, 0x16, 0x0e, 0x01, 0x26, 0x2f, 0x01, 0x26,
    0x34, 0x3f, 0x01, 0x3e, 0x01, 0x17, 0x36, 0x16, 0x1f, 0x01, 0x16, 0x14, 0x0f, 0x01, 0x0e, 0x01,
    0x2e, 0x01, 0x3f, 0x01, 0x27, 0x26, 0x36, 0xb8, 0x03, 0x03, 0x01, 0x4b, 0x02, 0x07, 0x07, 0x03,
    0x01, 0x4b, 0x02, 0x07, 0x63, 0x03, 0x01, 0x03, 0x20, 0x20, 0x03, 0x01, 0x06, 0x07, 0x03, 0x26,
    0x02, 0x02, 0x26, 0x03, 0x07, 0x8d, 0x03, 0x07, 0x03, 0x26, 0x02, 0x02, 0x26, 0x03, 0x07, 0x06,
    0x01, 0x03, 0x20, 0x20, 0x03, 0x01, 0xf3, 0x02, 0x07, 0x03, 0xa9, 0x04, 0x03, 0x04, 0x07, 0x03,
    0xa9, 0x04, 0x03, 0x2e, 0x02, 0x08, 0x03, 0x24, 0x24, 0x03, 0x08, 0x05, 0x01, 0x03, 0x2a, 0x02,
    0x08, 0x02, 0x2a, 0x03, 0x01, 0x03, 0x03, 0x01, 0x03, 0x2a, 0x02, 0x08, 0x02, 0x2a, 0x03, 0x01,
    0x05, 0x08, 0x03, 0x24, 0x24, 0x03, 0x08, 0x00, 0x00, 0x06, 0x00, 0x00, 0x00, 0x00, 0x01, 0x2c,
    0x01, 0x2c, 0x00, 0x1a, 0x00, 0x35, 0x00, 0x4f, 0x00, 0x66, 0x00, 0x70, 0x00, 0x79, 0x00, 0x00,
    0x13, 0x32, 0x16, 0x15, 0x14, 0x16, 0x1f, 0x01, 0x16, 0x17, 0x16, 0x15, 0x14, 0x06, 0x22, 0x26,
    0x35, 0x34, 0x26, 0x2f, 0x01, 0x26, 0x27, 0x26, 0x35, 0x3e, 0x01, 0x33, 0x32, 0x16, 0x15, 0x14,
    0x16, 0x1f, 0x01, 0x16, 0x17, 0x16, 0x15, 0x14, 0x06, 0x22, 0x26, 0x35, 0x34, 0x26, 0x27, 0x35,
    0x26, 0x27, 0x26, 0x35, 0x34, 0x36, 0x17, 0x34, 0x26, 0x22, 0x06, 0x15, 0x14, 0x17, 0x16, 0x1f,
    0x01, 0x1e, 0x01, 0x15, 0x14, 0x16, 0x32, 0x36, 0x35, 0x34, 0x27, 0x26, 0x27, 0x35, 0x2e, 0x01,
    0x17, 0x33, 0x32, 0x16, 0x14, 0x06, 0x2b, 0x01, 0x0e, 0x01, 0x23, 0x22, 0x2e, 0x01, 0x3d, 0x01,
    0x34, 0x36, 0x3b, 0x01, 0x32, 0x16, 0x15, 0x07, 0x15, 0x14, 0x1e, 0x01, 0x32, 0x3e, 0x01, 0x3d,
    0x01, 0x17, 0x15, 0x07, 0x33, 0x32, 0x36, 0x34, 0x26, 0x23, 0x2f, 0x04, 0x05, 0x07, 0x08, 0x01,
    0x0a, 0x04, 0x08, 0x06, 0x08, 0x05, 0x07, 0x08, 0x01, 0x0a, 0x04, 0x08, 0x01, 0x05, 0x3c, 0x04,
    0x06, 0x06, 0x08, 0x01, 0x0a, 0x04, 0x08, 0x05, 0x08, 0x06, 0x06, 0x09, 0x0a, 0x05, 0x07, 0x05,
    0x46, 0x06, 0x08, 0x05, 0x08, 0x04, 0x0a, 0x01, 0x08, 0x07, 0x05, 0x08, 0x05, 0x07, 0x05, 0x0a,
    0x09, 0x06, 0x4b, 0x09, 0x14, 0x1b, 0x1b, 0x14, 0x0d, 0x09, 0x37, 0x23, 0x1c, 0x30, 0x1b, 0x09,
    0x07, 0xad, 0x07, 0x0a, 0xbc, 0x17, 0x27, 0x2e, 0x26, 0x17, 0x13, 0x01, 0x0a, 0x0c, 0x10, 0x10,
    0x0c, 0x01, 0x2c, 0x05, 0x04, 0x06, 0x09, 0x06, 0x01, 0x07, 0x06, 0x09, 0x0d, 0x04, 0x05, 0x05,
    0x04, 0x06, 0x09, 0x06, 0x01, 0x07, 0x06, 0x09, 0x0d, 0x04, 0x05, 0x05, 0x04, 0x06, 0x09, 0x06,
    0x01, 0x07, 0x06, 0x09, 0x0d, 0x04, 0x05, 0x05, 0x04, 0x06, 0x09, 0x06, 0x01, 0x07, 0x06, 0x09,
    0x0d, 0x04, 0x05, 0x09, 0x04, 0x05, 0x05, 0x04, 0x0d, 0x09, 0x06, 0x07, 0x01, 0x06, 0x09, 0x06,
    0x04, 0x05, 0x05, 0x04, 0x0d, 0x09, 0x06, 0x07, 0x01, 0x06, 0x09, 0x61, 0x1c, 0x27, 0x1b, 0x21,
    0x2a, 0x1b, 0x30, 0x1c, 0x44, 0x06, 0x0a, 0x0a, 0x06, 0x02, 0x42, 0x17, 0x27, 0x16, 0x16, 0x27,
    0x17, 0x42, 0x13, 0x2f, 0x0a, 0x11, 0x17, 0x11, 0x00, 0x04, 0x00, 0x00, 0x00, 0x00, 0x01, 0x1a,
    0x01, 0x07, 0x00, 0x10, 0x00, 0x1c, 0x00, 0x2d, 0x00, 0x3d, 0x00, 0x00, 0x25, 0x1e, 0x01, 0x1d,
    0x01, 0x14, 0x0e, 0x01, 0x2b, 0x01, 0x22, 0x26, 0x27, 0x33, 0x32, 0x36, 0x35, 0x27, 0x32, 0x1e,
    0x01, 0x06, 0x2b, 0x01, 0x22, 0x26, 0x34, 0x36, 0x33, 0x37, 0x32, 0x16, 0x1d, 0x01, 0x14, 0x06,
    0x2b, 0x01, 0x22, 0x26, 0x27, 0x35, 0x3e, 0x01, 0x17, 0x33, 0x07, 0x22, 0x06, 0x1d, 0x01, 0x14,
    0x16, 0x3b, 0x01, 0x32, 0x36, 0x3d, 0x01, 0x34, 0x26, 0x23, 0x01, 0x07, 0x08, 0x0a, 0x14, 0x22,
    0x15, 0x5d, 0x0b, 0x11, 0x05, 0x7e, 0x17, 0x22, 0x55, 0x04, 0x05, 0x01, 0x06, 0x04, 0x4b, 0x04,
    0x05, 0x05, 0x04, 0x67, 0x10, 0x16, 0x16, 0x10, 0x83, 0x10, 0x15, 0x01, 0x01, 0x15, 0x10, 0x83,
    0x83, 0x08, 0x0b, 0x0b, 0x08, 0x83, 0x08, 0x0b, 0x0b, 0x08, 0xdc, 0x05, 0x11, 0x0b, 0x5d, 0x15,
    0x22, 0x14, 0x0a, 0x09, 0x21, 0x17, 0x4b, 0x06, 0x08, 0x05, 0x05, 0x08, 0x06, 0x5e, 0x16, 0x10,
    0x83, 0x10, 0x16, 0x16, 0x10, 0x83, 0x10, 0x16, 0x01, 0x12, 0x0b, 0x08, 0x83, 0x08, 0x0b, 0x0b,
    0x08, 0x83, 0x08, 0x0b, 0x00, 0x04, 0x00, 0x00, 0x00, 0x00, 0x01, 0x0e, 0x01, 0x2c, 0x00, 0x1d,
    0x00, 0x26, 0x00, 0x2a, 0x00, 0x33, 0x00, 0x00, 0x13, 0x23, 0x22, 0x06, 0x15, 0x23, 0x22, 0x06,
    0x1d, 0x01, 0x14, 0x16, 0x3b, 0x01, 0x15, 0x14, 0x16, 0x3b, 0x01, 0x32, 0x36, 0x3d, 0x01, 0x33,
    0x32, 0x36, 0x3d, 0x01, 0x34, 0x26, 0x07, 0x35, 0x33, 0x15, 0x23, 0x22, 0x06, 0x1d, 0x01, 0x17,
    0x23, 0x35, 0x33, 0x17, 0x23, 0x35, 0x34, 0x26, 0x2b, 0x01, 0x35, 0x33, 0xf0, 0x5a, 0x0c, 0x12,
    0x5a, 0x0c, 0x12, 0x12, 0x0c, 0x1e, 0x12, 0x0c, 0x5a, 0x0c, 0x12, 0x1e, 0x0c, 0x12, 0x12, 0xde,
    0x5a, 0x1e, 0x0c, 0x12, 0x78, 0x5a, 0x5a, 0x3c, 0x1e, 0x12, 0x0c, 0x1e, 0x5a, 0x01, 0x2c, 0x12,
    0x0c, 0x12, 0x0c, 0x78, 0x0c, 0x12, 0x1e, 0x0c, 0x12, 0x12, 0x0c, 0x3c, 0x12, 0x0c, 0x78, 0x0c,
    0x12, 0xb4, 0x78, 0x1e, 0x12, 0x0c, 0x3c, 0x3c, 0x78, 0x1e, 0x1e, 0x0c, 0x12, 0x3c, 0x00, 0x00,
    0x00, 0x04, 0x00, 0x00, 0x00, 0x00, 0x01, 0x1a, 0x01, 0x1a, 0x00, 0x1e, 0x00, 0x2d, 0x00, 0x3d,
    0x00, 0x4f, 0x00, 0x00, 0x13, 0x23, 0x22, 0x06, 0x1d, 0x01, 0x23, 0x22, 0x06, 0x1d, 0x01, 0x14,
    0x16, 0x3b, 0x01, 0x15, 0x14, 0x16, 0x3b, 0x01, 0x32, 0x36, 0x3d, 0x01, 0x33, 0x32, 0x36, 0x3d,
    0x01, 0x34, 0x26, 0x07, 0x22, 0x26, 0x3d, 0x01, 0x26, 0x36, 0x3b, 0x01, 0x15, 0x23, 0x22, 0x06,
    0x1d, 0x01, 0x17, 0x14, 0x06, 0x2b, 0x01, 0x06, 0x26, 0x3d, 0x01, 0x34, 0x36, 0x17, 0x33, 0x36,
    0x16, 0x15, 0x17, 0x14, 0x06, 0x27, 0x23, 0x35, 0x34, 0x26, 0x2b, 0x01, 0x35, 0x34, 0x36, 0x17,
    0x33, 0x32, 0x16, 0x15, 0xfd, 0x5e, 0x0b, 0x11, 0x54, 0x0c, 0x10, 0x10, 0x0c, 0x1c, 0x10, 0x0c,
    0x5e, 0x0c, 0x10, 0x1c, 0x0c, 0x10, 0x10, 0xda, 0x04, 0x05, 0x01, 0x06, 0x04, 0x54, 0x1c, 0x0c,
    0x10, 0x83, 0x05, 0x04, 0x5e, 0x04, 0x05, 0x05, 0x04, 0x5e, 0x04, 0x05, 0x39, 0x06, 0x04, 0x1c,
    0x10, 0x0c, 0x2f, 0x05, 0x04, 0x5e, 0x04, 0x06, 0x01, 0x19, 0x10, 0x0c, 0x09, 0x11, 0x0b, 0x84,
    0x0b, 0x11, 0x09, 0x0c, 0x10, 0x10, 0x0c, 0x2f, 0x10, 0x0c, 0x83, 0x0c, 0x10, 0xce, 0x05, 0x04,
    0x84, 0x04, 0x05, 0x13, 0x10, 0x0c, 0x67, 0x1c, 0x04, 0x05, 0x01, 0x06, 0x04, 0x83, 0x04, 0x06,
    0x01, 0x01, 0x06, 0x04, 0x38, 0x04, 0x06, 0x01, 0x41, 0x0c, 0x10, 0x2f, 0x04, 0x06, 0x01, 0x05,
    0x04, 0x00, 0x00, 0x00, 0x00, 0x02, 0x00, 0x00, 0x00, 0x00, 0x01, 0x1a, 0x01, 0x1a, 0x00, 0x0d,
    0x00, 0x17, 0x00, 0x00, 0x13, 0x22, 0x0e, 0x01, 0x1e, 0x02, 0x3e, 0x01, 0x35, 0x34, 0x2e, 0x02,
    0x07, 0x35, 0x32, 0x1e, 0x02, 0x14, 0x0e, 0x02, 0x96, 0x28, 0x42, 0x1e, 0x0f, 0x38, 0x4e, 0x4a,
    0x2c, 0x14, 0x25, 0x30, 0x1a, 0x16, 0x2a, 0x1f, 0x12, 0x12, 0x1f, 0x2a, 0x01, 0x19, 0x2c, 0x4a,
    0x4e, 0x38, 0x10, 0x1f, 0x42, 0x28, 0x1a, 0x30, 0x25, 0x14, 0xf4, 0xe1, 0x11, 0x1f, 0x2a, 0x2c,
    0x2a, 0x1f, 0x12, 0x00, 0x00, 0x0a, 0x00, 0x00, 0x00, 0x00, 0x01, 0x2c, 0x01, 0x1a, 0x00, 0x0f,
    0x00, 0x13, 0x00, 0x24, 0x00, 0x28, 0x00, 0x38, 0x00, 0x3c, 0x00, 0x40, 0x00, 0x50, 0x00, 0x54,
    0x00, 0x6d, 0x00, 0x00, 0x13, 0x23, 0x22, 0x06, 0x1d, 0x01, 0x14, 0x16, 0x3b, 0x01, 0x32, 0x36,
    0x3d, 0x01, 0x34, 0x26, 0x07, 0x35, 0x33, 0x1d, 0x01, 0x23, 0x22, 0x06, 0x1d, 0x01, 0x14, 0x16,
    0x17, 0x33, 0x3e, 0x01, 0x3d, 0x01, 0x34, 0x26, 0x23, 0x07, 0x35, 0x33, 0x15, 0x37, 0x33, 0x32,
    0x16, 0x1d, 0x01, 0x14, 0x06, 0x2b, 0x01, 0x22, 0x26, 0x3d, 0x01, 0x34, 0x36, 0x17, 0x33, 0x35,
    0x23, 0x35, 0x15, 0x33, 0x35, 0x07, 0x23, 0x22, 0x06, 0x1d, 0x01, 0x14, 0x16, 0x3b, 0x01, 0x32,
    0x36, 0x3d, 0x01, 0x34, 0x26, 0x07, 0x35, 0x33, 0x15, 0x37, 0x36, 0x32, 0x1f, 0x01, 0x16, 0x14,
    0x0f, 0x01, 0x06, 0x22, 0x26, 0x34, 0x3f, 0x01, 0x23, 0x22, 0x26, 0x3e, 0x01, 0x3b, 0x01, 0x27,
    0x26, 0x34, 0x4b, 0x25, 0x08, 0x0b, 0x0b, 0x08, 0x25, 0x08, 0x0b, 0x0b, 0x2d, 0x25, 0x25, 0x08,
    0x0b, 0x0b, 0x08, 0x25, 0x08, 0x0b, 0x0b, 0x08, 0x25, 0x25, 0xa9, 0x25, 0x08, 0x0b, 0x0b, 0x08,
    0x25, 0x08, 0x0b, 0x0b, 0x08, 0x25, 0x25, 0x25, 0xce, 0x25, 0x08, 0x0b, 0x0b, 0x08, 0x25, 0x08,
    0x0b, 0x0b, 0x2d, 0x25, 0x57, 0x03, 0x08, 0x02, 0x1d, 0x02, 0x02, 0x1d, 0x02, 0x08, 0x06, 0x03,
    0x0c, 0x34, 0x04, 0x06, 0x01, 0x05, 0x04, 0x34, 0x0c, 0x03, 0x01, 0x19, 0x0b, 0x08, 0x25, 0x08,
    0x0b, 0x0b, 0x08, 0x26, 0x07, 0x0b, 0x38, 0x26, 0x26, 0x25, 0x0c, 0x07, 0x26, 0x07, 0x0b, 0x01,
    0x01, 0x0b, 0x07, 0x26, 0x07, 0x0b, 0x38, 0x26, 0x26, 0x4b, 0x0b, 0x07, 0x5e, 0x08, 0x0b, 0x0b,
    0x08, 0x5e, 0x07, 0x0b, 0x70, 0x25, 0x39, 0x26, 0x26, 0x5e, 0x0b, 0x08, 0x25, 0x08, 0x0b, 0x0b,
    0x08, 0x25, 0x08, 0x0b, 0x38, 0x25, 0x25, 0x89, 0x03, 0x03, 0x1c, 0x02, 0x08, 0x03, 0x1c, 0x03,
    0x06, 0x07, 0x03, 0x0c, 0x06, 0x08, 0x05, 0x0c, 0x03, 0x08, 0x00, 0x00, 0x00, 0x04, 0x00, 0x00,
    0x00, 0x00, 0x01, 0x1a, 0x01, 0x07, 0x00, 0x16, 0x00, 0x29, 0x00, 0x36, 0x00, 0x44, 0x00, 0x00,
    0x37, 0x34, 0x36, 0x3b, 0x01, 0x36, 0x16, 0x1d, 0x01, 0x14, 0x06, 0x2b, 0x01, 0x07, 0x06, 0x2e,
    0x01, 0x3d, 0x01, 0x23, 0x22, 0x26, 0x35, 0x37, 0x22, 0x06, 0x07, 0x15, 0x1e, 0x01, 0x3b, 0x01,
    0x15, 0x37, 0x33, 0x32, 0x36, 0x27, 0x35, 0x36, 0x26, 0x23, 0x07, 0x34, 0x26, 0x2b, 0x01, 0x22,
    0x06, 0x14, 0x16, 0x3b, 0x01, 0x32, 0x36, 0x07, 0x34, 0x26, 0x2b, 0x01, 0x22, 0x06, 0x14, 0x16,
    0x3b, 0x01, 0x32, 0x36, 0x35, 0x13, 0x1b, 0x14, 0xa8, 0x14, 0x1b, 0x1b, 0x14, 0x47, 0x3a, 0x05,
    0x0f, 0x0a, 0x09, 0x14, 0x1b, 0x2f, 0x0c, 0x10, 0x01, 0x01, 0x10, 0x0c, 0x1c, 0x3e, 0x4e, 0x0c,
    0x11, 0x01, 0x01, 0x11, 0x0c, 0x09, 0x05, 0x04, 0x84, 0x04, 0x05, 0x05, 0x04, 0x84, 0x04, 0x05,
    0x25, 0x06, 0x04, 0x5e, 0x04, 0x05, 0x05, 0x04, 0x5e, 0x04, 0x05, 0xd8, 0x13, 0x1b, 0x01, 0x1c,
    0x13, 0x5e, 0x14, 0x1b, 0x32, 0x05, 0x01, 0x0a, 0x08, 0x24, 0x1b, 0x14, 0x7a, 0x11, 0x0b, 0x5e,
    0x0c, 0x10, 0x37, 0x37, 0x10, 0x0c, 0x5e, 0x0b, 0x11, 0x2f, 0x04, 0x05, 0x05, 0x08, 0x05, 0x05,
    0x34, 0x04, 0x05, 0x05, 0x08, 0x06, 0x06, 0x04, 0x00, 0x05, 0x00, 0x00, 0xff, 0xff, 0x01, 0x2c,
    0x01, 0x2c, 0x00, 0x31, 0x00, 0x50, 0x00, 0x6a, 0x00, 0x88, 0x00, 0xb4, 0x00, 0x00, 0x37, 0x26,
    0x34, 0x36, 0x3f, 0x01, 0x36, 0x3f, 0x01, 0x36, 0x3f, 0x01, 0x3e, 0x01, 0x3b, 0x01, 0x32, 0x16,
    0x1f, 0x01, 0x16, 0x1f, 0x01, 0x16, 0x1f, 0x01, 0x32, 0x16, 0x14, 0x06, 0x23, 0x07, 0x0e, 0x01,
    0x0f, 0x02, 0x06, 0x23, 0x31, 0x22, 0x26, 0x2f, 0x01, 0x2e, 0x01, 0x2f, 0x02, 0x22, 0x17, 0x16,
    0x1d, 0x01, 0x14, 0x06, 0x2b, 0x01, 0x15, 0x14, 0x07, 0x06, 0x22, 0x2f, 0x01, 0x23, 0x22, 0x26,
    0x3d, 0x01, 0x34, 0x36, 0x3b, 0x01, 0x17, 0x1e, 0x01, 0x3b, 0x01, 0x32, 0x37, 0x07, 0x34, 0x26,
    0x2b, 0x01, 0x22, 0x06, 0x1d, 0x01, 0x14, 0x16, 0x3b, 0x01, 0x32, 0x1f, 0x01, 0x35, 0x34, 0x36,
    0x3b, 0x01, 0x32, 0x36, 0x3d, 0x01, 0x31, 0x27, 0x23, 0x22, 0x26, 0x3d, 0x01, 0x34, 0x36, 0x3b,
    0x01, 0x26, 0x34, 0x37, 0x23, 0x22, 0x06, 0x1d, 0x01, 0x14, 0x16, 0x33, 0x15, 0x14, 0x16, 0x32,
    0x3f, 0x01, 0x35, 0x07, 0x35, 0x37, 0x26, 0x2f, 0x01, 0x15, 0x2e, 0x01, 0x2f, 0x01, 0x2e, 0x01,
    0x22, 0x06, 0x0f, 0x01, 0x0e, 0x01, 0x0f, 0x01, 0x0e, 0x01, 0x14, 0x16, 0x1f, 0x01, 0x1e, 0x01,
    0x1f, 0x01, 0x1e, 0x01, 0x3b, 0x01, 0x32, 0x36, 0x3f, 0x01, 0x3e, 0x01, 0x3f, 0x01, 0x3e, 0x01,
    0x34, 0xaa, 0x01, 0x02, 0x01, 0x0f, 0x05, 0x05, 0x01, 0x05, 0x02, 0x05, 0x01, 0x03, 0x01, 0x01,
    0x01, 0x03, 0x01, 0x04, 0x03, 0x05, 0x03, 0x04, 0x04, 0x0f, 0x01, 0x03, 0x03, 0x01, 0x0f, 0x06,
    0x0a, 0x02, 0x06, 0x01, 0x02, 0x01, 0x02, 0x03, 0x01, 0x05, 0x02, 0x08, 0x03, 0x03, 0x11, 0x01,
    0x6a, 0x04, 0x10, 0x0c, 0x09, 0x06, 0x02, 0x05, 0x03, 0x23, 0x22, 0x0b, 0x11, 0x11, 0x0b, 0x50,
    0x01, 0x03, 0x0c, 0x07, 0x01, 0x07, 0x06, 0x0d, 0x06, 0x04, 0x5e, 0x04, 0x05, 0x05, 0x04, 0x26,
    0x04, 0x03, 0x15, 0x05, 0x04, 0x13, 0x04, 0x05, 0xce, 0x12, 0x08, 0x0b, 0x0b, 0x08, 0x72, 0x02,
    0x02, 0x72, 0x10, 0x16, 0x16, 0x10, 0x0a, 0x0e, 0x06, 0x2d, 0x39, 0xf3, 0x01, 0x01, 0x0c, 0x05,
    0x08, 0x02, 0x03, 0x01, 0x02, 0x03, 0x02, 0x01, 0x04, 0x01, 0x08, 0x05, 0x0c, 0x01, 0x02, 0x02,
    0x01, 0x0b, 0x06, 0x08, 0x01, 0x04, 0x01, 0x02, 0x01, 0x01, 0x01, 0x02, 0x01, 0x04, 0x01, 0x08,
    0x06, 0x0b, 0x01, 0x02, 0xfa, 0x01, 0x04, 0x03, 0x01, 0x04, 0x02, 0x04, 0x01, 0x05, 0x07, 0x0e,
    0x02, 0x02, 0x02, 0x02, 0x0e, 0x07, 0x05, 0x03, 0x02, 0x02, 0x05, 0x03, 0x04, 0x03, 0x05, 0x02,
    0x0a, 0x07, 0x0f, 0x02, 0x01, 0x02, 0x02, 0x10, 0x06, 0x07, 0x02, 0x02, 0x05, 0x6f, 0x07, 0x08,
    0x38, 0x0c, 0x10, 0x1d, 0x06, 0x02, 0x01, 0x03, 0x23, 0x10, 0x0c, 0x38, 0x0c, 0x10, 0x03, 0x07,
    0x09, 0x05, 0x0e, 0x04, 0x05, 0x05, 0x04, 0x38, 0x04, 0x06, 0x02, 0x16, 0x0f, 0x04, 0x05, 0x06,
    0x04, 0x38, 0x09, 0x0b, 0x08, 0x4b, 0x08, 0x0b, 0x05, 0x09, 0x05, 0x16, 0x10, 0x4b, 0x10, 0x15,
    0x26, 0x08, 0x0b, 0x04, 0x29, 0x19, 0x33, 0x38, 0x3b, 0x01, 0x01, 0x04, 0x01, 0x02, 0x08, 0x05,
    0x0c, 0x01, 0x02, 0x02, 0x01, 0x0c, 0x05, 0x08, 0x01, 0x04, 0x01, 0x02, 0x03, 0x02, 0x01, 0x04,
    0x01, 0x08, 0x06, 0x0b, 0x01, 0x02, 0x02, 0x01, 0x0b, 0x06, 0x08, 0x01, 0x04, 0x01, 0x02, 0x03,
    0x00, 0x03, 0x00, 0x00, 0x00, 0x00, 0x01, 0x1a, 0x01, 0x07, 0x00, 0x28, 0x00, 0x3d, 0x00, 0x56,
    0x00, 0x00, 0x25, 0x26, 0x2b, 0x01, 0x35, 0x34, 0x26, 0x2b, 0x01, 0x22, 0x06, 0x1d, 0x01, 0x14,
    0x16, 0x33, 0x15, 0x14, 0x1e, 0x01, 0x3f, 0x01, 0x15, 0x14, 0x16, 0x3b, 0x01, 0x17, 0x1e, 0x01,
    0x32, 0x3e, 0x01, 0x3d, 0x01, 0x33, 0x32, 0x36, 0x3d, 0x01, 0x34, 0x0f, 0x01, 0x35, 0x23, 0x22,
    0x26, 0x3d, 0x01, 0x34, 0x36, 0x3b, 0x01, 0x32, 0x16, 0x1d, 0x01, 0x23, 0x22, 0x06, 0x1d, 0x01,
    0x17, 0x14, 0x06, 0x2b, 0x01, 0x22, 0x06, 0x1d, 0x01, 0x27, 0x2e, 0x01, 0x2b, 0x01, 0x22, 0x26,
    0x3d, 0x01, 0x34, 0x36, 0x3b, 0x01, 0x32, 0x16, 0x15, 0x01, 0x11, 0x08, 0x0c, 0x09, 0x16, 0x10,
    0x96, 0x0f, 0x16, 0x16, 0x0f, 0x0a, 0x0e, 0x06, 0x2d, 0x11, 0x0b, 0x22, 0x23, 0x01, 0x03, 0x04,
    0x05, 0x03, 0x09, 0x0c, 0x10, 0x9a, 0x34, 0x13, 0x07, 0x0b, 0x0b, 0x07, 0x96, 0x08, 0x0b, 0x42,
    0x0b, 0x11, 0x84, 0x06, 0x04, 0x13, 0x04, 0x05, 0x16, 0x01, 0x03, 0x02, 0x26, 0x04, 0x05, 0x05,
    0x04, 0x5e, 0x04, 0x06, 0xa0, 0x09, 0x38, 0x0f, 0x16, 0x16, 0x0f, 0x5e, 0x0f, 0x16, 0x13, 0x07,
    0x0b, 0x02, 0x05, 0x21, 0x09, 0x0b, 0x11, 0x22, 0x02, 0x01, 0x02, 0x04, 0x03, 0x1c, 0x11, 0x0b,
    0x39, 0x0b, 0x28, 0x25, 0x25, 0x0c, 0x07, 0x5e, 0x08, 0x0b, 0x0b, 0x08, 0x38, 0x11, 0x0b, 0x1d,
    0x1c, 0x04, 0x05, 0x05, 0x04, 0x0f, 0x15, 0x02, 0x01, 0x05, 0x04, 0x39, 0x04, 0x05, 0x05, 0x04,
    0x00, 0x07, 0x00, 0x00, 0x00, 0x00, 0x01, 0x1a, 0x01, 0x07, 0x00, 0x10, 0x00, 0x1c, 0x00, 0x3d,
    0x00, 0x4d, 0x00, 0x59, 0x00, 0x69, 0x00, 0x76, 0x00, 0x00, 0x37, 0x22, 0x26, 0x35, 0x34, 0x36,
    0x33, 0x36, 0x16, 0x14, 0x06, 0x23, 0x22, 0x06, 0x15, 0x14, 0x06, 0x17, 0x35, 0x34, 0x26, 0x22,
    0x06, 0x1d, 0x01, 0x14, 0x16, 0x32, 0x36, 0x17, 0x37, 0x33, 0x32, 0x36, 0x34, 0x26, 0x2b, 0x01,
    0x22, 0x0f, 0x01, 0x35, 0x34, 0x26, 0x2b, 0x01, 0x22, 0x26, 0x35, 0x34, 0x26, 0x22, 0x06, 0x15,
    0x14, 0x16, 0x3b, 0x01, 0x15, 0x14, 0x16, 0x32, 0x37, 0x34, 0x26, 0x22, 0x06, 0x15, 0x14, 0x06,
    0x23, 0x22, 0x06, 0x14, 0x16, 0x33, 0x32, 0x36, 0x3d, 0x01, 0x34, 0x2e, 0x01, 0x06, 0x1d, 0x01,
    0x06, 0x16, 0x32, 0x36, 0x35, 0x34, 0x26, 0x07, 0x22, 0x06, 0x14, 0x16, 0x33, 0x32, 0x16, 0x15,
    0x06, 0x16, 0x32, 0x36, 0x27, 0x34, 0x26, 0x2b, 0x01, 0x22, 0x06, 0x14, 0x16, 0x3b, 0x01, 0x32,
    0x36, 0x1c, 0x04, 0x05, 0x1b, 0x14, 0x04, 0x05, 0x05, 0x04, 0x0c, 0x10, 0x06, 0x06, 0x06, 0x08,
    0x05, 0x05, 0x08, 0x06, 0x43, 0x3a, 0x22, 0x04, 0x05, 0x05, 0x04, 0x26, 0x03, 0x03, 0x3b, 0x06,
    0x04, 0x12, 0x0c, 0x11, 0x05, 0x08, 0x05, 0x1b, 0x14, 0x09, 0x0b, 0x0e, 0xb5, 0x05, 0x08, 0x05,
    0x11, 0x0c, 0x04, 0x05, 0x05, 0x04, 0x14, 0x1b, 0x05, 0x08, 0x05, 0x01, 0x06, 0x08, 0x05, 0x1b,
    0x14, 0x04, 0x05, 0x05, 0x04, 0x0c, 0x11, 0x01, 0x06, 0x08, 0x05, 0x4b, 0x05, 0x04, 0x5e, 0x04,
    0x05, 0x05, 0x04, 0x5e, 0x04, 0x05, 0xce, 0x06, 0x04, 0x13, 0x1b, 0x01, 0x06, 0x08, 0x05, 0x11,
    0x0b, 0x04, 0x06, 0x2f, 0x13, 0x04, 0x06, 0x06, 0x04, 0x13, 0x04, 0x05, 0x05, 0x82, 0x32, 0x05,
    0x08, 0x06, 0x03, 0x34, 0x2d, 0x04, 0x06, 0x10, 0x0c, 0x04, 0x05, 0x05, 0x04, 0x14, 0x1b, 0x24,
    0x08, 0x0b, 0x66, 0x04, 0x05, 0x05, 0x04, 0x0c, 0x10, 0x06, 0x08, 0x05, 0x1b, 0x39, 0x13, 0x04,
    0x05, 0x01, 0x06, 0x04, 0x13, 0x04, 0x05, 0x05, 0x3d, 0x13, 0x1c, 0x01, 0x05, 0x08, 0x05, 0x11,
    0x0b, 0x04, 0x06, 0x06, 0x29, 0x04, 0x05, 0x05, 0x08, 0x05, 0x05, 0x00, 0x00, 0x02, 0x00, 0x00,
    0x00, 0x00, 0x01, 0x1a, 0x01, 0x07, 0x00, 0x27, 0x00, 0x30, 0x00, 0x00, 0x37, 0x06, 0x15, 0x31,
    0x17, 0x07, 0x06, 0x2e, 0x01, 0x3d, 0x01, 0x23, 0x22, 0x26, 0x3d, 0x01, 0x34, 0x36, 0x3b, 0x01,
    0x36, 0x16, 0x1d, 0x01, 0x26, 0x27, 0x35, 0x34, 0x26, 0x2b, 0x01, 0x22, 0x06, 0x07, 0x15, 0x1e,
    0x01, 0x3b, 0x01, 0x15, 0x37, 0x14, 0x06, 0x22, 0x26, 0x34, 0x36, 0x32, 0x16, 0x98, 0x02, 0x01,
    0x2e, 0x05, 0x0f, 0x0a, 0x09, 0x14, 0x1b, 0x1b, 0x14, 0xa8, 0x14, 0x1b, 0x08, 0x0a, 0x11, 0x0c,
    0xa8, 0x0c, 0x10, 0x01, 0x01, 0x10, 0x0c, 0x1c, 0xbb, 0x21, 0x2e, 0x21, 0x21, 0x2e, 0x21, 0x5a,
    0x07, 0x08, 0x0a, 0x28, 0x05, 0x01, 0x0a, 0x08, 0x24, 0x1b, 0x14, 0x5e, 0x13, 0x1b, 0x01, 0x1c,
    0x13, 0x5c, 0x09, 0x07, 0x4c, 0x0b, 0x11, 0x11, 0x0b, 0x5e, 0x0c, 0x10, 0x37, 0x24, 0x17, 0x21,
    0x21, 0x2e, 0x21, 0x21, 0x00, 0x02, 0x00, 0x00, 0x00, 0x00, 0x01, 0x1a, 0x01, 0x07, 0x00, 0x16,
    0x00, 0x29, 0x00, 0x00, 0x37, 0x34, 0x36, 0x3b, 0x01, 0x36, 0x16, 0x1d, 0x01, 0x14, 0x06, 0x2b,
    0x01, 0x07, 0x06, 0x2e, 0x01, 0x3d, 0x01, 0x23, 0x22, 0x26, 0x35, 0x37, 0x22, 0x06, 0x1d, 0x01,
    0x14, 0x16, 0x3b, 0x01, 0x15, 0x37, 0x33, 0x32, 0x36, 0x3d, 0x01, 0x34, 0x26, 0x23, 0x13, 0x1b,
    0x14, 0xa8, 0x14, 0x1b, 0x1b, 0x14, 0x47, 0x3a, 0x05, 0x0f, 0x0a, 0x09, 0x14, 0x1b, 0x2f, 0x0c,
    0x10, 0x10, 0x0c, 0x1c, 0x3e, 0x4e, 0x0c, 0x11, 0x11, 0x0c, 0xd8, 0x13, 0x1b, 0x01, 0x1c, 0x13,
    0x5e, 0x14, 0x1b, 0x32, 0x05, 0x01, 0x0a, 0x08, 0x24, 0x1b, 0x14, 0x7a, 0x11, 0x0b, 0x5e, 0x0c,
    0x10, 0x37, 0x37, 0x10, 0x0c, 0x5e, 0x0b, 0x11, 0x00, 0x05, 0x00, 0x00, 0xff, 0xff, 0x01, 0x2d,
    0x01, 0x1a, 0x00, 0x0e, 0x00, 0x16, 0x00, 0x37, 0x00, 0x40, 0x00, 0x52, 0x00, 0x00, 0x37, 0x27,
    0x26, 0x2f, 0x01, 0x26, 0x0e, 0x01, 0x1f, 0x01, 0x16, 0x1f, 0x01, 0x36, 0x37, 0x27, 0x26, 0x2f,
    0x01, 0x17, 0x16, 0x1f, 0x01, 0x27, 0x22, 0x0e, 0x01, 0x14, 0x1e, 0x01, 0x33, 0x32, 0x37, 0x26,
    0x27, 0x06, 0x23, 0x22, 0x2e, 0x01, 0x3e, 0x02, 0x32, 0x1e, 0x01, 0x15, 0x14, 0x07, 0x16, 0x17,
    0x36, 0x35, 0x34, 0x2e, 0x01, 0x17, 0x22, 0x06, 0x1e, 0x01, 0x32, 0x36, 0x34, 0x26, 0x17, 0x07,
    0x06, 0x22, 0x2f, 0x01, 0x26, 0x34, 0x36, 0x32, 0x1f, 0x01, 0x37, 0x36, 0x32, 0x16, 0x14, 0x07,
    0xcc, 0x13, 0x0a, 0x12, 0x24, 0x07, 0x10, 0x06, 0x04, 0x13, 0x09, 0x13, 0x25, 0x09, 0x10, 0x36,
    0x0d, 0x07, 0x12, 0x24, 0x0d, 0x07, 0x12, 0x25, 0x24, 0x3c, 0x23, 0x23, 0x3c, 0x24, 0x0e, 0x0d,
    0x04, 0x02, 0x0a, 0x0b, 0x1f, 0x33, 0x1f, 0x01, 0x1e, 0x33, 0x3e, 0x33, 0x1f, 0x02, 0x09, 0x08,
    0x03, 0x23, 0x3c, 0x3a, 0x18, 0x21, 0x01, 0x20, 0x2f, 0x21, 0x21, 0x07, 0x21, 0x03, 0x07, 0x03,
    0x13, 0x03, 0x06, 0x08, 0x02, 0x0c, 0x1b, 0x02, 0x08, 0x06, 0x03, 0x79, 0x24, 0x13, 0x09, 0x13,
    0x04, 0x06, 0x10, 0x07, 0x24, 0x12, 0x0a, 0x14, 0x10, 0x09, 0x0b, 0x07, 0x0d, 0x24, 0x12, 0x07,
    0x0d, 0x24, 0xa8, 0x23, 0x3c, 0x48, 0x3c, 0x23, 0x03, 0x08, 0x09, 0x02, 0x1f, 0x33, 0x3e, 0x33,
    0x1e, 0x1e, 0x33, 0x1f, 0x0b, 0x0a, 0x02, 0x04, 0x0d, 0x0e, 0x24, 0x3c, 0x23, 0xa9, 0x20, 0x2f,
    0x21, 0x21, 0x2f, 0x20, 0x30, 0x21, 0x03, 0x03, 0x13, 0x02, 0x08, 0x06, 0x03, 0x0c, 0x1a, 0x03,
    0x06, 0x08, 0x02, 0x00, 0x00, 0x04, 0x00, 0x00, 0xff, 0xff, 0x01, 0x2c, 0x01, 0x1a, 0x00, 0x0f,
    0x00, 0x17, 0x00, 0x37, 0x00, 0x40, 0x00, 0x00, 0x37, 0x22, 0x35, 0x27, 0x26, 0x2f, 0x01, 0x26,
    0x0e, 0x01, 0x1f, 0x01, 0x16, 0x1f, 0x01, 0x36, 0x27, 0x26, 0x2f, 0x01, 0x17, 0x16, 0x1f, 0x01,
    0x07, 0x22, 0x2e, 0x01, 0x3e, 0x02, 0x32, 0x1e, 0x01, 0x15, 0x14, 0x07, 0x16, 0x17, 0x36, 0x35,
    0x34, 0x2e, 0x01, 0x22, 0x0e, 0x01, 0x14, 0x1e, 0x01, 0x33, 0x32, 0x37, 0x26, 0x27, 0x06, 0x17,
    0x32, 0x36, 0x34, 0x26, 0x22, 0x0e, 0x01, 0x16, 0xcd, 0x01, 0x13, 0x0a, 0x12, 0x24, 0x07, 0x10,
    0x06, 0x04, 0x13, 0x09, 0x13, 0x25, 0x09, 0x26, 0x0d, 0x07, 0x12, 0x24, 0x0d, 0x07, 0x12, 0x25,
    0x1f, 0x33, 0x1f, 0x01, 0x1e, 0x33, 0x3e, 0x33, 0x1f, 0x02, 0x09, 0x08, 0x03, 0x23, 0x3c, 0x48,
    0x3c, 0x23, 0x23, 0x3c, 0x24, 0x0e, 0x0d, 0x04, 0x02, 0x0a, 0x53, 0x17, 0x21, 0x21, 0x2f, 0x20,
    0x01, 0x21, 0x78, 0x01, 0x24, 0x13, 0x09, 0x13, 0x04, 0x06, 0x10, 0x07, 0x24, 0x12, 0x0a, 0x14,
    0x10, 0x14, 0x07, 0x0d, 0x24, 0x12, 0x07, 0x0d, 0x24, 0x4c, 0x1f, 0x33, 0x3e, 0x33, 0x1e, 0x1e,
    0x33, 0x1f, 0x0b, 0x0a, 0x02, 0x04, 0x0d, 0x0e, 0x24, 0x3c, 0x23, 0x23, 0x3c, 0x48, 0x3c, 0x23,
    0x03, 0x08, 0x09, 0x02, 0x25, 0x21, 0x2f, 0x20, 0x20, 0x2f, 0x21, 0x00, 0x00, 0x04, 0x00, 0x00,
    0x00, 0x00, 0x01, 0x1a, 0x01, 0x1a, 0x00, 0x0f, 0x00, 0x17, 0x00, 0x24, 0x00, 0x31, 0x00, 0x00,
    0x37, 0x26, 0x0e, 0x01, 0x1f, 0x01, 0x16, 0x1f, 0x01, 0x16, 0x3e, 0x01, 0x2f, 0x01, 0x26, 0x2f,
    0x01, 0x17, 0x16, 0x1f, 0x01, 0x27, 0x26, 0x27, 0x07, 0x34, 0x3e, 0x01, 0x32, 0x1e, 0x01, 0x14,
    0x0e, 0x01, 0x22, 0x2e, 0x01, 0x37, 0x22, 0x0e, 0x01, 0x1e, 0x02, 0x32, 0x3e, 0x01, 0x34, 0x2e,
    0x01, 0x79, 0x07, 0x10, 0x06, 0x04, 0x13, 0x09, 0x13, 0x24, 0x08, 0x0f, 0x06, 0x04, 0x13, 0x09,
    0x13, 0x2c, 0x24, 0x0d, 0x07, 0x12, 0x24, 0x0d, 0x07, 0x70, 0x23, 0x3c, 0x48, 0x3c, 0x23, 0x23,
    0x3c, 0x48, 0x3c, 0x23, 0x83, 0x1f, 0x33, 0x1f, 0x01, 0x1e, 0x33, 0x3e, 0x33, 0x1f, 0x1f, 0x33,
    0xcc, 0x04, 0x06, 0x10, 0x07, 0x24, 0x13, 0x09, 0x13, 0x04, 0x06, 0x0f, 0x08, 0x24, 0x13, 0x09,
    0x02, 0x12, 0x07, 0x0d, 0x24, 0x12, 0x07, 0x0d, 0x01, 0x24, 0x3c, 0x23, 0x23, 0x3c, 0x48, 0x3c,
    0x23, 0x23, 0x3c, 0x94, 0x1e, 0x33, 0x3e, 0x33, 0x1f, 0x1f, 0x33, 0x3e, 0x33, 0x1e, 0x00, 0x00,
    0x00, 0x04, 0xff, 0xff, 0x00, 0x00, 0x01, 0x2c, 0x01, 0x1e, 0x00, 0x41, 0x00, 0x4b, 0x00, 0x58,
    0x00, 0x65, 0x00, 0x00, 0x37, 0x31, 0x26, 0x27, 0x23, 0x35, 0x37, 0x16, 0x33, 0x32, 0x37, 0x36,
    0x37, 0x17, 0x36, 0x37, 0x26, 0x27, 0x26, 0x36, 0x1e, 0x01, 0x15, 0x14, 0x07, 0x16, 0x17, 0x36,
    0x35, 0x34, 0x27, 0x26, 0x27, 0x26, 0x0f, 0x01, 0x27, 0x26, 0x07, 0x06, 0x07, 0x06, 0x15, 0x14,
    0x17, 0x07, 0x23, 0x0e, 0x01, 0x1d, 0x01, 0x14, 0x17, 0x1e, 0x01, 0x1f, 0x01, 0x16, 0x17, 0x16,
    0x17, 0x16, 0x17, 0x26, 0x27, 0x26, 0x27, 0x3e, 0x01, 0x16, 0x07, 0x0e, 0x01, 0x22, 0x26, 0x34,
    0x17, 0x22, 0x0e, 0x01, 0x14, 0x1e, 0x01, 0x32, 0x3e, 0x01, 0x34, 0x2e, 0x01, 0x17, 0x07, 0x22,
    0x26, 0x34, 0x36, 0x33, 0x37, 0x32, 0x16, 0x14, 0x06, 0x23, 0x4f, 0x0b, 0x0b, 0x01, 0x01, 0x0c,
    0x14, 0x21, 0x12, 0x06, 0x04, 0x03, 0x0c, 0x0e, 0x08, 0x02, 0x03, 0x0f, 0x30, 0x0f, 0x02, 0x0e,
    0x0c, 0x04, 0x0d, 0x10, 0x23, 0x26, 0x11, 0x03, 0x03, 0x11, 0x26, 0x23, 0x10, 0x0d, 0x05, 0x03,
    0x01, 0x0e, 0x0f, 0x03, 0x02, 0x07, 0x07, 0x0b, 0x06, 0x07, 0x0c, 0x0d, 0x1a, 0x1d, 0x0a, 0x05,
    0x10, 0x1d, 0x08, 0x30, 0x0f, 0x03, 0x02, 0x13, 0x2a, 0x0c, 0xa0, 0x17, 0x27, 0x17, 0x17, 0x27,
    0x2e, 0x26, 0x17, 0x17, 0x26, 0x18, 0x5a, 0x03, 0x06, 0x06, 0x03, 0x5a, 0x03, 0x06, 0x06, 0x04,
    0x3e, 0x05, 0x06, 0x50, 0x02, 0x05, 0x13, 0x06, 0x08, 0x05, 0x08, 0x04, 0x0a, 0x11, 0x17, 0x10,
    0x05, 0x14, 0x14, 0x0b, 0x06, 0x04, 0x06, 0x0c, 0x0f, 0x1e, 0x11, 0x13, 0x04, 0x04, 0x12, 0x03,
    0x03, 0x12, 0x04, 0x04, 0x13, 0x11, 0x1e, 0x13, 0x0c, 0x10, 0x07, 0x19, 0x0f, 0x17, 0x05, 0x06,
    0x03, 0x09, 0x06, 0x08, 0x04, 0x05, 0x06, 0x06, 0x0b, 0x04, 0x0e, 0x11, 0x04, 0xb8, 0x0b, 0x05,
    0x10, 0x17, 0x13, 0x14, 0x0e, 0x27, 0x3e, 0x17, 0x27, 0x2e, 0x26, 0x17, 0x17, 0x26, 0x2e, 0x27,
    0x17, 0x5e, 0x01, 0x05, 0x08, 0x05, 0x02, 0x06, 0x08, 0x05, 0x00, 0x00, 0x00, 0x04, 0xff, 0xff,
    0x00, 0x00, 0x01, 0x2c, 0x01, 0x1e, 0x00, 0x41, 0x00, 0x4b, 0x00, 0x58, 0x00, 0x74, 0x00, 0x00,
    0x37, 0x26, 0x27, 0x23, 0x35, 0x37, 0x16, 0x33, 0x32, 0x37, 0x36, 0x37, 0x17, 0x36, 0x37, 0x26,
    0x27, 0x26, 0x36, 0x1e, 0x01, 0x15, 0x14, 0x07, 0x16, 0x17, 0x36, 0x35, 0x34, 0x27, 0x26, 0x27,
    0x26, 0x0f, 0x01, 0x27, 0x26, 0x07, 0x06, 0x07, 0x06, 0x15, 0x14, 0x17, 0x07, 0x23, 0x0e, 0x01,
    0x1d, 0x01, 0x14, 0x17, 0x1e, 0x01, 0x1f, 0x01, 0x16, 0x17, 0x16, 0x17, 0x16, 0x17, 0x26, 0x27,
    0x26, 0x2f, 0x01, 0x3e, 0x01, 0x16, 0x07, 0x0e, 0x01, 0x22, 0x26, 0x34, 0x17, 0x22, 0x0e, 0x01,
    0x14, 0x1e, 0x01, 0x32, 0x3e, 0x01, 0x34, 0x2e, 0x01, 0x17, 0x16, 0x14, 0x06, 0x22, 0x2f, 0x01,
    0x07, 0x06, 0x22, 0x26, 0x34, 0x3f, 0x01, 0x27, 0x26, 0x34, 0x36, 0x32, 0x1f, 0x01, 0x37, 0x36,
    0x32, 0x16, 0x14, 0x0f, 0x01, 0x4f, 0x0b, 0x0b, 0x01, 0x01, 0x0c, 0x14, 0x21, 0x12, 0x06, 0x04,
    0x03, 0x0c, 0x0e, 0x08, 0x02, 0x03, 0x0f, 0x30, 0x0f, 0x02, 0x0e, 0x0c, 0x04, 0x0d, 0x10, 0x23,
    0x26, 0x11, 0x03, 0x03, 0x11, 0x26, 0x23, 0x10, 0x0d, 0x05, 0x03, 0x01, 0x0e, 0x0f, 0x03, 0x02,
    0x07, 0x07, 0x0b, 0x06, 0x07, 0x0c, 0x0d, 0x1a, 0x1d, 0x0a, 0x05, 0x10, 0x0d, 0x10, 0x08, 0x30,
    0x0f, 0x03, 0x02, 0x13, 0x2a, 0x0c, 0xa0, 0x17, 0x27, 0x17, 0x17, 0x27, 0x2e, 0x26, 0x17, 0x17,
    0x26, 0x0e, 0x03, 0x06, 0x07, 0x03, 0x18, 0x19, 0x02, 0x08, 0x06, 0x03, 0x18, 0x18, 0x03, 0x06,
    0x08, 0x02, 0x19, 0x18, 0x03, 0x07, 0x06, 0x03, 0x18, 0x3e, 0x05, 0x06, 0x50, 0x02, 0x05, 0x13,
    0x06, 0x08, 0x05, 0x08, 0x04, 0x0a, 0x11, 0x17, 0x10, 0x05, 0x14, 0x14, 0x0b, 0x06, 0x04, 0x06,
    0x0c, 0x0f, 0x1e, 0x11, 0x13, 0x04, 0x04, 0x12, 0x03, 0x03, 0x12, 0x04, 0x04, 0x13, 0x11, 0x1e,
    0x13, 0x0c, 0x10, 0x07, 0x19, 0x0f, 0x17, 0x05, 0x06, 0x03, 0x09, 0x06, 0x08, 0x04, 0x05, 0x06,
    0x06, 0x0b, 0x04, 0x0e, 0x11, 0x04, 0x06, 0xb2, 0x0b, 0x05, 0x10, 0x17, 0x13, 0x14, 0x0e, 0x27,
    0x3e, 0x17, 0x27, 0x2e, 0x26, 0x17, 0x17, 0x26, 0x2e, 0x27, 0x17, 0x6d, 0x03, 0x07, 0x06, 0x03,
    0x18, 0x18, 0x03, 0x06, 0x07, 0x03, 0x18, 0x19, 0x02, 0x08, 0x06, 0x03, 0x18, 0x18, 0x03, 0x06,
    0x08, 0x02, 0x19, 0x00, 0x00, 0x05, 0xff, 0xff, 0x00, 0x00, 0x01, 0x2c, 0x01, 0x1e, 0x00, 0x41,
    0x00, 0x4b, 0x00, 0x58, 0x00, 0x78, 0x00, 0x99, 0x00, 0x00, 0x37, 0x26, 0x27, 0x23, 0x35, 0x37,
    0x16, 0x33, 0x32, 0x37, 0x36, 0x37, 0x17, 0x36, 0x37, 0x26, 0x27, 0x26, 0x36, 0x1e, 0x01, 0x15,
    0x14, 0x07, 0x16, 0x17, 0x36, 0x35, 0x34, 0x27, 0x26, 0x27, 0x26, 0x0f, 0x01, 0x27, 0x26, 0x07,
    0x06, 0x07, 0x06, 0x15, 0x14, 0x17, 0x07, 0x23, 0x0e, 0x01, 0x1d, 0x01, 0x14, 0x17, 0x1e, 0x01,
    0x1f, 0x01, 0x16, 0x17, 0x16, 0x17, 0x16, 0x17, 0x26, 0x27, 0x26, 0x2f, 0x01, 0x3e, 0x01, 0x16,
    0x07, 0x0e, 0x01, 0x22, 0x26, 0x34, 0x17, 0x22, 0x0e, 0x01, 0x14, 0x1e, 0x01, 0x32, 0x3e, 0x01,
    0x34, 0x2e, 0x01, 0x17, 0x0e, 0x01, 0x22, 0x2f, 0x01, 0x15, 0x14, 0x06, 0x22, 0x26, 0x3d, 0x01,
    0x34, 0x36, 0x3b, 0x01, 0x32, 0x16, 0x14, 0x06, 0x2b, 0x01, 0x17, 0x1e, 0x01, 0x36, 0x37, 0x36,
    0x32, 0x16, 0x14, 0x37, 0x14, 0x06, 0x2b, 0x01, 0x22, 0x26, 0x34, 0x36, 0x3b, 0x01, 0x27, 0x26,
    0x22, 0x06, 0x07, 0x06, 0x22, 0x26, 0x34, 0x37, 0x3e, 0x01, 0x32, 0x1f, 0x01, 0x35, 0x34, 0x36,
    0x32, 0x16, 0x1d, 0x01, 0x4f, 0x0b, 0x0b, 0x01, 0x01, 0x0c, 0x14, 0x21, 0x12, 0x06, 0x04, 0x03,
    0x0c, 0x0e, 0x08, 0x02, 0x03, 0x0f, 0x30, 0x0f, 0x02, 0x0e, 0x0c, 0x04, 0x0d, 0x10, 0x23, 0x26,
    0x11, 0x03, 0x03, 0x11, 0x26, 0x23, 0x10, 0x0d, 0x05, 0x03, 0x01, 0x0e, 0x0f, 0x03, 0x02, 0x07,
    0x07, 0x0b, 0x06, 0x07, 0x0c, 0x0d, 0x1a, 0x1d, 0x0a, 0x05, 0x10, 0x0d, 0x10, 0x08, 0x30, 0x0f,
    0x03, 0x02, 0x13, 0x2a, 0x0c, 0xa0, 0x17, 0x27, 0x17, 0x17, 0x27, 0x2e, 0x26, 0x17, 0x17, 0x26,
    0x10, 0x08, 0x15, 0x17, 0x0a, 0x06, 0x05, 0x08, 0x05, 0x05, 0x04, 0x1c, 0x04, 0x06, 0x06, 0x04,
    0x09, 0x03, 0x07, 0x10, 0x0e, 0x05, 0x03, 0x08, 0x05, 0x05, 0x06, 0x04, 0x1c, 0x04, 0x05, 0x05,
    0x04, 0x09, 0x03, 0x07, 0x0f, 0x0e, 0x06, 0x03, 0x07, 0x06, 0x03, 0x08, 0x15, 0x17, 0x0a, 0x06,
    0x05, 0x08, 0x05, 0x3e, 0x05, 0x06, 0x50, 0x02, 0x05, 0x13, 0x06, 0x08, 0x05, 0x08, 0x04, 0x0a,
    0x11, 0x17, 0x10, 0x05, 0x14, 0x14, 0x0b, 0x06, 0x04, 0x06, 0x0c, 0x0f, 0x1e, 0x11, 0x13, 0x04,
    0x04, 0x12, 0x03, 0x03, 0x12, 0x04, 0x04, 0x13, 0x11, 0x1e, 0x13, 0x0c, 0x10, 0x07, 0x19, 0x0f,
    0x17, 0x05, 0x06, 0x03, 0x09, 0x06, 0x08, 0x04, 0x05, 0x06, 0x06, 0x0b, 0x04, 0x0e, 0x11, 0x04,
    0x06, 0xb2, 0x0b, 0x05, 0x10, 0x17, 0x13, 0x14, 0x0e, 0x27, 0x3e, 0x17, 0x27, 0x2e, 0x26, 0x17,
    0x17, 0x26, 0x2e, 0x27, 0x17, 0x78, 0x08, 0x08, 0x05, 0x02, 0x02, 0x04, 0x06, 0x06, 0x04, 0x1c,
    0x04, 0x05, 0x05, 0x08, 0x06, 0x01, 0x03, 0x01, 0x06, 0x06, 0x02, 0x05, 0x08, 0x33, 0x04, 0x05,
    0x05, 0x08, 0x06, 0x01, 0x03, 0x05, 0x06, 0x03, 0x06, 0x08, 0x02, 0x09, 0x08, 0x05, 0x03, 0x03,
    0x04, 0x06, 0x06, 0x04, 0x1c, 0x00, 0x00, 0x00, 0x00, 0x06, 0x00, 0x00, 0x00, 0x00, 0x01, 0x26,
    0x01, 0x0e, 0x00, 0x2e, 0x00, 0x3c, 0x00, 0x4b, 0x00, 0x63, 0x00, 0x6f, 0x00, 0x7b, 0x00, 0x00,
    0x25, 0x26, 0x27, 0x26, 0x27, 0x26, 0x27, 0x36, 0x35, 0x34, 0x27, 0x26, 0x27, 0x26, 0x22, 0x07,
    0x06, 0x07, 0x06, 0x15, 0x14, 0x17, 0x06, 0x07, 0x06, 0x07, 0x06, 0x0f, 0x01, 0x15, 0x14, 0x17,
    0x16, 0x17, 0x16, 0x17, 0x16, 0x32, 0x37, 0x36, 0x37, 0x36, 0x37, 0x36, 0x3d, 0x01, 0x34, 0x27,
    0x34, 0x37, 0x36, 0x1e, 0x01, 0x14, 0x06, 0x23, 0x22, 0x26, 0x27, 0x26, 0x35, 0x27, 0x3e, 0x01,
    0x17, 0x16, 0x15, 0x31, 0x14, 0x07, 0x0e, 0x01, 0x23, 0x22, 0x26, 0x34, 0x17, 0x06, 0x07, 0x06,
    0x22, 0x27, 0x26, 0x27, 0x35, 0x37, 0x17, 0x16, 0x33, 0x32, 0x3f, 0x01, 0x33, 0x17, 0x16, 0x33,
    0x32, 0x3f, 0x01, 0x17, 0x07, 0x34, 0x26, 0x22, 0x06, 0x1d, 0x01, 0x14, 0x16, 0x3e, 0x01, 0x35,
    0x37, 0x34, 0x26, 0x22, 0x06, 0x1d, 0x01, 0x14, 0x16, 0x3e, 0x01, 0x35, 0x01, 0x25, 0x04, 0x08,
    0x09, 0x0a, 0x05, 0x03, 0x01, 0x0e, 0x07, 0x0a, 0x1f, 0x56, 0x1f, 0x0a, 0x07, 0x0e, 0x01, 0x03,
    0x05, 0x0a, 0x0a, 0x07, 0x04, 0x01, 0x01, 0x06, 0x13, 0x17, 0x1c, 0x21, 0x43, 0x22, 0x1c, 0x16,
    0x14, 0x06, 0x01, 0x87, 0x05, 0x08, 0x2f, 0x12, 0x0f, 0x18, 0x13, 0x11, 0x02, 0x01, 0x58, 0x0a,
    0x2f, 0x08, 0x05, 0x01, 0x02, 0x12, 0x12, 0x18, 0x0f, 0xb7, 0x13, 0x14, 0x1e, 0x37, 0x1d, 0x15,
    0x12, 0x01, 0x01, 0x0d, 0x21, 0x1b, 0x0f, 0x04, 0x04, 0x04, 0x0f, 0x1b, 0x20, 0x0e, 0x01, 0x01,
    0x72, 0x07, 0x0a, 0x07, 0x07, 0x0a, 0x07, 0x3c, 0x07, 0x0a, 0x07, 0x07, 0x0a, 0x07, 0x82, 0x0a,
    0x09, 0x0a, 0x03, 0x0c, 0x06, 0x06, 0x07, 0x1b, 0x0d, 0x08, 0x04, 0x19, 0x19, 0x04, 0x08, 0x0d,
    0x1b, 0x06, 0x07, 0x06, 0x0c, 0x03, 0x0a, 0x09, 0x0a, 0x03, 0x22, 0x01, 0x02, 0x0a, 0x0e, 0x0f,
    0x0a, 0x0b, 0x0b, 0x0a, 0x0f, 0x0e, 0x0a, 0x02, 0x02, 0x20, 0x02, 0x50, 0x0d, 0x06, 0x09, 0x05,
    0x13, 0x28, 0x10, 0x15, 0x14, 0x06, 0x05, 0x0d, 0x0a, 0x05, 0x09, 0x06, 0x0d, 0x06, 0x05, 0x14,
    0x15, 0x10, 0x28, 0x8a, 0x0a, 0x07, 0x09, 0x09, 0x07, 0x0a, 0x4f, 0x01, 0x01, 0x0f, 0x12, 0x06,
    0x06, 0x12, 0x0f, 0x01, 0x01, 0x2a, 0x05, 0x07, 0x07, 0x05, 0x19, 0x05, 0x07, 0x01, 0x07, 0x05,
    0x18, 0x05, 0x07, 0x07, 0x05, 0x19, 0x05, 0x07, 0x01, 0x07, 0x05, 0x00, 0x00, 0x05, 0x00, 0x00,
    0x00, 0x00, 0x01, 0x2b, 0x01, 0x1d, 0x00, 0x3f, 0x00, 0x49, 0x00, 0x58, 0x00, 0x6b, 0x00, 0x88,
    0x00, 0x00, 0x25, 0x30, 0x35, 0x23, 0x26, 0x27, 0x36, 0x35, 0x34, 0x2e, 0x01, 0x06, 0x17, 0x16,
    0x17, 0x06, 0x07, 0x06, 0x07, 0x06, 0x23, 0x22, 0x27, 0x07, 0x15, 0x16, 0x17, 0x16, 0x17, 0x16,
    0x17, 0x16, 0x17, 0x26, 0x27, 0x26, 0x27, 0x26, 0x3d, 0x01, 0x3e, 0x01, 0x3f, 0x01, 0x36, 0x37,
    0x26, 0x35, 0x34, 0x37, 0x36, 0x37, 0x36, 0x1f, 0x01, 0x37, 0x36, 0x17, 0x16, 0x17, 0x16, 0x15,
    0x14, 0x07, 0x27, 0x26, 0x0e, 0x01, 0x14, 0x16, 0x32, 0x36, 0x37, 0x36, 0x17, 0x32, 0x17, 0x1e,
    0x01, 0x06, 0x07, 0x06, 0x22, 0x27, 0x2e, 0x01, 0x36, 0x37, 0x36, 0x37, 0x22, 0x06, 0x07, 0x0e,
    0x01, 0x16, 0x17, 0x1e, 0x01, 0x32, 0x36, 0x37, 0x3e, 0x01, 0x26, 0x27, 0x2e, 0x01, 0x17, 0x22,
    0x0f, 0x01, 0x27, 0x26, 0x22, 0x06, 0x14, 0x1f, 0x01, 0x07, 0x06, 0x14, 0x16, 0x32, 0x3f, 0x01,
    0x17, 0x16, 0x32, 0x36, 0x34, 0x2f, 0x01, 0x37, 0x36, 0x34, 0x26, 0x01, 0x0d, 0x01, 0x0c, 0x0d,
    0x01, 0x0f, 0x30, 0x0f, 0x03, 0x01, 0x05, 0x0b, 0x0a, 0x15, 0x0d, 0x0e, 0x11, 0x14, 0x0c, 0x01,
    0x05, 0x0c, 0x0f, 0x11, 0x03, 0x05, 0x04, 0x05, 0x21, 0x1f, 0x19, 0x11, 0x10, 0x01, 0x11, 0x0c,
    0x01, 0x01, 0x01, 0x05, 0x0d, 0x10, 0x23, 0x26, 0x11, 0x03, 0x03, 0x11, 0x26, 0x23, 0x10, 0x0d,
    0x03, 0x8e, 0x08, 0x30, 0x0f, 0x0c, 0x2a, 0x13, 0x02, 0x03, 0x4d, 0x1b, 0x13, 0x0d, 0x09, 0x09,
    0x0d, 0x13, 0x36, 0x13, 0x0d, 0x09, 0x09, 0x0d, 0x13, 0x1b, 0x11, 0x1f, 0x0c, 0x10, 0x0b, 0x0b,
    0x10, 0x0c, 0x1f, 0x22, 0x1f, 0x0c, 0x10, 0x0b, 0x0b, 0x10, 0x0c, 0x1f, 0x0a, 0x06, 0x04, 0x11,
    0x11, 0x04, 0x0b, 0x09, 0x05, 0x10, 0x10, 0x05, 0x09, 0x0b, 0x04, 0x11, 0x11, 0x04, 0x0b, 0x09,
    0x05, 0x10, 0x10, 0x05, 0x09, 0xb9, 0x01, 0x07, 0x04, 0x06, 0x07, 0x15, 0x13, 0x05, 0x10, 0x16,
    0x0d, 0x08, 0x04, 0x06, 0x0c, 0x14, 0x05, 0x06, 0x02, 0x50, 0x04, 0x05, 0x07, 0x04, 0x0a, 0x0a,
    0x07, 0x06, 0x05, 0x0f, 0x0c, 0x10, 0x0e, 0x07, 0x23, 0x0a, 0x19, 0x05, 0x04, 0x07, 0x04, 0x0c,
    0x13, 0x1e, 0x11, 0x13, 0x04, 0x05, 0x13, 0x03, 0x03, 0x13, 0x05, 0x04, 0x13, 0x11, 0x1e, 0x0e,
    0x0b, 0x3e, 0x08, 0x05, 0x13, 0x28, 0x0e, 0x14, 0x14, 0x16, 0x54, 0x14, 0x0c, 0x22, 0x22, 0x0c,
    0x14, 0x14, 0x0c, 0x22, 0x22, 0x0c, 0x14, 0x12, 0x0c, 0x0c, 0x10, 0x2c, 0x2b, 0x11, 0x0c, 0x0c,
    0x0c, 0x0c, 0x11, 0x2b, 0x2c, 0x10, 0x0c, 0x0c, 0x2b, 0x04, 0x11, 0x11, 0x04, 0x09, 0x0b, 0x04,
    0x11, 0x11, 0x04, 0x0b, 0x09, 0x05, 0x10, 0x10, 0x05, 0x09, 0x0b, 0x04, 0x11, 0x11, 0x04, 0x0b,
    0x09, 0x00, 0x00, 0x00, 0x00, 0x05, 0xff, 0xff, 0x00, 0x00, 0x01, 0x2e, 0x01, 0x2c, 0x00, 0x16,
    0x00, 0x2c, 0x00, 0x80, 0x00, 0x8e, 0x00, 0x9b, 0x00, 0x00, 0x13, 0x34, 0x36, 0x3b, 0x01, 0x32,
    0x16, 0x0f, 0x01, 0x33, 0x32, 0x16, 0x14, 0x06, 0x2b, 0x01, 0x22, 0x26, 0x3f, 0x01, 0x23, 0x22,
    0x26, 0x07, 0x23, 0x37, 0x36, 0x26, 0x2b, 0x01, 0x22, 0x06, 0x14, 0x16, 0x3b, 0x01, 0x07, 0x06,
    0x16, 0x3b, 0x01, 0x32, 0x36, 0x34, 0x26, 0x17, 0x23, 0x27, 0x23, 0x15, 0x23, 0x06, 0x07, 0x06,
    0x22, 0x27, 0x26, 0x27, 0x23, 0x35, 0x37, 0x16, 0x33, 0x32, 0x37, 0x35, 0x06, 0x23, 0x22, 0x26,
    0x34, 0x3e, 0x01, 0x17, 0x16, 0x17, 0x36, 0x3b, 0x01, 0x36, 0x37, 0x36, 0x33, 0x35, 0x22, 0x0f,
    0x01, 0x27, 0x26, 0x07, 0x06, 0x07, 0x06, 0x15, 0x14, 0x17, 0x07, 0x23, 0x0e, 0x01, 0x1d, 0x01,
    0x14, 0x17, 0x1e, 0x01, 0x1f, 0x01, 0x16, 0x17, 0x16, 0x17, 0x16, 0x32, 0x37, 0x36, 0x37, 0x36,
    0x3f, 0x01, 0x3e, 0x01, 0x37, 0x36, 0x3d, 0x01, 0x34, 0x26, 0x27, 0x07, 0x31, 0x22, 0x06, 0x1d,
    0x01, 0x14, 0x16, 0x32, 0x36, 0x3d, 0x01, 0x34, 0x26, 0x23, 0x22, 0x06, 0x1d, 0x01, 0x14, 0x16,
    0x32, 0x36, 0x3d, 0x01, 0x34, 0x26, 0xd8, 0x05, 0x04, 0x42, 0x05, 0x06, 0x04, 0x37, 0x30, 0x04,
    0x05, 0x05, 0x04, 0x42, 0x06, 0x05, 0x03, 0x38, 0x30, 0x04, 0x05, 0x1c, 0x1b, 0x22, 0x04, 0x06,
    0x05, 0x2f, 0x04, 0x06, 0x06, 0x04, 0x1a, 0x22, 0x03, 0x05, 0x06, 0x2f, 0x03, 0x06, 0x06, 0x51,
    0x02, 0x01, 0x19, 0x01, 0x0b, 0x0b, 0x24, 0x46, 0x24, 0x0b, 0x0b, 0x01, 0x01, 0x0c, 0x14, 0x0c,
    0x0c, 0x0a, 0x0e, 0x15, 0x0c, 0x0f, 0x30, 0x08, 0x02, 0x01, 0x05, 0x06, 0x1e, 0x01, 0x01, 0x06,
    0x12, 0x1e, 0x0e, 0x03, 0x03, 0x11, 0x26, 0x23, 0x10, 0x0d, 0x05, 0x03, 0x02, 0x0d, 0x0f, 0x03,
    0x02, 0x07, 0x07, 0x0b, 0x06, 0x07, 0x0c, 0x0d, 0x29, 0x52, 0x29, 0x0d, 0x0c, 0x07, 0x06, 0x0b,
    0x07, 0x07, 0x02, 0x03, 0x0f, 0x0d, 0x59, 0x06, 0x08, 0x08, 0x0c, 0x08, 0x08, 0x48, 0x06, 0x08,
    0x08, 0x0c, 0x08, 0x08, 0x01, 0x23, 0x03, 0x06, 0x0a, 0x05, 0x4f, 0x05, 0x08, 0x06, 0x0b, 0x04,
    0x4f, 0x06, 0x76, 0x29, 0x04, 0x0b, 0x06, 0x07, 0x06, 0x29, 0x04, 0x0b, 0x05, 0x08, 0x06, 0x05,
    0x05, 0x60, 0x06, 0x05, 0x0f, 0x0f, 0x05, 0x06, 0x50, 0x02, 0x05, 0x03, 0x1e, 0x05, 0x0e, 0x27,
    0x14, 0x05, 0x08, 0x02, 0x04, 0x02, 0x02, 0x02, 0x06, 0x1c, 0x0f, 0x03, 0x03, 0x12, 0x04, 0x04,
    0x13, 0x11, 0x1e, 0x13, 0x0c, 0x10, 0x07, 0x19, 0x0f, 0x17, 0x06, 0x05, 0x03, 0x09, 0x06, 0x08,
    0x04, 0x05, 0x06, 0x06, 0x11, 0x11, 0x06, 0x06, 0x04, 0x05, 0x08, 0x06, 0x09, 0x03, 0x05, 0x06,
    0x17, 0x0f, 0x19, 0x07, 0x21, 0x08, 0x06, 0x1c, 0x06, 0x08, 0x08, 0x06, 0x1c, 0x06, 0x08, 0x08,
    0x06, 0x1c, 0x06, 0x08, 0x08, 0x06, 0x1c, 0x06, 0x08, 0x00, 0x00, 0x00, 0x00, 0x04, 0x00, 0x00,
    0x00, 0x00, 0x01, 0x2d, 0x01, 0x1e, 0x00, 0x0c, 0x00, 0x1e, 0x00, 0x60, 0x00, 0x6a, 0x00, 0x00,
    0x37, 0x32, 0x1e, 0x01, 0x14, 0x0e, 0x01, 0x22, 0x2e, 0x01, 0x34, 0x3e, 0x01, 0x17, 0x26, 0x22,
    0x0f, 0x01, 0x27, 0x26, 0x22, 0x06, 0x14, 0x1f, 0x01, 0x16, 0x32, 0x3f, 0x01, 0x36, 0x34, 0x27,
    0x36, 0x17, 0x16, 0x17, 0x16, 0x15, 0x14, 0x07, 0x26, 0x27, 0x36, 0x35, 0x34, 0x2e, 0x01, 0x06,
    0x17, 0x16, 0x17, 0x06, 0x07, 0x27, 0x06, 0x07, 0x06, 0x23, 0x22, 0x27, 0x07, 0x15, 0x33, 0x16,
    0x17, 0x31, 0x16, 0x17, 0x16, 0x17, 0x26, 0x27, 0x26, 0x27, 0x26, 0x2f, 0x01, 0x2e, 0x01, 0x27,
    0x26, 0x3d, 0x01, 0x34, 0x36, 0x37, 0x33, 0x37, 0x26, 0x35, 0x34, 0x37, 0x36, 0x37, 0x36, 0x1f,
    0x01, 0x07, 0x26, 0x0e, 0x01, 0x14, 0x16, 0x32, 0x36, 0x37, 0x36, 0xd8, 0x17, 0x26, 0x17, 0x17,
    0x26, 0x2e, 0x27, 0x17, 0x17, 0x27, 0x43, 0x03, 0x08, 0x03, 0x28, 0x15, 0x03, 0x08, 0x05, 0x02,
    0x1d, 0x02, 0x08, 0x03, 0x2f, 0x02, 0x6d, 0x11, 0x26, 0x23, 0x10, 0x0d, 0x04, 0x0c, 0x0e, 0x02,
    0x0f, 0x30, 0x0f, 0x03, 0x02, 0x07, 0x0d, 0x0c, 0x03, 0x04, 0x06, 0x12, 0x21, 0x14, 0x0c, 0x01,
    0x01, 0x0b, 0x0b, 0x0d, 0x10, 0x05, 0x0a, 0x1d, 0x1a, 0x0d, 0x0c, 0x07, 0x06, 0x0b, 0x07, 0x07,
    0x02, 0x03, 0x0f, 0x0d, 0x02, 0x03, 0x05, 0x0d, 0x10, 0x23, 0x26, 0x11, 0x03, 0x17, 0x08, 0x30,
    0x0f, 0x0c, 0x2a, 0x13, 0x02, 0x03, 0xa9, 0x17, 0x27, 0x2e, 0x26, 0x17, 0x17, 0x26, 0x2e, 0x27,
    0x17, 0x3b, 0x03, 0x03, 0x28, 0x15, 0x03, 0x06, 0x08, 0x02, 0x1c, 0x03, 0x03, 0x2e, 0x03, 0x08,
    0xa0, 0x12, 0x04, 0x04, 0x13, 0x11, 0x1e, 0x0f, 0x0c, 0x06, 0x04, 0x06, 0x0b, 0x14, 0x14, 0x05,
    0x10, 0x17, 0x11, 0x0a, 0x04, 0x08, 0x05, 0x08, 0x06, 0x13, 0x05, 0x02, 0x50, 0x06, 0x05, 0x06,
    0x04, 0x11, 0x0e, 0x04, 0x0b, 0x06, 0x06, 0x05, 0x04, 0x08, 0x06, 0x09, 0x03, 0x06, 0x05, 0x17,
    0x0f, 0x19, 0x07, 0x10, 0x0c, 0x13, 0x1e, 0x11, 0x13, 0x04, 0x04, 0x12, 0x03, 0x10, 0x08, 0x05,
    0x14, 0x27, 0x0e, 0x14, 0x13, 0x17, 0x00, 0x00, 0x00, 0x06, 0xff, 0xff, 0x00, 0x00, 0x01, 0x2c,
    0x01, 0x1e, 0x00, 0x0b, 0x00, 0x34, 0x00, 0x3e, 0x00, 0x63, 0x00, 0x6b, 0x00, 0x82, 0x00, 0x00,
    0x37, 0x15, 0x14, 0x06, 0x22, 0x26, 0x3d, 0x01, 0x34, 0x36, 0x32, 0x16, 0x17, 0x15, 0x14, 0x07,
    0x0e, 0x01, 0x0f, 0x01, 0x27, 0x35, 0x27, 0x06, 0x23, 0x22, 0x2f, 0x01, 0x37, 0x36, 0x26, 0x0f,
    0x01, 0x27, 0x36, 0x37, 0x36, 0x1f, 0x01, 0x37, 0x36, 0x17, 0x16, 0x17, 0x16, 0x15, 0x14, 0x07,
    0x1f, 0x01, 0x1e, 0x01, 0x15, 0x27, 0x34, 0x2e, 0x01, 0x06, 0x17, 0x1e, 0x01, 0x32, 0x36, 0x17,
    0x16, 0x14, 0x06, 0x22, 0x2f, 0x01, 0x07, 0x06, 0x22, 0x27, 0x26, 0x27, 0x26, 0x2f, 0x01, 0x2e,
    0x01, 0x27, 0x26, 0x3d, 0x01, 0x34, 0x36, 0x3f, 0x02, 0x26, 0x35, 0x34, 0x37, 0x27, 0x26, 0x34,
    0x36, 0x32, 0x1f, 0x01, 0x06, 0x15, 0x14, 0x16, 0x33, 0x32, 0x37, 0x17, 0x27, 0x15, 0x14, 0x06,
    0x22, 0x26, 0x3d, 0x01, 0x27, 0x06, 0x23, 0x22, 0x27, 0x07, 0x15, 0x17, 0x16, 0x17, 0x16, 0x32,
    0x3f, 0x01, 0x83, 0x08, 0x0c, 0x08, 0x08, 0x0c, 0x08, 0xa9, 0x03, 0x02, 0x07, 0x07, 0x04, 0x21,
    0x01, 0x0c, 0x14, 0x0c, 0x0c, 0x39, 0x01, 0x03, 0x0f, 0x18, 0x07, 0x17, 0x0d, 0x0e, 0x26, 0x11,
    0x03, 0x03, 0x11, 0x26, 0x23, 0x10, 0x0d, 0x05, 0x03, 0x02, 0x0d, 0x0f, 0x38, 0x0f, 0x30, 0x0f,
    0x03, 0x02, 0x13, 0x2a, 0x0c, 0x23, 0x02, 0x05, 0x08, 0x03, 0x14, 0x0d, 0x29, 0x52, 0x29, 0x0d,
    0x0c, 0x07, 0x06, 0x0b, 0x07, 0x07, 0x02, 0x03, 0x0f, 0x0d, 0x02, 0x03, 0x05, 0x09, 0x10, 0x02,
    0x05, 0x08, 0x03, 0x17, 0x02, 0x0c, 0x15, 0x0a, 0x08, 0x75, 0x1b, 0x08, 0x0c, 0x08, 0x29, 0x10,
    0x17, 0x14, 0x0c, 0x01, 0x01, 0x0b, 0x0b, 0x24, 0x46, 0x24, 0x03, 0x75, 0x1c, 0x06, 0x08, 0x08,
    0x06, 0x1c, 0x06, 0x08, 0x08, 0x06, 0x18, 0x05, 0x05, 0x04, 0x08, 0x06, 0x03, 0x22, 0x39, 0x02,
    0x05, 0x03, 0x39, 0x07, 0x16, 0x11, 0x03, 0x01, 0x16, 0x05, 0x02, 0x04, 0x12, 0x04, 0x04, 0x12,
    0x04, 0x04, 0x14, 0x10, 0x1e, 0x13, 0x0c, 0x10, 0x01, 0x06, 0x19, 0x0f, 0x5e, 0x14, 0x13, 0x06,
    0x11, 0x16, 0x14, 0x13, 0x0d, 0x9c, 0x03, 0x08, 0x05, 0x03, 0x14, 0x06, 0x12, 0x12, 0x05, 0x07,
    0x04, 0x05, 0x08, 0x06, 0x08, 0x04, 0x05, 0x05, 0x18, 0x0f, 0x19, 0x06, 0x01, 0x10, 0x0c, 0x13,
    0x17, 0x10, 0x0f, 0x03, 0x08, 0x05, 0x02, 0x32, 0x08, 0x0a, 0x14, 0x0d, 0x02, 0x75, 0x1b, 0x01,
    0x06, 0x08, 0x08, 0x06, 0x1d, 0x29, 0x09, 0x05, 0x02, 0x50, 0x01, 0x05, 0x05, 0x0f, 0x0f, 0x01,
    0x00, 0x08, 0x00, 0x00, 0x00, 0x00, 0x01, 0x26, 0x01, 0x0e, 0x00, 0x0c, 0x00, 0x49, 0x00, 0x57,
    0x00, 0x66, 0x00, 0x73, 0x00, 0x7f, 0x00, 0x88, 0x00, 0x8e, 0x00, 0x00, 0x37, 0x22, 0x06, 0x1d,
    0x01, 0x14, 0x16, 0x3e, 0x01, 0x3d, 0x01, 0x34, 0x26, 0x37, 0x32, 0x17, 0x39, 0x01, 0x26, 0x2f,
    0x01, 0x26, 0x27, 0x36, 0x35, 0x34, 0x27, 0x26, 0x27, 0x26, 0x22, 0x07, 0x06, 0x07, 0x06, 0x15,
    0x14, 0x17, 0x06, 0x07, 0x06, 0x07, 0x06, 0x0f, 0x01, 0x15, 0x14, 0x17, 0x16, 0x17, 0x16, 0x17,
    0x16, 0x3b, 0x01, 0x26, 0x27, 0x22, 0x27, 0x26, 0x27, 0x35, 0x37, 0x17, 0x16, 0x33, 0x32, 0x3f,
    0x01, 0x33, 0x17, 0x16, 0x17, 0x36, 0x27, 0x14, 0x07, 0x0e, 0x01, 0x23, 0x22, 0x26, 0x34, 0x3e,
    0x01, 0x17, 0x16, 0x15, 0x17, 0x26, 0x27, 0x26, 0x35, 0x31, 0x34, 0x37, 0x36, 0x1e, 0x01, 0x14,
    0x06, 0x23, 0x22, 0x17, 0x22, 0x0e, 0x01, 0x14, 0x1e, 0x01, 0x32, 0x3e, 0x01, 0x34, 0x2e, 0x01,
    0x07, 0x34, 0x36, 0x32, 0x16, 0x1d, 0x01, 0x14, 0x06, 0x22, 0x26, 0x35, 0x17, 0x22, 0x26, 0x34,
    0x36, 0x32, 0x16, 0x14, 0x06, 0x37, 0x30, 0x31, 0x27, 0x16, 0x17, 0x78, 0x05, 0x07, 0x07, 0x0a,
    0x07, 0x07, 0x67, 0x16, 0x13, 0x05, 0x02, 0x01, 0x04, 0x03, 0x01, 0x0e, 0x07, 0x0a, 0x1f, 0x56,
    0x1f, 0x0b, 0x06, 0x0e, 0x01, 0x03, 0x05, 0x0a, 0x0a, 0x07, 0x04, 0x01, 0x01, 0x06, 0x13, 0x17,
    0x1c, 0x21, 0x22, 0x05, 0x05, 0x02, 0x1b, 0x1d, 0x14, 0x12, 0x01, 0x01, 0x0e, 0x20, 0x1b, 0x0f,
    0x04, 0x04, 0x04, 0x09, 0x0e, 0x16, 0x3c, 0x01, 0x02, 0x12, 0x12, 0x18, 0x0f, 0x12, 0x2f, 0x08,
    0x05, 0x1d, 0x08, 0x02, 0x01, 0x05, 0x08, 0x2f, 0x12, 0x0f, 0x18, 0x13, 0x31, 0x12, 0x1e, 0x12,
    0x12, 0x1e, 0x24, 0x1e, 0x12, 0x12, 0x1e, 0x18, 0x04, 0x04, 0x04, 0x04, 0x04, 0x04, 0x06, 0x03,
    0x04, 0x04, 0x06, 0x04, 0x04, 0x26, 0x07, 0x02, 0x05, 0x7b, 0x07, 0x05, 0x19, 0x05, 0x07, 0x01,
    0x07, 0x05, 0x18, 0x05, 0x07, 0x21, 0x0b, 0x0c, 0x05, 0x01, 0x0c, 0x05, 0x05, 0x08, 0x1b, 0x0e,
    0x07, 0x04, 0x19, 0x19, 0x04, 0x07, 0x0e, 0x1b, 0x06, 0x07, 0x06, 0x0c, 0x03, 0x0a, 0x09, 0x0a,
    0x03, 0x22, 0x02, 0x01, 0x0a, 0x0e, 0x0f, 0x0a, 0x0b, 0x09, 0x09, 0x0a, 0x06, 0x0a, 0x4f, 0x01,
    0x01, 0x0f, 0x12, 0x06, 0x06, 0x0b, 0x05, 0x10, 0x34, 0x06, 0x05, 0x14, 0x15, 0x10, 0x28, 0x13,
    0x05, 0x09, 0x06, 0x0d, 0x29, 0x0a, 0x14, 0x06, 0x05, 0x0d, 0x06, 0x09, 0x05, 0x13, 0x28, 0x10,
    0x12, 0x12, 0x1e, 0x24, 0x1e, 0x12, 0x12, 0x1e, 0x24, 0x1e, 0x12, 0x1e, 0x02, 0x04, 0x04, 0x02,
    0x30, 0x02, 0x04, 0x04, 0x02, 0x20, 0x05, 0x06, 0x04, 0x04, 0x06, 0x05, 0x75, 0x11, 0x05, 0x0c,
    0x00, 0x05, 0x00, 0x00, 0x00, 0x00, 0x01, 0x2c, 0x01, 0x1d, 0x00, 0x0c, 0x00, 0x18, 0x00, 0x21,
    0x00, 0x5c, 0x00, 0x66, 0x00, 0x00, 0x37, 0x22, 0x0e, 0x01, 0x14, 0x1e, 0x01, 0x32, 0x3e, 0x01,
    0x34, 0x2e, 0x01, 0x07, 0x34, 0x36, 0x32, 0x16, 0x1d, 0x01, 0x14, 0x06, 0x22, 0x26, 0x35, 0x17,
    0x22, 0x26, 0x34, 0x36, 0x32, 0x16, 0x14, 0x06, 0x27, 0x35, 0x37, 0x16, 0x33, 0x32, 0x37, 0x36,
    0x37, 0x17, 0x36, 0x37, 0x26, 0x27, 0x26, 0x36, 0x1e, 0x01, 0x15, 0x14, 0x07, 0x16, 0x17, 0x36,
    0x35, 0x34, 0x27, 0x26, 0x27, 0x26, 0x0f, 0x01, 0x27, 0x26, 0x07, 0x06, 0x07, 0x06, 0x15, 0x14,
    0x17, 0x06, 0x07, 0x15, 0x0e, 0x01, 0x07, 0x15, 0x16, 0x17, 0x16, 0x17, 0x16, 0x17, 0x26, 0x27,
    0x26, 0x27, 0x26, 0x37, 0x3e, 0x01, 0x16, 0x07, 0x0e, 0x01, 0x22, 0x26, 0x34, 0xd8, 0x17, 0x27,
    0x17, 0x17, 0x27, 0x2e, 0x26, 0x17, 0x17, 0x26, 0x21, 0x06, 0x08, 0x05, 0x05, 0x08, 0x06, 0x0a,
    0x06, 0x08, 0x08, 0x0b, 0x09, 0x09, 0xa5, 0x01, 0x0c, 0x14, 0x21, 0x12, 0x06, 0x04, 0x03, 0x0b,
    0x0e, 0x07, 0x02, 0x03, 0x0f, 0x30, 0x0f, 0x02, 0x0e, 0x0c, 0x04, 0x0d, 0x10, 0x23, 0x26, 0x11,
    0x03, 0x03, 0x11, 0x26, 0x23, 0x10, 0x0d, 0x05, 0x01, 0x02, 0x0c, 0x11, 0x01, 0x01, 0x10, 0x12,
    0x19, 0x1f, 0x21, 0x0b, 0x05, 0x11, 0x11, 0x0d, 0x02, 0x08, 0x30, 0x0f, 0x03, 0x02, 0x13, 0x2a,
    0x0c, 0xa9, 0x17, 0x27, 0x2e, 0x26, 0x17, 0x17, 0x26, 0x2e, 0x27, 0x17, 0x26, 0x04, 0x06, 0x06,
    0x04, 0x2f, 0x04, 0x05, 0x05, 0x04, 0x33, 0x08, 0x0c, 0x08, 0x08, 0x0c, 0x08, 0x28, 0x50, 0x02,
    0x06, 0x13, 0x06, 0x08, 0x04, 0x07, 0x05, 0x0a, 0x11, 0x16, 0x10, 0x05, 0x13, 0x15, 0x0a, 0x06,
    0x04, 0x06, 0x0c, 0x0e, 0x1e, 0x11, 0x14, 0x03, 0x05, 0x13, 0x03, 0x03, 0x13, 0x05, 0x03, 0x14,
    0x11, 0x1e, 0x13, 0x0c, 0x04, 0x07, 0x04, 0x05, 0x18, 0x0a, 0x25, 0x08, 0x0d, 0x10, 0x0c, 0x0f,
    0x04, 0x0f, 0x11, 0x04, 0x07, 0x06, 0xaa, 0x0b, 0x05, 0x10, 0x16, 0x14, 0x14, 0x0e, 0x28, 0x00,
    0x00, 0x06, 0x00, 0x00, 0x00, 0x00, 0x01, 0x2d, 0x01, 0x1d, 0x00, 0x0c, 0x00, 0x19, 0x00, 0x46,
    0x00, 0x61, 0x00, 0x6c, 0x00, 0x76, 0x00, 0x00, 0x37, 0x32, 0x16, 0x1d, 0x01, 0x14, 0x06, 0x22,
    0x26, 0x3d, 0x01, 0x34, 0x36, 0x33, 0x32, 0x16, 0x1d, 0x01, 0x14, 0x06, 0x22, 0x26, 0x3d, 0x01,
    0x34, 0x36, 0x27, 0x36, 0x17, 0x16, 0x17, 0x16, 0x15, 0x14, 0x07, 0x16, 0x1f, 0x01, 0x1e, 0x01,
    0x17, 0x15, 0x14, 0x06, 0x07, 0x06, 0x07, 0x06, 0x22, 0x27, 0x26, 0x27, 0x2e, 0x01, 0x27, 0x35,
    0x3e, 0x01, 0x37, 0x35, 0x36, 0x37, 0x26, 0x35, 0x34, 0x37, 0x36, 0x37, 0x36, 0x1f, 0x01, 0x15,
    0x06, 0x07, 0x06, 0x23, 0x22, 0x27, 0x07, 0x15, 0x16, 0x17, 0x16, 0x17, 0x16, 0x32, 0x37, 0x36,
    0x37, 0x36, 0x37, 0x35, 0x27, 0x06, 0x23, 0x22, 0x27, 0x26, 0x27, 0x26, 0x06, 0x07, 0x06, 0x14,
    0x16, 0x32, 0x36, 0x37, 0x36, 0x37, 0x26, 0x06, 0x17, 0x1e, 0x01, 0x32, 0x36, 0x34, 0x26, 0x75,
    0x06, 0x08, 0x08, 0x0c, 0x08, 0x08, 0x48, 0x06, 0x08, 0x08, 0x0c, 0x08, 0x08, 0x18, 0x11, 0x26,
    0x23, 0x10, 0x0d, 0x05, 0x01, 0x01, 0x01, 0x0c, 0x11, 0x01, 0x18, 0x12, 0x17, 0x19, 0x1e, 0x3c,
    0x1d, 0x19, 0x16, 0x13, 0x18, 0x01, 0x01, 0x11, 0x0c, 0x02, 0x01, 0x05, 0x0d, 0x10, 0x23, 0x26,
    0x11, 0x03, 0x04, 0x06, 0x12, 0x21, 0x14, 0x0c, 0x01, 0x05, 0x0d, 0x11, 0x11, 0x17, 0x26, 0x17,
    0x11, 0x10, 0x0e, 0x05, 0x01, 0x0c, 0x14, 0x21, 0x12, 0x06, 0x1b, 0x08, 0x30, 0x08, 0x07, 0x0c,
    0x2a, 0x13, 0x02, 0x03, 0x47, 0x18, 0x0f, 0x03, 0x02, 0x13, 0x2a, 0x0c, 0x0f, 0x83, 0x09, 0x06,
    0x1c, 0x05, 0x09, 0x09, 0x05, 0x1c, 0x06, 0x09, 0x09, 0x06, 0x1c, 0x05, 0x09, 0x09, 0x05, 0x1c,
    0x06, 0x09, 0x87, 0x13, 0x05, 0x03, 0x14, 0x11, 0x1e, 0x13, 0x0c, 0x04, 0x07, 0x04, 0x05, 0x19,
    0x0a, 0x23, 0x06, 0x17, 0x0c, 0x0d, 0x08, 0x09, 0x09, 0x07, 0x0d, 0x0b, 0x18, 0x06, 0x25, 0x0a,
    0x18, 0x05, 0x04, 0x07, 0x04, 0x0c, 0x13, 0x1e, 0x11, 0x14, 0x03, 0x05, 0x13, 0x03, 0x51, 0x08,
    0x06, 0x13, 0x06, 0x02, 0x50, 0x04, 0x06, 0x07, 0x04, 0x06, 0x06, 0x04, 0x07, 0x06, 0x04, 0x50,
    0x02, 0x06, 0x13, 0x06, 0x49, 0x08, 0x05, 0x0b, 0x08, 0x28, 0x0e, 0x14, 0x14, 0x16, 0x0e, 0x02,
    0x10, 0x16, 0x14, 0x14, 0x0e, 0x28, 0x13, 0x00, 0x00, 0x03, 0x00, 0x00, 0x00, 0x00, 0x00, 0xf4,
    0x01, 0x1a, 0x00, 0x10, 0x00, 0x20, 0x00, 0x30, 0x00, 0x00, 0x37, 0x15, 0x2e, 0x01, 0x3d, 0x01,
    0x34, 0x3e, 0x01, 0x3b, 0x01, 0x32, 0x16, 0x17, 0x23, 0x22, 0x06, 0x17, 0x23, 0x22, 0x26, 0x3d,
    0x01, 0x34, 0x36, 0x3b, 0x01, 0x32, 0x16, 0x1d, 0x01, 0x14, 0x06, 0x37, 0x34, 0x26, 0x2b, 0x01,
    0x22, 0x06, 0x1d, 0x01, 0x14, 0x16, 0x3b, 0x01, 0x32, 0x36, 0x35, 0x38, 0x08, 0x0a, 0x14, 0x22,
    0x15, 0x38, 0x0a, 0x11, 0x05, 0x58, 0x18, 0x21, 0x96, 0x5d, 0x10, 0x16, 0x16, 0x0f, 0x5e, 0x10,
    0x16, 0x16, 0x03, 0x0b, 0x08, 0x5d, 0x08, 0x0b, 0x0b, 0x08, 0x5d, 0x08, 0x0b, 0xce, 0x91, 0x05,
    0x12, 0x0a, 0x70, 0x15, 0x22, 0x14, 0x0a, 0x08, 0x22, 0xd2, 0x16, 0x0f, 0x96, 0x10, 0x16, 0x16,
    0x10, 0x96, 0x0f, 0x16, 0xbb, 0x08, 0x0b, 0x0b, 0x08, 0x96, 0x08, 0x0a, 0x0a, 0x08, 0x00, 0x00,
    0x00, 0x04, 0x00, 0x00, 0x00, 0x00, 0x01, 0x1a, 0x01, 0x1a, 0x00, 0x0c, 0x00, 0x19, 0x00, 0x31,
    0x00, 0x43, 0x00, 0x00, 0x37, 0x32, 0x1e, 0x01, 0x14, 0x0e, 0x01, 0x2e, 0x03, 0x3e, 0x01, 0x37,
    0x22, 0x0e, 0x01, 0x14, 0x1e, 0x01, 0x32, 0x3e, 0x01, 0x34, 0x2e, 0x01, 0x37, 0x22, 0x06, 0x07,
    0x36, 0x3b, 0x01, 0x36, 0x33, 0x32, 0x1e, 0x01, 0x15, 0x14, 0x07, 0x15, 0x14, 0x07, 0x3e, 0x01,
    0x35, 0x34, 0x2e, 0x01, 0x07, 0x37, 0x36, 0x34, 0x26, 0x22, 0x0f, 0x01, 0x27, 0x26, 0x22, 0x06,
    0x14, 0x1f, 0x01, 0x16, 0x32, 0x37, 0x7a, 0x17, 0x27, 0x16, 0x16, 0x27, 0x2e, 0x27, 0x16, 0x01,
    0x17, 0x27, 0x17, 0x1c, 0x30, 0x1b, 0x1b, 0x30, 0x38, 0x2f, 0x1c, 0x1c, 0x2f, 0x1c, 0x18, 0x2b,
    0x0e, 0x0c, 0x0d, 0x03, 0x17, 0x1e, 0x17, 0x27, 0x17, 0x13, 0x03, 0x13, 0x15, 0x1c, 0x2f, 0x65,
    0x42, 0x02, 0x05, 0x08, 0x03, 0x3b, 0x10, 0x03, 0x08, 0x05, 0x02, 0x18, 0x03, 0x07, 0x03, 0xce,
    0x16, 0x27, 0x2e, 0x27, 0x17, 0x01, 0x16, 0x27, 0x2e, 0x27, 0x16, 0x13, 0x1c, 0x2f, 0x38, 0x30,
    0x1b, 0x1b, 0x30, 0x38, 0x2f, 0x1c, 0x38, 0x15, 0x13, 0x03, 0x13, 0x17, 0x27, 0x17, 0x1e, 0x17,
    0x03, 0x0d, 0x0c, 0x0e, 0x2b, 0x18, 0x1c, 0x2f, 0x1c, 0xc7, 0x42, 0x03, 0x08, 0x05, 0x03, 0x3b,
    0x11, 0x03, 0x06, 0x07, 0x03, 0x18, 0x02, 0x02, 0x00, 0x04, 0x00, 0x00, 0x00, 0x00, 0x01, 0x1a,
    0x00, 0xf4, 0x00, 0x0b, 0x00, 0x1b, 0x00, 0x25, 0x00, 0x2f, 0x00, 0x00, 0x37, 0x0e, 0x01, 0x1e,
    0x01, 0x3b, 0x01, 0x32, 0x36, 0x34, 0x26, 0x2f, 0x01, 0x34, 0x36, 0x3b, 0x01, 0x32, 0x16, 0x1d,
    0x01, 0x14, 0x06, 0x2b, 0x01, 0x22, 0x26, 0x35, 0x37, 0x35, 0x34, 0x26, 0x2b, 0x01, 0x22, 0x06,
    0x1d, 0x03, 0x14, 0x16, 0x3b, 0x01, 0x32, 0x36, 0x3d, 0x01, 0xc5, 0x04, 0x06, 0x01, 0x05, 0x04,
    0x25, 0x04, 0x06, 0x06, 0x04, 0xd7, 0x1b, 0x14, 0xa8, 0x14, 0x1b, 0x1b, 0x14, 0xa8, 0x14, 0x1b,
    0xf4, 0x11, 0x0c, 0xa8, 0x0c, 0x10, 0x10, 0x0c, 0xa8, 0x0c, 0x11, 0x71, 0x01, 0x05, 0x08, 0x05,
    0x05, 0x08, 0x05, 0x01, 0x54, 0x13, 0x1c, 0x1c, 0x13, 0x5e, 0x13, 0x1c, 0x1c, 0x13, 0x55, 0x09,
    0x0c, 0x10, 0x10, 0x0c, 0x09, 0x13, 0x42, 0x0c, 0x10, 0x10, 0x0c, 0x42, 0x00, 0x02, 0x00, 0x00,
    0x00, 0x00, 0x01, 0x08, 0x01, 0x08, 0x00, 0x11, 0x00, 0x18, 0x00, 0x00, 0x37, 0x34, 0x3e, 0x01,
    0x1f, 0x01, 0x1e, 0x01, 0x06, 0x2b, 0x01, 0x22, 0x0f, 0x01, 0x0e, 0x01, 0x26, 0x35, 0x37, 0x27,
    0x15, 0x37, 0x3e, 0x01, 0x33, 0x4b, 0x0a, 0x0e, 0x06, 0x96, 0x07, 0x01, 0x0b, 0x08, 0x4a, 0x09,
    0x06, 0x2e, 0x06, 0x10, 0x0c, 0xa9, 0x96, 0x2e, 0x05, 0x10, 0x09, 0xf4, 0x07, 0x0b, 0x01, 0x04,
    0x71, 0x05, 0x10, 0x0c, 0x08, 0x3c, 0x07, 0x01, 0x0b, 0x08, 0x4b, 0x71, 0xbc, 0x3d, 0x07, 0x07,
    0x00, 0x01, 0x00, 0x00, 0x00, 0x00, 0x00, 0xcf, 0x00, 0x97, 0x00, 0x0c, 0x00, 0x00, 0x37, 0x34,
    0x36, 0x3b, 0x01, 0x32, 0x16, 0x14, 0x06, 0x2b, 0x01, 0x22, 0x26, 0x5e, 0x05, 0x04, 0x5e, 0x04,
    0x05, 0x05, 0x04, 0x5e, 0x04, 0x05, 0x8d, 0x04, 0x05, 0x05, 0x08, 0x06, 0x06, 0x00, 0x00, 0x00,
    0x00, 0x05, 0x00, 0x00, 0x00, 0x00, 0x01, 0x07, 0x01, 0x0b, 0x00, 0x12, 0x00, 0x30, 0x00, 0x44,
    0x00, 0x55, 0x00, 0x65, 0x00, 0x00, 0x37, 0x14, 0x0f, 0x01, 0x0e, 0x01, 0x22, 0x2e, 0x02, 0x34,
    0x36, 0x3f, 0x01, 0x36, 0x32, 0x1e, 0x01, 0x15, 0x07, 0x22, 0x27, 0x2e, 0x01, 0x34, 0x3e, 0x02,
    0x1f, 0x01, 0x32, 0x1e, 0x02, 0x0e, 0x01, 0x27, 0x23, 0x26, 0x0e, 0x02, 0x14, 0x16, 0x17, 0x1e,
    0x01, 0x0e, 0x01, 0x37, 0x16, 0x32, 0x37, 0x3e, 0x01, 0x35, 0x27, 0x34, 0x26, 0x0e, 0x01, 0x17,
    0x15, 0x14, 0x06, 0x07, 0x0e, 0x01, 0x16, 0x07, 0x22, 0x27, 0x23, 0x2e, 0x01, 0x3e, 0x02, 0x1e,
    0x01, 0x07, 0x14, 0x0e, 0x02, 0x07, 0x35, 0x22, 0x07, 0x31, 0x0e, 0x01, 0x1e, 0x02, 0x3e, 0x01,
    0x35, 0x34, 0x2e, 0x02, 0xd3, 0x02, 0x2c, 0x03, 0x07, 0x08, 0x07, 0x06, 0x03, 0x04, 0x04, 0x39,
    0x02, 0x05, 0x05, 0x03, 0x6b, 0x04, 0x03, 0x0b, 0x0b, 0x0b, 0x17, 0x1e, 0x10, 0x06, 0x02, 0x03,
    0x02, 0x01, 0x01, 0x06, 0x04, 0x04, 0x0c, 0x17, 0x11, 0x08, 0x08, 0x08, 0x02, 0x01, 0x02, 0x05,
    0x55, 0x03, 0x06, 0x03, 0x0b, 0x0b, 0x01, 0x07, 0x07, 0x05, 0x01, 0x08, 0x08, 0x02, 0x01, 0x02,
    0x27, 0x22, 0x1c, 0x01, 0x1c, 0x1a, 0x0d, 0x31, 0x43, 0x3f, 0x26, 0x01, 0x11, 0x1f, 0x2a, 0x16,
    0x1c, 0x18, 0x18, 0x15, 0x0b, 0x28, 0x38, 0x34, 0x20, 0x0f, 0x1a, 0x22, 0xca, 0x04, 0x02, 0x39,
    0x04, 0x04, 0x03, 0x05, 0x08, 0x08, 0x07, 0x03, 0x2c, 0x02, 0x02, 0x05, 0x03, 0x6b, 0x03, 0x0b,
    0x1b, 0x1e, 0x1b, 0x17, 0x0b, 0x01, 0x01, 0x02, 0x03, 0x04, 0x05, 0x05, 0x01, 0x01, 0x09, 0x10,
    0x15, 0x16, 0x15, 0x08, 0x02, 0x05, 0x06, 0x03, 0x02, 0x02, 0x03, 0x0a, 0x1c, 0x0f, 0x0b, 0x04,
    0x04, 0x01, 0x06, 0x04, 0x08, 0x0b, 0x15, 0x08, 0x02, 0x05, 0x06, 0x3b, 0x12, 0x13, 0x3f, 0x43,
    0x31, 0x0d, 0x1a, 0x39, 0x22, 0x16, 0x2a, 0x1f, 0x11, 0x01, 0xcf, 0x10, 0x10, 0x34, 0x38, 0x28,
    0x0b, 0x15, 0x30, 0x1c, 0x13, 0x22, 0x1a, 0x0f, 0x00, 0x03, 0x00, 0x00, 0x00, 0x00, 0x00, 0xf4,
    0x01, 0x1a, 0x00, 0x10, 0x00, 0x1d, 0x00, 0x2c, 0x00, 0x00, 0x13, 0x22, 0x0e, 0x01, 0x1d, 0x01,
    0x14, 0x1e, 0x01, 0x32, 0x3e, 0x01, 0x3d, 0x01, 0x34, 0x2e, 0x01, 0x07, 0x32, 0x1e, 0x01, 0x14,
    0x0e, 0x01, 0x22, 0x2e, 0x01, 0x34, 0x3e, 0x01, 0x17, 0x22, 0x2e, 0x01, 0x3d, 0x01, 0x16, 0x37,
    0x16, 0x37, 0x15, 0x14, 0x0e, 0x01, 0x23, 0x96, 0x1a, 0x2b, 0x19, 0x19, 0x2b, 0x34, 0x2b, 0x19,
    0x19, 0x2b, 0x1a, 0x16, 0x22, 0x13, 0x13, 0x22, 0x2c, 0x22, 0x13, 0x13, 0x22, 0x16, 0x16, 0x22,
    0x13, 0x23, 0x28, 0x28, 0x23, 0x13, 0x22, 0x16, 0x01, 0x19, 0x0c, 0x15, 0x0e, 0xa8, 0x0e, 0x15,
    0x0c, 0x0c, 0x15, 0x0e, 0xa8, 0x0e, 0x15, 0x0c, 0x12, 0x09, 0x0e, 0x0c, 0x0d, 0x09, 0x09, 0x0d,
    0x0c, 0x0e, 0x09, 0xe1, 0x08, 0x0e, 0x06, 0x8c, 0x14, 0x02, 0x02, 0x14, 0x8c, 0x06, 0x0e, 0x09,
    0x00, 0x06, 0xff, 0xff, 0xff, 0xff, 0x01, 0x07, 0x01, 0x07, 0x00, 0x3c, 0x00, 0x44, 0x00, 0x4b,
    0x00, 0x56, 0x00, 0x74, 0x00, 0x7d, 0x00, 0x00, 0x37, 0x32, 0x16, 0x15, 0x33, 0x37, 0x36, 0x32,
    0x16, 0x14, 0x0f, 0x01, 0x15, 0x33, 0x32, 0x16, 0x14, 0x06, 0x2b, 0x01, 0x14, 0x07, 0x17, 0x16,
    0x14, 0x06, 0x22, 0x2f, 0x01, 0x0e, 0x01, 0x22, 0x26, 0x27, 0x07, 0x06, 0x22, 0x26, 0x34, 0x3f,
    0x01, 0x26, 0x35, 0x23, 0x22, 0x26, 0x34, 0x36, 0x3b, 0x01, 0x35, 0x27, 0x26, 0x34, 0x36, 0x32,
    0x1f, 0x01, 0x33, 0x34, 0x36, 0x07, 0x15, 0x14, 0x16, 0x32, 0x36, 0x3d, 0x01, 0x27, 0x22, 0x06,
    0x15, 0x33, 0x34, 0x26, 0x17, 0x14, 0x15, 0x14, 0x06, 0x0f, 0x01, 0x27, 0x3e, 0x01, 0x37, 0x27,
    0x32, 0x1f, 0x01, 0x1e, 0x01, 0x14, 0x06, 0x0f, 0x01, 0x26, 0x27, 0x37, 0x3e, 0x01, 0x34, 0x26,
    0x2f, 0x01, 0x26, 0x22, 0x06, 0x1d, 0x01, 0x22, 0x07, 0x35, 0x34, 0x3e, 0x01, 0x07, 0x06, 0x07,
    0x26, 0x27, 0x35, 0x34, 0x36, 0x37, 0x4b, 0x10, 0x15, 0x06, 0x10, 0x03, 0x08, 0x05, 0x03, 0x10,
    0x0a, 0x04, 0x05, 0x06, 0x03, 0x0a, 0x04, 0x14, 0x03, 0x06, 0x07, 0x03, 0x11, 0x07, 0x17, 0x18,
    0x17, 0x07, 0x11, 0x03, 0x08, 0x05, 0x03, 0x14, 0x04, 0x0a, 0x04, 0x05, 0x05, 0x04, 0x0a, 0x10,
    0x03, 0x05, 0x08, 0x03, 0x10, 0x05, 0x16, 0x16, 0x16, 0x20, 0x15, 0x25, 0x08, 0x0b, 0x26, 0x0b,
    0x8e, 0x08, 0x06, 0x35, 0x08, 0x07, 0x09, 0x02, 0x54, 0x07, 0x07, 0x96, 0x07, 0x07, 0x07, 0x07,
    0x53, 0x05, 0x0a, 0x59, 0x02, 0x03, 0x03, 0x02, 0x96, 0x02, 0x07, 0x05, 0x09, 0x0a, 0x08, 0x0d,
    0x28, 0x05, 0x04, 0x04, 0x05, 0x0a, 0x08, 0x96, 0x16, 0x10, 0x10, 0x03, 0x05, 0x08, 0x03, 0x10,
    0x18, 0x06, 0x07, 0x06, 0x0a, 0x0a, 0x14, 0x03, 0x08, 0x05, 0x03, 0x10, 0x09, 0x0a, 0x0a, 0x09,
    0x10, 0x03, 0x05, 0x08, 0x03, 0x14, 0x0a, 0x0a, 0x06, 0x07, 0x06, 0x18, 0x10, 0x03, 0x08, 0x05,
    0x03, 0x10, 0x10, 0x16, 0x38, 0x26, 0x0f, 0x16, 0x16, 0x0f, 0x26, 0x25, 0x0b, 0x08, 0x08, 0x0b,
    0x28, 0x02, 0x03, 0x07, 0x0e, 0x03, 0x1e, 0x07, 0x03, 0x0a, 0x07, 0xcb, 0x03, 0x54, 0x04, 0x0d,
    0x10, 0x0d, 0x03, 0x2f, 0x09, 0x04, 0x32, 0x01, 0x05, 0x05, 0x04, 0x01, 0x55, 0x01, 0x06, 0x04,
    0x41, 0x04, 0x45, 0x08, 0x0d, 0x07, 0x6c, 0x05, 0x06, 0x03, 0x02, 0x17, 0x08, 0x0f, 0x03, 0x00,
    0x00, 0x04, 0xff, 0xff, 0xff, 0xff, 0x01, 0x09, 0x01, 0x09, 0x00, 0x18, 0x00, 0x54, 0x00, 0x5b,
    0x00, 0x63, 0x00, 0x00, 0x37, 0x07, 0x26, 0x27, 0x37, 0x36, 0x34, 0x2f, 0x01, 0x26, 0x06, 0x1d,
    0x01, 0x22, 0x07, 0x35, 0x34, 0x3e, 0x01, 0x1f, 0x01, 0x1e, 0x01, 0x06, 0x0f, 0x01, 0x15, 0x33,
    0x32, 0x16, 0x14, 0x06, 0x2b, 0x01, 0x14, 0x07, 0x17, 0x16, 0x14, 0x06, 0x22, 0x2f, 0x01, 0x0e,
    0x01, 0x22, 0x26, 0x27, 0x07, 0x06, 0x22, 0x26, 0x34, 0x3f, 0x01, 0x26, 0x35, 0x23, 0x22, 0x26,
    0x34, 0x36, 0x3b, 0x01, 0x35, 0x27, 0x26, 0x34, 0x36, 0x32, 0x1f, 0x01, 0x33, 0x34, 0x36, 0x32,
    0x16, 0x15, 0x33, 0x37, 0x36, 0x32, 0x16, 0x14, 0x0f, 0x01, 0x33, 0x34, 0x26, 0x22, 0x06, 0x15,
    0x17, 0x23, 0x15, 0x14, 0x16, 0x32, 0x36, 0x35, 0xf8, 0x53, 0x05, 0x0a, 0x59, 0x05, 0x05, 0x96,
    0x05, 0x09, 0x09, 0x0a, 0x0d, 0x14, 0x09, 0x96, 0x09, 0x07, 0x07, 0x09, 0x75, 0x0a, 0x04, 0x05,
    0x05, 0x04, 0x0a, 0x04, 0x14, 0x03, 0x05, 0x08, 0x03, 0x11, 0x07, 0x17, 0x18, 0x17, 0x07, 0x11,
    0x03, 0x07, 0x06, 0x03, 0x14, 0x04, 0x0a, 0x04, 0x05, 0x05, 0x04, 0x0a, 0x10, 0x03, 0x05, 0x08,
    0x03, 0x10, 0x06, 0x15, 0x20, 0x16, 0x05, 0x10, 0x03, 0x08, 0x05, 0x03, 0x5b, 0x26, 0x0b, 0x10,
    0x0b, 0x39, 0x4b, 0x15, 0x20, 0x16, 0x7d, 0x2e, 0x09, 0x04, 0x32, 0x03, 0x0a, 0x03, 0x55, 0x02,
    0x05, 0x06, 0x41, 0x04, 0x45, 0x0b, 0x0f, 0x04, 0x05, 0x54, 0x06, 0x13, 0x13, 0x06, 0x1a, 0x18,
    0x05, 0x08, 0x06, 0x0a, 0x0a, 0x14, 0x03, 0x08, 0x05, 0x03, 0x10, 0x09, 0x0a, 0x0a, 0x09, 0x10,
    0x03, 0x05, 0x08, 0x03, 0x14, 0x0a, 0x0a, 0x06, 0x08, 0x05, 0x18, 0x10, 0x03, 0x08, 0x05, 0x02,
    0x10, 0x0f, 0x16, 0x16, 0x10, 0x11, 0x02, 0x05, 0x08, 0x03, 0x02, 0x07, 0x0b, 0x0b, 0x08, 0x12,
    0x26, 0x0f, 0x16, 0x16, 0x0f, 0x00, 0x00, 0x00, 0x00, 0x04, 0xff, 0xff, 0xff, 0xff, 0x01, 0x09,
    0x01, 0x09, 0x00, 0x18, 0x00, 0x54, 0x00, 0x5b, 0x00, 0x63, 0x00, 0x00, 0x37, 0x07, 0x26, 0x27,
    0x37, 0x36, 0x34, 0x2f, 0x01, 0x26, 0x06, 0x1d, 0x01, 0x22, 0x07, 0x35, 0x34, 0x3e, 0x01, 0x1f,
    0x01, 0x1e, 0x01, 0x06, 0x0f, 0x01, 0x15, 0x33, 0x32, 0x16, 0x14, 0x06, 0x2b, 0x01, 0x14, 0x07,
    0x17, 0x16, 0x14, 0x06, 0x22, 0x2f, 0x01, 0x0e, 0x01, 0x22, 0x26, 0x27, 0x07, 0x06, 0x22, 0x26,
    0x34, 0x3f, 0x01, 0x26, 0x35, 0x23, 0x22, 0x26, 0x34, 0x36, 0x3b, 0x01, 0x35, 0x27, 0x26, 0x34,
    0x36, 0x32, 0x1f, 0x01, 0x33, 0x34, 0x36, 0x32, 0x16, 0x15, 0x33, 0x37, 0x36, 0x32, 0x16, 0x14,
    0x0f, 0x01, 0x33, 0x34, 0x26, 0x22, 0x06, 0x15, 0x17, 0x23, 0x15, 0x14, 0x16, 0x32, 0x36, 0x35,
    0xf8, 0x53, 0x05, 0x0a, 0x59, 0x05, 0x05, 0x96, 0x05, 0x09, 0x09, 0x0a, 0x0d, 0x14, 0x09, 0x96,
    0x09, 0x07, 0x07, 0x09, 0x75, 0x0a, 0x04, 0x05, 0x05, 0x04, 0x0a, 0x04, 0x14, 0x03, 0x05, 0x08,
    0x03, 0x11, 0x07, 0x17, 0x18, 0x17, 0x07, 0x11, 0x03, 0x07, 0x06, 0x03, 0x14, 0x04, 0x0a, 0x04,
    0x05, 0x05, 0x04, 0x0a, 0x10, 0x03, 0x05, 0x08, 0x03, 0x10, 0x06, 0x15, 0x20, 0x16, 0x05, 0x10,
    0x03, 0x08, 0x05, 0x03, 0x5b, 0x26, 0x0b, 0x10, 0x0b, 0x39, 0x4b, 0x15, 0x20, 0x16, 0x7d, 0x2e,
    0x09, 0x04, 0x32, 0x03, 0x0a, 0x03, 0x55, 0x02, 0x05, 0x06, 0x41, 0x04, 0x45, 0x0b, 0x0f, 0x04,
    0x05, 0x54, 0x06, 0x13, 0x13, 0x06, 0x1a, 0x18, 0x05, 0x08, 0x06, 0x0a, 0x0a, 0x14, 0x03, 0x08,
    0x05, 0x03, 0x10, 0x09, 0x0a, 0x0a, 0x09, 0x10, 0x03, 0x05, 0x08, 0x03, 0x14, 0x0a, 0x0a, 0x06,
    0x08, 0x05, 0x18, 0x10, 0x03, 0x08, 0x05, 0x02, 0x10, 0x0f, 0x16, 0x16, 0x10, 0x11, 0x02, 0x05,
    0x08, 0x03, 0x02, 0x07, 0x0b, 0x0b, 0x08, 0x12, 0x26, 0x0f, 0x16, 0x16, 0x0f, 0x00, 0x00, 0x00,
    0x00, 0x04, 0x00, 0x00, 0x00, 0x00, 0x00, 0xe2, 0x00, 0xe2, 0x00, 0x0c, 0x00, 0x15, 0x00, 0x22,
    0x00, 0x2e, 0x00, 0x00, 0x37, 0x22, 0x0e, 0x01, 0x14, 0x1e, 0x01, 0x32, 0x3e, 0x01, 0x34, 0x2e,
    0x01, 0x07, 0x22, 0x26, 0x34, 0x36, 0x32, 0x16, 0x14, 0x06, 0x27, 0x23, 0x22, 0x06, 0x14, 0x16,
    0x3b, 0x01, 0x32, 0x36, 0x34, 0x26, 0x23, 0x15, 0x23, 0x22, 0x06, 0x14, 0x16, 0x3b, 0x01, 0x3e,
    0x01, 0x34, 0x26, 0x96, 0x14, 0x23, 0x14, 0x14, 0x23, 0x28, 0x23, 0x14, 0x14, 0x23, 0x14, 0x17,
    0x21, 0x21, 0x2e, 0x21, 0x21, 0x04, 0x26, 0x04, 0x05, 0x05, 0x04, 0x26, 0x04, 0x05, 0x05, 0x04,
    0x26, 0x04, 0x05, 0x05, 0x04, 0x26, 0x04, 0x05, 0x05, 0xe1, 0x14, 0x23, 0x28, 0x23, 0x14, 0x14,
    0x23, 0x28, 0x23, 0x14, 0x83, 0x21, 0x2e, 0x21, 0x21, 0x2e, 0x21, 0x5e, 0x06, 0x08, 0x05, 0x05,
    0x08, 0x05, 0x38, 0x05, 0x08, 0x06, 0x01, 0x05, 0x08, 0x05, 0x00, 0x00, 0x00, 0x03, 0x00, 0x00,
    0x00, 0x00, 0x00, 0xe2, 0x00, 0xe2, 0x00, 0x0c, 0x00, 0x19, 0x00, 0x25, 0x00, 0x00, 0x37, 0x22,
    0x0e, 0x01, 0x14, 0x1e, 0x01, 0x32, 0x3e, 0x01, 0x34, 0x2e, 0x01, 0x17, 0x23, 0x22, 0x26, 0x3e,
    0x01, 0x3b, 0x01, 0x32, 0x1e, 0x01, 0x06, 0x23, 0x35, 0x23, 0x22, 0x26, 0x3e, 0x01, 0x3b, 0x01,
    0x36, 0x1e, 0x01, 0x06, 0x96, 0x14, 0x23, 0x14, 0x14, 0x23, 0x28, 0x23, 0x14, 0x14, 0x23, 0x08,
    0x38, 0x04, 0x06, 0x01, 0x05, 0x04, 0x38, 0x04, 0x05, 0x01, 0x06, 0x04, 0x38, 0x04, 0x06, 0x01,
    0x05, 0x04, 0x38, 0x04, 0x05, 0x01, 0x06, 0xe1, 0x14, 0x23, 0x28, 0x23, 0x14, 0x14, 0x23, 0x28,
    0x23, 0x14, 0x70, 0x05, 0x08, 0x05, 0x05, 0x08, 0x06, 0x39, 0x05, 0x08, 0x05, 0x01, 0x06, 0x08,
    0x05, 0x00, 0x00, 0x00, 0x00, 0x02, 0x00, 0x00, 0x00, 0x00, 0x00, 0xea, 0x00, 0xe2, 0x00, 0x05,
    0x00, 0x1d, 0x00, 0x00, 0x37, 0x17, 0x07, 0x23, 0x27, 0x3f, 0x01, 0x23, 0x22, 0x06, 0x0f, 0x01,
    0x06, 0x14, 0x1f, 0x01, 0x1e, 0x01, 0x3b, 0x01, 0x32, 0x36, 0x3f, 0x01, 0x36, 0x34, 0x2f, 0x01,
    0x2e, 0x01, 0xb6, 0x21, 0x21, 0x40, 0x21, 0x21, 0x40, 0x40, 0x05, 0x09, 0x03, 0x20, 0x03, 0x03,
    0x20, 0x03, 0x09, 0x05, 0x40, 0x05, 0x09, 0x03, 0x20, 0x03, 0x03, 0x20, 0x03, 0x09, 0xce, 0x38,
    0x38, 0x38, 0x38, 0x13, 0x05, 0x04, 0x39, 0x04, 0x0a, 0x04, 0x39, 0x04, 0x05, 0x05, 0x04, 0x39,
    0x04, 0x0a, 0x04, 0x39, 0x04, 0x05, 0x00, 0x00, 0x00, 0x01, 0x00, 0x00, 0x00, 0x00, 0x00, 0xea,
    0x00, 0xe2, 0x00, 0x17, 0x00, 0x00, 0x37, 0x07, 0x0e, 0x01, 0x2b, 0x01, 0x22, 0x26, 0x2f, 0x01,
    0x26, 0x34, 0x3f, 0x01, 0x3e, 0x01, 0x3b, 0x01, 0x32, 0x16, 0x1f, 0x01, 0x16, 0x14, 0xe7, 0x20,
    0x03, 0x09, 0x05, 0x40, 0x05, 0x09, 0x03, 0x20, 0x03, 0x03, 0x20, 0x03, 0x09, 0x05, 0x40, 0x05,
    0x09, 0x03, 0x20, 0x03, 0x8d, 0x39, 0x04, 0x05, 0x05, 0x04, 0x39, 0x04, 0x0a, 0x04, 0x39, 0x04,
    0x05, 0x05, 0x04, 0x39, 0x04, 0x0a, 0x00, 0x00, 0x00, 0x02, 0x00, 0x00, 0x00, 0x00, 0x00, 0xed,
    0x00, 0xe1, 0x00, 0x0c, 0x00, 0x0f, 0x00, 0x00, 0x37, 0x23, 0x22, 0x26, 0x3f, 0x01, 0x36, 0x32,
    0x1f, 0x01, 0x16, 0x06, 0x23, 0x27, 0x33, 0x27, 0xe2, 0x98, 0x05, 0x06, 0x03, 0x4c, 0x02, 0x0c,
    0x02, 0x4c, 0x03, 0x06, 0x05, 0x88, 0x78, 0x3c, 0x4b, 0x09, 0x05, 0x83, 0x05, 0x05, 0x83, 0x05,
    0x09, 0x13, 0x67, 0x00, 0x00, 0x01, 0x00, 0x00, 0x00, 0x00, 0x00, 0xed, 0x00, 0xe1, 0x00, 0x0c,
    0x00, 0x00, 0x37, 0x27, 0x26, 0x22, 0x0f, 0x01, 0x06, 0x16, 0x3b, 0x01, 0x32, 0x36, 0x27, 0xea,
    0x4c, 0x02, 0x0c, 0x02, 0x4c, 0x03, 0x06, 0x05, 0x98, 0x05, 0x06, 0x03, 0x59, 0x83, 0x05, 0x05,
    0x83, 0x05, 0x09, 0x09, 0x05, 0x00, 0x00, 0x00, 0x00, 0x02, 0x00, 0x00, 0x00, 0x00, 0x00, 0xf4,
    0x00, 0xf4, 0x00, 0x11, 0x00, 0x15, 0x00, 0x00, 0x37, 0x22, 0x2f, 0x01, 0x26, 0x34, 0x3f, 0x01,
    0x36, 0x32, 0x1f, 0x01, 0x16, 0x14, 0x0f, 0x01, 0x06, 0x23, 0x27, 0x17, 0x37, 0x27, 0x96, 0x04,
    0x03, 0x54, 0x03, 0x03, 0x54, 0x03, 0x08, 0x03, 0x54, 0x03, 0x03, 0x54, 0x03, 0x04, 0x47, 0x47,
    0x47, 0x47, 0x38, 0x03, 0x54, 0x03, 0x08, 0x03, 0x54, 0x03, 0x03, 0x54, 0x03, 0x08, 0x03, 0x54,
    0x03, 0x5e, 0x47, 0x47, 0x47, 0x00, 0x00, 0x00, 0x00, 0x01, 0x00, 0x00, 0x00, 0x00, 0x00, 0xf4,
    0x00, 0xf4, 0x00, 0x0f, 0x00, 0x00, 0x37, 0x27, 0x26, 0x22, 0x0f, 0x01, 0x06, 0x14, 0x1f, 0x01,
    0x16, 0x32, 0x3f, 0x01, 0x36, 0x34, 0xf1, 0x54, 0x03, 0x08, 0x03, 0x54, 0x03, 0x03, 0x54, 0x03,
    0x08, 0x03, 0x54, 0x03, 0x9d, 0x54, 0x03, 0x03, 0x54, 0x03, 0x08, 0x03, 0x54, 0x03, 0x03, 0x54,
    0x03, 0x08, 0x00, 0x00, 0x00, 0x03, 0x00, 0x00, 0x00, 0x00, 0x00, 0xe2, 0x00, 0xe2, 0x00, 0x0c,
    0x00, 0x18, 0x00, 0x21, 0x00, 0x00, 0x37, 0x22, 0x0e, 0x01, 0x14, 0x1e, 0x01, 0x32, 0x3e, 0x01,
    0x34, 0x2e, 0x01, 0x07, 0x34, 0x36, 0x32, 0x16, 0x1d, 0x01, 0x14, 0x06, 0x22, 0x26, 0x35, 0x17,
    0x22, 0x26, 0x34, 0x36, 0x32, 0x16, 0x14, 0x06, 0x96, 0x14, 0x23, 0x14, 0x14, 0x23, 0x28, 0x23,
    0x14, 0x14, 0x23, 0x1d, 0x05, 0x08, 0x05, 0x05, 0x08, 0x05, 0x09, 0x05, 0x07, 0x07, 0x0a, 0x07,
    0x07, 0xe1, 0x14, 0x23, 0x28, 0x23, 0x14, 0x14, 0x23, 0x28, 0x23, 0x14, 0x1c, 0x04, 0x05, 0x05,
    0x04, 0x38, 0x04, 0x06, 0x06, 0x04, 0x32, 0x07, 0x0a, 0x07, 0x07, 0x0a, 0x07, 0x00, 0x00, 0x00,
    0x00, 0x04, 0x00, 0x00, 0x00, 0x00, 0x01, 0x10, 0x01, 0x10, 0x00, 0x18, 0x00, 0x27, 0x00, 0x3f,
    0x00, 0x4e, 0x00, 0x00, 0x37, 0x26, 0x22, 0x0f, 0x01, 0x06, 0x15, 0x16, 0x17, 0x07, 0x06, 0x14,
    0x16, 0x32, 0x3f, 0x01, 0x16, 0x33, 0x32, 0x36, 0x3f, 0x01, 0x36, 0x34, 0x27, 0x0f, 0x01, 0x0e,
    0x01, 0x26, 0x34, 0x3f, 0x01, 0x36, 0x32, 0x1f, 0x01, 0x16, 0x14, 0x07, 0x37, 0x26, 0x22, 0x0f,
    0x01, 0x26, 0x06, 0x0f, 0x01, 0x06, 0x14, 0x1f, 0x01, 0x16, 0x32, 0x3f, 0x01, 0x36, 0x35, 0x26,
    0x27, 0x37, 0x36, 0x34, 0x0f, 0x01, 0x06, 0x22, 0x2f, 0x01, 0x26, 0x34, 0x3f, 0x01, 0x36, 0x33,
    0x32, 0x16, 0x14, 0x71, 0x07, 0x14, 0x06, 0x05, 0x13, 0x01, 0x0d, 0x27, 0x03, 0x06, 0x07, 0x03,
    0x27, 0x11, 0x15, 0x0e, 0x19, 0x0a, 0x02, 0x07, 0x07, 0x0d, 0x02, 0x0e, 0x28, 0x1c, 0x0e, 0x04,
    0x01, 0x04, 0x02, 0x3b, 0x02, 0x02, 0x6e, 0x03, 0x07, 0x03, 0x27, 0x13, 0x32, 0x12, 0x02, 0x07,
    0x07, 0x3b, 0x07, 0x14, 0x06, 0x05, 0x13, 0x01, 0x0d, 0x27, 0x03, 0x3d, 0x04, 0x01, 0x04, 0x01,
    0x3c, 0x02, 0x02, 0x02, 0x0f, 0x15, 0x12, 0x1c, 0xad, 0x07, 0x07, 0x04, 0x14, 0x1c, 0x15, 0x11,
    0x27, 0x03, 0x07, 0x06, 0x03, 0x27, 0x0d, 0x0b, 0x0a, 0x02, 0x07, 0x13, 0x07, 0x14, 0x02, 0x0e,
    0x02, 0x1b, 0x28, 0x0e, 0x04, 0x01, 0x01, 0x3c, 0x01, 0x04, 0x02, 0xb0, 0x03, 0x03, 0x27, 0x0e,
    0x04, 0x12, 0x02, 0x07, 0x13, 0x07, 0x3c, 0x07, 0x07, 0x04, 0x14, 0x1c, 0x15, 0x11, 0x27, 0x03,
    0x07, 0x7a, 0x04, 0x01, 0x01, 0x3c, 0x01, 0x04, 0x02, 0x02, 0x0f, 0x1a, 0x28, 0x00, 0x00, 0x00,
    0x00, 0x05, 0x00, 0x00, 0xff, 0xff, 0x01, 0x2d, 0x01, 0x1a, 0x00, 0x20, 0x00, 0x32, 0x00, 0x6e,
    0x00, 0x75, 0x00, 0x7e, 0x00, 0x00, 0x37, 0x33, 0x07, 0x06, 0x07, 0x23, 0x22, 0x26, 0x3d, 0x01,
    0x34, 0x36, 0x3b, 0x01, 0x32, 0x16, 0x1d, 0x01, 0x06, 0x07, 0x26, 0x27, 0x35, 0x34, 0x26, 0x2b,
    0x01, 0x22, 0x06, 0x1d, 0x01, 0x14, 0x16, 0x37, 0x16, 0x32, 0x3f, 0x01, 0x36, 0x34, 0x2f, 0x01,
    0x26, 0x22, 0x06, 0x14, 0x1f, 0x01, 0x07, 0x06, 0x14, 0x17, 0x14, 0x07, 0x17, 0x16, 0x14, 0x06,
    0x22, 0x2f, 0x01, 0x0e, 0x01, 0x22, 0x26, 0x27, 0x07, 0x06, 0x22, 0x26, 0x34, 0x3f, 0x01, 0x26,
    0x35, 0x23, 0x22, 0x26, 0x34, 0x36, 0x3b, 0x01, 0x35, 0x27, 0x26, 0x34, 0x36, 0x32, 0x1f, 0x01,
    0x33, 0x34, 0x36, 0x32, 0x16, 0x07, 0x33, 0x37, 0x36, 0x32, 0x16, 0x14, 0x0f, 0x01, 0x15, 0x33,
    0x32, 0x16, 0x14, 0x06, 0x23, 0x27, 0x33, 0x34, 0x26, 0x22, 0x06, 0x15, 0x17, 0x23, 0x15, 0x14,
    0x16, 0x32, 0x36, 0x3d, 0x01, 0x42, 0x52, 0x08, 0x05, 0x02, 0x43, 0x14, 0x1b, 0x1b, 0x14, 0xa8,
    0x14, 0x1b, 0x05, 0x04, 0x04, 0x05, 0x11, 0x0c, 0xa8, 0x0c, 0x10, 0x10, 0x05, 0x03, 0x08, 0x02,
    0x38, 0x03, 0x03, 0x38, 0x02, 0x08, 0x06, 0x03, 0x32, 0x32, 0x03, 0xe1, 0x04, 0x14, 0x03, 0x05,
    0x08, 0x03, 0x11, 0x07, 0x17, 0x18, 0x17, 0x07, 0x11, 0x03, 0x07, 0x06, 0x03, 0x14, 0x04, 0x0a,
    0x04, 0x05, 0x05, 0x04, 0x0a, 0x10, 0x03, 0x05, 0x08, 0x03, 0x10, 0x06, 0x15, 0x20, 0x16, 0x01,
    0x06, 0x10, 0x03, 0x08, 0x05, 0x03, 0x10, 0x0a, 0x04, 0x05, 0x05, 0x04, 0x55, 0x26, 0x0b, 0x10,
    0x0b, 0x39, 0x4b, 0x15, 0x20, 0x15, 0x26, 0x09, 0x04, 0x06, 0x1b, 0x14, 0xa8, 0x14, 0x1b, 0x1b,
    0x14, 0x56, 0x02, 0x03, 0x06, 0x05, 0x50, 0x0c, 0x11, 0x11, 0x0c, 0xa8, 0x0c, 0x10, 0x28, 0x03,
    0x03, 0x38, 0x03, 0x07, 0x03, 0x38, 0x03, 0x05, 0x08, 0x03, 0x31, 0x32, 0x03, 0x08, 0x18, 0x0a,
    0x0a, 0x14, 0x03, 0x08, 0x05, 0x03, 0x10, 0x09, 0x0a, 0x0a, 0x09, 0x10, 0x03, 0x05, 0x08, 0x03,
    0x14, 0x0a, 0x0a, 0x06, 0x08, 0x05, 0x18, 0x10, 0x03, 0x08, 0x05, 0x02, 0x10, 0x0f, 0x16, 0x16,
    0x10, 0x11, 0x02, 0x05, 0x08, 0x03, 0x10, 0x18, 0x05, 0x08, 0x06, 0x39, 0x07, 0x0b, 0x0b, 0x08,
    0x12, 0x26, 0x0f, 0x16, 0x16, 0x0f, 0x26, 0x00, 0x00, 0x03, 0x00, 0x00, 0x00, 0x00, 0x01, 0x07,
    0x01, 0x08, 0x00, 0x0b, 0x00, 0x19, 0x00, 0x1c, 0x00, 0x00, 0x37, 0x34, 0x26, 0x22, 0x06, 0x1d,
    0x01, 0x1e, 0x01, 0x32, 0x36, 0x35, 0x37, 0x34, 0x3e, 0x01, 0x1f, 0x01, 0x1e, 0x01, 0x0f, 0x01,
    0x06, 0x2e, 0x01, 0x35, 0x37, 0x27, 0x15, 0x38, 0x05, 0x08, 0x06, 0x01, 0x05, 0x08, 0x05, 0x26,
    0x09, 0x0e, 0x06, 0x84, 0x07, 0x01, 0x08, 0x84, 0x06, 0x0e, 0x09, 0x96, 0x83, 0xfd, 0x04, 0x06,
    0x06, 0x04, 0xce, 0x04, 0x05, 0x05, 0x04, 0xc5, 0x07, 0x0a, 0x02, 0x04, 0x5d, 0x06, 0x13, 0x06,
    0x5e, 0x04, 0x01, 0x0b, 0x07, 0x5f, 0x5d, 0xbc, 0x00, 0x03, 0x00, 0x00, 0x00, 0x00, 0x01, 0x1a,
    0x01, 0x07, 0x00, 0x0e, 0x00, 0x11, 0x00, 0x1d, 0x00, 0x00, 0x25, 0x27, 0x26, 0x22, 0x06, 0x17,
    0x15, 0x14, 0x16, 0x32, 0x3f, 0x01, 0x36, 0x34, 0x27, 0x07, 0x35, 0x17, 0x27, 0x15, 0x14, 0x06,
    0x22, 0x26, 0x3d, 0x01, 0x34, 0x36, 0x32, 0x16, 0x01, 0x11, 0x83, 0x05, 0x0d, 0x0c, 0x01, 0x0b,
    0x0d, 0x05, 0x83, 0x08, 0x08, 0x84, 0x69, 0xb4, 0x09, 0x0b, 0x08, 0x08, 0x0b, 0x09, 0xa6, 0x5d,
    0x04, 0x0b, 0x08, 0xbc, 0x08, 0x0b, 0x04, 0x5e, 0x06, 0x13, 0x06, 0x5c, 0x98, 0x4b, 0x61, 0xc4,
    0x06, 0x08, 0x08, 0x06, 0xc4, 0x06, 0x09, 0x09, 0x00, 0x03, 0x00, 0x00, 0x00, 0x00, 0x01, 0x07,
    0x01, 0x07, 0x00, 0x0e, 0x00, 0x2a, 0x00, 0x34, 0x00, 0x00, 0x37, 0x14, 0x06, 0x0f, 0x01, 0x23,
    0x27, 0x2e, 0x01, 0x35, 0x34, 0x36, 0x32, 0x16, 0x07, 0x37, 0x27, 0x26, 0x27, 0x22, 0x06, 0x1d,
    0x01, 0x32, 0x17, 0x35, 0x34, 0x36, 0x32, 0x1f, 0x01, 0x16, 0x14, 0x0f, 0x01, 0x06, 0x0f, 0x01,
    0x37, 0x3e, 0x02, 0x26, 0x07, 0x1e, 0x01, 0x3b, 0x01, 0x32, 0x36, 0x3f, 0x01, 0x23, 0x71, 0x0e,
    0x0b, 0x02, 0x3c, 0x02, 0x0b, 0x0d, 0x21, 0x2f, 0x21, 0x01, 0x88, 0x96, 0x06, 0x08, 0x0b, 0x11,
    0x09, 0x0a, 0x05, 0x07, 0x02, 0x96, 0x05, 0x05, 0x76, 0x07, 0x09, 0x02, 0x91, 0x07, 0x07, 0x01,
    0x08, 0xdd, 0x02, 0x0a, 0x07, 0x07, 0x06, 0x0b, 0x01, 0x05, 0x35, 0x71, 0x0f, 0x18, 0x08, 0x0a,
    0x0a, 0x08, 0x18, 0x0e, 0x18, 0x21, 0x21, 0x17, 0x3e, 0x54, 0x03, 0x01, 0x11, 0x0c, 0x2e, 0x03,
    0x31, 0x04, 0x06, 0x01, 0x55, 0x03, 0x0a, 0x03, 0x43, 0x0c, 0x07, 0x0c, 0x51, 0x04, 0x0d, 0x10,
    0x0d, 0x9c, 0x06, 0x09, 0x09, 0x06, 0x17, 0x00, 0x00, 0x04, 0x00, 0x00, 0x00, 0x00, 0x01, 0x23,
    0x01, 0x23, 0x00, 0x17, 0x00, 0x26, 0x00, 0x50, 0x00, 0x5f, 0x00, 0x00, 0x01, 0x26, 0x22, 0x0f,
    0x01, 0x26, 0x06, 0x0f, 0x01, 0x06, 0x14, 0x1f, 0x01, 0x16, 0x32, 0x3f, 0x01, 0x36, 0x35, 0x26,
    0x27, 0x37, 0x36, 0x34, 0x0f, 0x01, 0x06, 0x22, 0x2f, 0x01, 0x26, 0x34, 0x3f, 0x01, 0x36, 0x33,
    0x32, 0x1e, 0x01, 0x0f, 0x01, 0x27, 0x37, 0x36, 0x34, 0x26, 0x22, 0x0f, 0x01, 0x27, 0x26, 0x22,
    0x0f, 0x01, 0x06, 0x17, 0x14, 0x17, 0x07, 0x06, 0x14, 0x16, 0x32, 0x3f, 0x01, 0x16, 0x33, 0x32,
    0x36, 0x3f, 0x01, 0x36, 0x34, 0x2f, 0x01, 0x37, 0x36, 0x34, 0x26, 0x22, 0x0f, 0x02, 0x0e, 0x01,
    0x2e, 0x01, 0x3f, 0x01, 0x36, 0x32, 0x1f, 0x01, 0x16, 0x14, 0x07, 0x01, 0x20, 0x03, 0x08, 0x02,
    0x27, 0x14, 0x31, 0x12, 0x03, 0x06, 0x06, 0x3c, 0x07, 0x13, 0x07, 0x04, 0x14, 0x01, 0x0d, 0x27,
    0x03, 0x3d, 0x04, 0x01, 0x04, 0x02, 0x3b, 0x02, 0x02, 0x02, 0x0f, 0x15, 0x12, 0x1b, 0x01, 0x5b,
    0x11, 0x18, 0x10, 0x03, 0x05, 0x08, 0x03, 0x10, 0x05, 0x07, 0x13, 0x07, 0x04, 0x14, 0x01, 0x0d,
    0x27, 0x03, 0x06, 0x08, 0x02, 0x27, 0x11, 0x15, 0x0e, 0x19, 0x0a, 0x03, 0x07, 0x07, 0x04, 0x10,
    0x03, 0x06, 0x07, 0x03, 0x0d, 0x02, 0x0e, 0x27, 0x1c, 0x01, 0x0e, 0x04, 0x01, 0x04, 0x02, 0x3b,
    0x02, 0x02, 0x01, 0x20, 0x03, 0x03, 0x27, 0x0e, 0x04, 0x12, 0x02, 0x07, 0x14, 0x07, 0x3b, 0x07,
    0x07, 0x04, 0x14, 0x1b, 0x16, 0x11, 0x27, 0x02, 0x08, 0x7a, 0x04, 0x01, 0x01, 0x3c, 0x01, 0x04,
    0x01, 0x03, 0x0f, 0x1a, 0x28, 0x30, 0x11, 0x18, 0x11, 0x02, 0x08, 0x06, 0x03, 0x10, 0x04, 0x07,
    0x07, 0x04, 0x14, 0x1b, 0x16, 0x11, 0x27, 0x02, 0x08, 0x06, 0x03, 0x27, 0x0c, 0x0a, 0x0a, 0x02,
    0x07, 0x14, 0x07, 0x04, 0x10, 0x03, 0x08, 0x05, 0x02, 0x36, 0x03, 0x0e, 0x01, 0x1a, 0x28, 0x0e,
    0x04, 0x01, 0x01, 0x3c, 0x01, 0x04, 0x01, 0x00, 0x00, 0x05, 0xff, 0xfc, 0x00, 0x00, 0x01, 0x1a,
    0x01, 0x2c, 0x00, 0x0e, 0x00, 0x20, 0x00, 0x2a, 0x00, 0x33, 0x00, 0x40, 0x00, 0x00, 0x37, 0x16,
    0x3e, 0x01, 0x35, 0x34, 0x2e, 0x02, 0x23, 0x22, 0x0e, 0x01, 0x1e, 0x01, 0x37, 0x34, 0x3e, 0x01,
    0x32, 0x1f, 0x01, 0x1e, 0x01, 0x14, 0x06, 0x0f, 0x01, 0x06, 0x22, 0x2e, 0x01, 0x35, 0x17, 0x14,
    0x06, 0x2b, 0x01, 0x36, 0x37, 0x33, 0x32, 0x16, 0x27, 0x26, 0x27, 0x33, 0x32, 0x16, 0x14, 0x06,
    0x23, 0x17, 0x14, 0x06, 0x2b, 0x01, 0x22, 0x26, 0x34, 0x36, 0x3b, 0x01, 0x32, 0x16, 0x44, 0x19,
    0x2f, 0x1d, 0x0d, 0x18, 0x1f, 0x11, 0x19, 0x2b, 0x13, 0x0a, 0x24, 0x0d, 0x03, 0x04, 0x05, 0x02,
    0x38, 0x02, 0x03, 0x03, 0x02, 0x38, 0x02, 0x05, 0x04, 0x03, 0xe1, 0x05, 0x04, 0x6c, 0x07, 0x05,
    0x60, 0x04, 0x05, 0x5e, 0x01, 0x02, 0x58, 0x04, 0x05, 0x05, 0x04, 0x09, 0x05, 0x04, 0xf4, 0x04,
    0x05, 0x05, 0x04, 0xf4, 0x04, 0x05, 0x85, 0x05, 0x13, 0x2b, 0x1a, 0x10, 0x1f, 0x18, 0x0d, 0x1c,
    0x30, 0x32, 0x24, 0x6d, 0x02, 0x04, 0x03, 0x01, 0x1f, 0x01, 0x05, 0x05, 0x04, 0x02, 0x1e, 0x02,
    0x03, 0x04, 0x03, 0x1a, 0x04, 0x05, 0x09, 0x0a, 0x06, 0x3e, 0x0a, 0x09, 0x06, 0x08, 0x05, 0x8d,
    0x04, 0x05, 0x05, 0x08, 0x06, 0x06, 0x00, 0x00, 0x00, 0x02, 0x00, 0x00, 0x00, 0x00, 0x00, 0xe2,
    0x01, 0x07, 0x00, 0x0b, 0x00, 0x18, 0x00, 0x00, 0x37, 0x15, 0x14, 0x06, 0x22, 0x26, 0x3d, 0x01,
    0x34, 0x36, 0x32, 0x16, 0x37, 0x0e, 0x01, 0x1d, 0x01, 0x14, 0x16, 0x32, 0x36, 0x3d, 0x01, 0x34,
    0x26, 0x67, 0x08, 0x0c, 0x08, 0x08, 0x0c, 0x08, 0x6c, 0x06, 0x08, 0x08, 0x0c, 0x08, 0x08, 0xf8,
    0xc4, 0x06, 0x08, 0x08, 0x06, 0xc4, 0x06, 0x09, 0x09, 0x09, 0x01, 0x08, 0x06, 0xc4, 0x06, 0x08,
    0x08, 0x06, 0xc4, 0x06, 0x09, 0x00, 0x00, 0x00, 0x00, 0x02, 0xff, 0xff, 0xff, 0xff, 0x01, 0x07,
    0x01, 0x07, 0x00, 0x1c, 0x00, 0x4d, 0x00, 0x00, 0x25, 0x14, 0x06, 0x0f, 0x01, 0x26, 0x27, 0x37,
    0x36, 0x34, 0x2f, 0x01, 0x26, 0x22, 0x06, 0x1d, 0x01, 0x27, 0x07, 0x35, 0x34, 0x36, 0x33, 0x32,
    0x1f, 0x01, 0x1e, 0x01, 0x15, 0x07, 0x22, 0x06, 0x07, 0x31, 0x35, 0x34, 0x26, 0x22, 0x06, 0x1d,
    0x01, 0x14, 0x16, 0x3b, 0x01, 0x32, 0x36, 0x34, 0x26, 0x2b, 0x01, 0x37, 0x36, 0x32, 0x17, 0x1e,
    0x02, 0x06, 0x07, 0x06, 0x22, 0x27, 0x26, 0x22, 0x06, 0x14, 0x17, 0x1e, 0x01, 0x32, 0x3e, 0x02,
    0x34, 0x2e, 0x02, 0x01, 0x07, 0x08, 0x07, 0x62, 0x01, 0x03, 0x5d, 0x05, 0x05, 0x96, 0x02, 0x07,
    0x05, 0x09, 0x0a, 0x11, 0x0b, 0x08, 0x06, 0x96, 0x07, 0x08, 0xc5, 0x0d, 0x18, 0x0a, 0x06, 0x07,
    0x06, 0x05, 0x04, 0x26, 0x04, 0x05, 0x05, 0x04, 0x13, 0x04, 0x0e, 0x27, 0x0e, 0x06, 0x07, 0x01,
    0x08, 0x06, 0x0e, 0x27, 0x0e, 0x02, 0x08, 0x05, 0x02, 0x09, 0x19, 0x1a, 0x18, 0x12, 0x0a, 0x0a,
    0x12, 0x18, 0x96, 0x08, 0x0d, 0x04, 0x37, 0x0a, 0x0a, 0x34, 0x02, 0x0b, 0x03, 0x55, 0x01, 0x06,
    0x04, 0x56, 0x01, 0x01, 0x56, 0x0c, 0x11, 0x04, 0x54, 0x04, 0x0d, 0x08, 0x13, 0x0a, 0x09, 0x0a,
    0x04, 0x05, 0x05, 0x04, 0x26, 0x03, 0x06, 0x05, 0x08, 0x06, 0x05, 0x0d, 0x0d, 0x07, 0x11, 0x13,
    0x11, 0x07, 0x0d, 0x0d, 0x03, 0x05, 0x08, 0x03, 0x09, 0x0a, 0x0a, 0x12, 0x19, 0x1a, 0x18, 0x12,
    0x0a, 0x00, 0x00, 0x00, 0x00, 0x04, 0x00, 0x00, 0xff, 0xff, 0x01, 0x2c, 0x00, 0xf4, 0x00, 0x0c,
    0x00, 0x19, 0x00, 0x24, 0x00, 0x54, 0x00, 0x00, 0x37, 0x34, 0x36, 0x3b, 0x01, 0x32, 0x16, 0x14,
    0x06, 0x2b, 0x01, 0x22, 0x26, 0x15, 0x34, 0x36, 0x3b, 0x01, 0x32, 0x16, 0x14, 0x06, 0x2b, 0x01,
    0x22, 0x26, 0x15, 0x34, 0x36, 0x3b, 0x01, 0x15, 0x14, 0x17, 0x23, 0x22, 0x26, 0x37, 0x15, 0x14,
    0x16, 0x3b, 0x01, 0x32, 0x36, 0x34, 0x26, 0x2b, 0x01, 0x37, 0x36, 0x32, 0x17, 0x1e, 0x01, 0x14,
    0x06, 0x07, 0x06, 0x22, 0x27, 0x26, 0x22, 0x06, 0x14, 0x17, 0x1e, 0x01, 0x32, 0x3e, 0x02, 0x34,
    0x2e, 0x02, 0x22, 0x06, 0x07, 0x23, 0x35, 0x34, 0x26, 0x22, 0x06, 0x13, 0x05, 0x04, 0xf4, 0x04,
    0x05, 0x05, 0x04, 0xf4, 0x04, 0x05, 0x05, 0x04, 0xf4, 0x04, 0x05, 0x05, 0x04, 0xf4, 0x04, 0x05,
    0x05, 0x04, 0x7a, 0x02, 0x7c, 0x04, 0x05, 0x96, 0x05, 0x04, 0x26, 0x03, 0x06, 0x06, 0x03, 0x13,
    0x04, 0x0e, 0x27, 0x0e, 0x06, 0x07, 0x07, 0x06, 0x0e, 0x27, 0x0e, 0x03, 0x07, 0x06, 0x03, 0x09,
    0x18, 0x1a, 0x19, 0x12, 0x0a, 0x0a, 0x13, 0x18, 0x1a, 0x18, 0x09, 0x01, 0x05, 0x08, 0x05, 0xea,
    0x04, 0x06, 0x06, 0x08, 0x05, 0x05, 0x47, 0x04, 0x06, 0x06, 0x08, 0x05, 0x05, 0x47, 0x04, 0x06,
    0x0a, 0x04, 0x05, 0x05, 0x2a, 0x26, 0x03, 0x06, 0x06, 0x07, 0x06, 0x05, 0x0d, 0x0d, 0x07, 0x11,
    0x13, 0x11, 0x07, 0x0d, 0x0d, 0x03, 0x05, 0x08, 0x03, 0x09, 0x0a, 0x0a, 0x12, 0x19, 0x1a, 0x18,
    0x12, 0x0a, 0x0a, 0x09, 0x0a, 0x04, 0x05, 0x05, 0x00, 0x01, 0x00, 0x00, 0x00, 0x00, 0x01, 0x07,
    0x01, 0x07, 0x00, 0x36, 0x00, 0x00, 0x25, 0x14, 0x0e, 0x02, 0x22, 0x2e, 0x01, 0x27, 0x26, 0x3e,
    0x01, 0x16, 0x17, 0x1e, 0x02, 0x32, 0x3e, 0x02, 0x34, 0x2e, 0x02, 0x22, 0x06, 0x07, 0x06, 0x07,
    0x33, 0x32, 0x16, 0x14, 0x06, 0x2b, 0x01, 0x22, 0x26, 0x3d, 0x01, 0x34, 0x36, 0x32, 0x16, 0x1d,
    0x01, 0x37, 0x3e, 0x01, 0x32, 0x1e, 0x02, 0x15, 0x01, 0x07, 0x12, 0x1f, 0x29, 0x2e, 0x29, 0x1f,
    0x09, 0x02, 0x04, 0x0b, 0x0b, 0x02, 0x07, 0x17, 0x1f, 0x22, 0x1f, 0x17, 0x0d, 0x0d, 0x17, 0x1f,
    0x22, 0x1f, 0x0c, 0x06, 0x04, 0x25, 0x06, 0x08, 0x08, 0x06, 0x41, 0x06, 0x09, 0x09, 0x0b, 0x09,
    0x04, 0x10, 0x29, 0x2e, 0x29, 0x1f, 0x11, 0x96, 0x17, 0x29, 0x1f, 0x11, 0x11, 0x1f, 0x14, 0x06,
    0x0a, 0x05, 0x04, 0x06, 0x0f, 0x17, 0x0d, 0x0d, 0x17, 0x1f, 0x22, 0x1f, 0x17, 0x0d, 0x0d, 0x0b,
    0x06, 0x07, 0x08, 0x0c, 0x08, 0x08, 0x06, 0x41, 0x06, 0x09, 0x09, 0x06, 0x18, 0x06, 0x0f, 0x11,
    0x11, 0x1f, 0x29, 0x17, 0x00, 0x03, 0x00, 0x00, 0x00, 0x00, 0x01, 0x07, 0x01, 0x07, 0x00, 0x10,
    0x00, 0x13, 0x00, 0x1f, 0x00, 0x00, 0x13, 0x22, 0x0f, 0x01, 0x06, 0x14, 0x1f, 0x01, 0x16, 0x32,
    0x36, 0x3d, 0x01, 0x34, 0x26, 0x23, 0x31, 0x07, 0x27, 0x3f, 0x01, 0x15, 0x14, 0x06, 0x22, 0x26,
    0x3d, 0x01, 0x34, 0x36, 0x32, 0x16, 0xa9, 0x06, 0x05, 0x83, 0x08, 0x08, 0x83, 0x05, 0x0d, 0x0c,
    0x0c, 0x07, 0x0a, 0x69, 0x69, 0x67, 0x08, 0x0b, 0x09, 0x09, 0x0b, 0x08, 0x01, 0x07, 0x04, 0x5d,
    0x06, 0x13, 0x06, 0x5e, 0x04, 0x0b, 0x08, 0xbc, 0x08, 0x0a, 0xbc, 0x4d, 0x4b, 0x16, 0xc4, 0x06,
    0x08, 0x08, 0x06, 0xc4, 0x06, 0x09, 0x09, 0x00, 0x00, 0x03, 0x00, 0x00, 0x00, 0x00, 0x01, 0x1a,
    0x01, 0x07, 0x00, 0x0b, 0x00, 0x1d, 0x00, 0x2f, 0x00, 0x00, 0x37, 0x0e, 0x02, 0x2e, 0x02, 0x3e,
    0x01, 0x33, 0x32, 0x16, 0x07, 0x23, 0x22, 0x26, 0x3d, 0x01, 0x34, 0x36, 0x3b, 0x01, 0x36, 0x1f,
    0x01, 0x16, 0x14, 0x0f, 0x01, 0x06, 0x27, 0x22, 0x06, 0x1d, 0x01, 0x14, 0x16, 0x3b, 0x01, 0x32,
    0x3f, 0x01, 0x36, 0x34, 0x2f, 0x01, 0x26, 0x23, 0xbc, 0x01, 0x0c, 0x15, 0x16, 0x11, 0x04, 0x09,
    0x13, 0x0b, 0x10, 0x15, 0x15, 0x48, 0x10, 0x16, 0x16, 0x10, 0x48, 0x10, 0x0b, 0x4f, 0x09, 0x09,
    0x4f, 0x0b, 0x58, 0x08, 0x0b, 0x0b, 0x08, 0x48, 0x08, 0x06, 0x4f, 0x04, 0x04, 0x4f, 0x06, 0x08,
    0x96, 0x0c, 0x12, 0x09, 0x04, 0x10, 0x17, 0x15, 0x0c, 0x16, 0x7f, 0x15, 0x10, 0x96, 0x10, 0x15,
    0x01, 0x0b, 0x4f, 0x0a, 0x1a, 0x0a, 0x4f, 0x0a, 0xce, 0x0b, 0x08, 0x96, 0x08, 0x0b, 0x06, 0x4f,
    0x04, 0x0a, 0x04, 0x4f, 0x06, 0x00, 0x00, 0x00, 0x00, 0x02, 0x00, 0x00, 0x00, 0x00, 0x01, 0x1a,
    0x01, 0x07, 0x00, 0x11, 0x00, 0x23, 0x00, 0x00, 0x37, 0x23, 0x22, 0x26, 0x3d, 0x01, 0x34, 0x36,
    0x3b, 0x01, 0x36, 0x1f, 0x01, 0x16, 0x14, 0x0f, 0x01, 0x06, 0x27, 0x22, 0x06, 0x1d, 0x01, 0x14,
    0x16, 0x3b, 0x01, 0x32, 0x3f, 0x01, 0x36, 0x34, 0x2f, 0x01, 0x26, 0x23, 0xa6, 0x48, 0x10, 0x16,
    0x16, 0x10, 0x48, 0x10, 0x0b, 0x4f, 0x09, 0x09, 0x4f, 0x0b, 0x58, 0x08, 0x0b, 0x0b, 0x08, 0x48,
    0x08, 0x06, 0x4f, 0x04, 0x04, 0x4f, 0x06, 0x08, 0x26, 0x15, 0x10, 0x96, 0x10, 0x15, 0x01, 0x0b,
    0x4f, 0x0a, 0x1a, 0x0a, 0x4f, 0x0a, 0xce, 0x0b, 0x08, 0x96, 0x08, 0x0b, 0x06, 0x4f, 0x04, 0x0a,
    0x04, 0x4f, 0x06, 0x00, 0x00, 0x02, 0x00, 0x00, 0x00, 0x00, 0x01, 0x09, 0x01, 0x07, 0x00, 0x02,
    0x00, 0x13, 0x00, 0x00, 0x37, 0x17, 0x07, 0x35, 0x22, 0x06, 0x1d, 0x01, 0x14, 0x16, 0x33, 0x32,
    0x3f, 0x01, 0x3e, 0x01, 0x26, 0x2f, 0x01, 0x26, 0x54, 0x96, 0x96, 0x0b, 0x11, 0x11, 0x0b, 0x08,
    0x06, 0x96, 0x09, 0x07, 0x07, 0x09, 0x96, 0x06, 0xea, 0x54, 0x54, 0xc5, 0x11, 0x0c, 0xa8, 0x0c,
    0x11, 0x04, 0x54, 0x06, 0x13, 0x13, 0x06, 0x54, 0x04, 0x00, 0x00, 0x00, 0x00, 0x02, 0x00, 0x00,
    0x00, 0x00, 0x01, 0x07, 0x01, 0x07, 0x00, 0x08, 0x00, 0x2e, 0x00, 0x00, 0x37, 0x22, 0x0e, 0x01,
    0x16, 0x32, 0x36, 0x34, 0x26, 0x37, 0x2e, 0x02, 0x23, 0x22, 0x06, 0x07, 0x35, 0x34, 0x26, 0x22,
    0x06, 0x1d, 0x01, 0x14, 0x16, 0x3b, 0x01, 0x32, 0x36, 0x34, 0x26, 0x2b, 0x01, 0x3e, 0x01, 0x32,
    0x1e, 0x01, 0x17, 0x14, 0x16, 0x3b, 0x01, 0x3e, 0x01, 0x27, 0x96, 0x10, 0x15, 0x01, 0x16, 0x20,
    0x16, 0x16, 0x5f, 0x04, 0x1f, 0x31, 0x1b, 0x19, 0x2c, 0x0f, 0x09, 0x0b, 0x08, 0x08, 0x06, 0x41,
    0x06, 0x08, 0x08, 0x06, 0x25, 0x0b, 0x26, 0x2a, 0x24, 0x18, 0x03, 0x08, 0x05, 0x02, 0x06, 0x07,
    0x01, 0x5e, 0x16, 0x1f, 0x16, 0x16, 0x1f, 0x16, 0x48, 0x1b, 0x2c, 0x1a, 0x15, 0x12, 0x18, 0x06,
    0x09, 0x09, 0x06, 0x41, 0x06, 0x08, 0x08, 0x0c, 0x08, 0x11, 0x14, 0x13, 0x21, 0x14, 0x05, 0x07,
    0x01, 0x09, 0x06, 0x00, 0x00, 0x02, 0x00, 0x00, 0x00, 0x00, 0x00, 0xe6, 0x01, 0x1a, 0x00, 0x08,
    0x00, 0x22, 0x00, 0x00, 0x37, 0x14, 0x06, 0x22, 0x26, 0x34, 0x36, 0x32, 0x16, 0x37, 0x26, 0x22,
    0x0f, 0x01, 0x35, 0x34, 0x26, 0x22, 0x06, 0x1d, 0x01, 0x27, 0x26, 0x22, 0x06, 0x14, 0x1f, 0x01,
    0x16, 0x36, 0x3f, 0x01, 0x36, 0x34, 0x27, 0xbc, 0x16, 0x20, 0x15, 0x15, 0x20, 0x16, 0x26, 0x05,
    0x0b, 0x04, 0x2a, 0x08, 0x0c, 0x08, 0x2a, 0x04, 0x0b, 0x09, 0x04, 0x42, 0x04, 0x0c, 0x04, 0x42,
    0x04, 0x04, 0x38, 0x0f, 0x16, 0x16, 0x1f, 0x16, 0x16, 0x82, 0x04, 0x04, 0x29, 0x6a, 0x06, 0x08,
    0x08, 0x06, 0x6a, 0x29, 0x04, 0x08, 0x0c, 0x04, 0x41, 0x05, 0x01, 0x04, 0x41, 0x04, 0x0c, 0x04,
    0x00, 0x02, 0x00, 0x00, 0x00, 0x00, 0x00, 0xe6, 0x01, 0x1a, 0x00, 0x08, 0x00, 0x20, 0x00, 0x00,
    0x37, 0x14, 0x06, 0x22, 0x26, 0x34, 0x36, 0x32, 0x16, 0x37, 0x27, 0x26, 0x22, 0x0f, 0x01, 0x06,
    0x14, 0x16, 0x32, 0x3f, 0x01, 0x15, 0x14, 0x16, 0x32, 0x36, 0x3d, 0x01, 0x17, 0x16, 0x32, 0x36,
    0x34, 0xbb, 0x16, 0x1f, 0x16, 0x16, 0x1f, 0x16, 0x27, 0x42, 0x04, 0x0c, 0x04, 0x42, 0x04, 0x09,
    0x0b, 0x04, 0x2a, 0x08, 0x0c, 0x08, 0x2a, 0x04, 0x0b, 0x09, 0x38, 0x0f, 0x16, 0x16, 0x1f, 0x16,
    0x16, 0x8c, 0x41, 0x04, 0x04, 0x41, 0x05, 0x0b, 0x09, 0x05, 0x29, 0x6a, 0x06, 0x08, 0x08, 0x06,
    0x6a, 0x29, 0x05, 0x09, 0x0b, 0x00, 0x00, 0x00, 0x00, 0x02, 0x00, 0x00, 0x00, 0x00, 0x01, 0x07,
    0x01, 0x07, 0x00, 0x08, 0x00, 0x2f, 0x00, 0x00, 0x37, 0x14, 0x06, 0x22, 0x26, 0x34, 0x36, 0x32,
    0x16, 0x37, 0x0e, 0x01, 0x1d, 0x01, 0x2e, 0x01, 0x23, 0x26, 0x0e, 0x01, 0x07, 0x06, 0x16, 0x17,
    0x33, 0x32, 0x36, 0x37, 0x3e, 0x02, 0x32, 0x16, 0x17, 0x23, 0x22, 0x06, 0x14, 0x16, 0x3b, 0x01,
    0x32, 0x36, 0x3d, 0x01, 0x34, 0x26, 0x23, 0xbb, 0x15, 0x20, 0x16, 0x16, 0x20, 0x15, 0x3d, 0x05,
    0x09, 0x0f, 0x2c, 0x19, 0x1b, 0x31, 0x1f, 0x04, 0x01, 0x07, 0x06, 0x02, 0x05, 0x08, 0x01, 0x02,
    0x18, 0x24, 0x2a, 0x26, 0x0b, 0x25, 0x06, 0x08, 0x08, 0x06, 0x41, 0x06, 0x09, 0x09, 0x06, 0x38,
    0x0f, 0x16, 0x16, 0x1f, 0x16, 0x16, 0xbf, 0x01, 0x08, 0x06, 0x18, 0x12, 0x14, 0x01, 0x1a, 0x2c,
    0x1b, 0x06, 0x09, 0x01, 0x07, 0x05, 0x14, 0x21, 0x13, 0x14, 0x11, 0x08, 0x0c, 0x08, 0x08, 0x06,
    0x41, 0x06, 0x08, 0x00, 0x00, 0x02, 0x00, 0x00, 0x00, 0x00, 0x01, 0x07, 0x01, 0x07, 0x00, 0x03,
    0x00, 0x14, 0x00, 0x00, 0x37, 0x15, 0x23, 0x35, 0x37, 0x23, 0x22, 0x06, 0x07, 0x15, 0x1e, 0x01,
    0x3b, 0x01, 0x3e, 0x01, 0x27, 0x35, 0x36, 0x26, 0x23, 0xea, 0xa8, 0xa8, 0xa8, 0x0c, 0x10, 0x01,
    0x01, 0x10, 0x0c, 0xa8, 0x0c, 0x11, 0x01, 0x01, 0x11, 0x0c, 0xea, 0xa8, 0xa8, 0x1d, 0x11, 0x0c,
    0xa8, 0x0c, 0x11, 0x01, 0x10, 0x0c, 0xa8, 0x0c, 0x10, 0x00, 0x00, 0x00, 0x00, 0x04, 0x00, 0x00,
    0x00, 0x00, 0x01, 0x1a, 0x01, 0x1a, 0x00, 0x40, 0x00, 0x48, 0x00, 0x58, 0x00, 0x75, 0x00, 0x00,
    0x25, 0x23, 0x35, 0x34, 0x27, 0x37, 0x36, 0x34, 0x26, 0x22, 0x0f, 0x01, 0x26, 0x23, 0x34, 0x26,
    0x22, 0x06, 0x15, 0x22, 0x07, 0x27, 0x26, 0x22, 0x06, 0x14, 0x1f, 0x01, 0x06, 0x1d, 0x01, 0x23,
    0x22, 0x06, 0x14, 0x16, 0x3b, 0x01, 0x14, 0x17, 0x07, 0x06, 0x14, 0x16, 0x32, 0x3f, 0x01, 0x16,
    0x32, 0x37, 0x17, 0x16, 0x32, 0x36, 0x34, 0x2f, 0x01, 0x36, 0x35, 0x33, 0x32, 0x36, 0x34, 0x26,
    0x23, 0x27, 0x32, 0x16, 0x15, 0x23, 0x34, 0x36, 0x33, 0x17, 0x14, 0x0e, 0x01, 0x22, 0x2e, 0x01,
    0x3d, 0x01, 0x34, 0x36, 0x3b, 0x01, 0x32, 0x16, 0x15, 0x0f, 0x01, 0x17, 0x16, 0x14, 0x06, 0x22,
    0x2f, 0x01, 0x07, 0x06, 0x22, 0x26, 0x34, 0x3f, 0x01, 0x27, 0x26, 0x34, 0x36, 0x32, 0x1f, 0x01,
    0x37, 0x36, 0x32, 0x16, 0x14, 0x07, 0x01, 0x10, 0x1c, 0x05, 0x15, 0x02, 0x05, 0x08, 0x03, 0x15,
    0x09, 0x0a, 0x21, 0x2e, 0x21, 0x0a, 0x09, 0x15, 0x03, 0x08, 0x05, 0x02, 0x15, 0x05, 0x1c, 0x04,
    0x05, 0x05, 0x04, 0x1c, 0x15, 0x20, 0x03, 0x06, 0x07, 0x03, 0x21, 0x1a, 0x42, 0x1a, 0x21, 0x03,
    0x07, 0x06, 0x03, 0x20, 0x15, 0x1c, 0x04, 0x05, 0x05, 0x04, 0x7a, 0x10, 0x15, 0x4a, 0x15, 0x10,
    0x4b, 0x14, 0x23, 0x28, 0x23, 0x14, 0x0b, 0x08, 0x70, 0x08, 0x0b, 0x28, 0x16, 0x16, 0x03, 0x06,
    0x08, 0x03, 0x15, 0x15, 0x03, 0x08, 0x06, 0x03, 0x16, 0x16, 0x03, 0x06, 0x08, 0x02, 0x16, 0x15,
    0x03, 0x08, 0x05, 0x02, 0x96, 0x26, 0x0a, 0x09, 0x15, 0x02, 0x08, 0x06, 0x03, 0x15, 0x05, 0x17,
    0x21, 0x21, 0x17, 0x05, 0x15, 0x03, 0x06, 0x08, 0x02, 0x15, 0x09, 0x0a, 0x26, 0x05, 0x08, 0x06,
    0x21, 0x1a, 0x21, 0x02, 0x08, 0x06, 0x03, 0x21, 0x15, 0x15, 0x21, 0x03, 0x06, 0x08, 0x02, 0x21,
    0x1a, 0x21, 0x06, 0x08, 0x05, 0x71, 0x16, 0x10, 0x10, 0x15, 0x83, 0x14, 0x23, 0x14, 0x14, 0x23,
    0x14, 0x39, 0x07, 0x0b, 0x0b, 0x07, 0x1a, 0x15, 0x16, 0x03, 0x07, 0x06, 0x03, 0x15, 0x15, 0x03,
    0x06, 0x07, 0x03, 0x16, 0x15, 0x03, 0x08, 0x05, 0x03, 0x15, 0x15, 0x03, 0x05, 0x08, 0x03, 0x00,
    0x00, 0x02, 0x00, 0x00, 0xff, 0xff, 0x01, 0x2d, 0x01, 0x1a, 0x00, 0x22, 0x00, 0x52, 0x00, 0x00,
    0x25, 0x14, 0x06, 0x0f, 0x01, 0x0e, 0x01, 0x22, 0x26, 0x2f, 0x01, 0x2e, 0x01, 0x34, 0x3e, 0x02,
    0x32, 0x16, 0x1f, 0x01, 0x35, 0x34, 0x36, 0x32, 0x16, 0x1d, 0x01, 0x37, 0x3e, 0x01, 0x32, 0x1e,
    0x02, 0x27, 0x33, 0x35, 0x23, 0x22, 0x26, 0x3d, 0x01, 0x34, 0x36, 0x3b, 0x01, 0x1e, 0x01, 0x1d,
    0x01, 0x33, 0x35, 0x34, 0x26, 0x2b, 0x01, 0x22, 0x06, 0x1d, 0x01, 0x14, 0x16, 0x3b, 0x01, 0x15,
    0x23, 0x22, 0x06, 0x14, 0x16, 0x3b, 0x01, 0x35, 0x23, 0x35, 0x33, 0x15, 0x26, 0x3e, 0x01, 0x37,
    0x33, 0x01, 0x2c, 0x01, 0x02, 0x25, 0x02, 0x03, 0x04, 0x03, 0x01, 0x26, 0x01, 0x02, 0x02, 0x02,
    0x04, 0x03, 0x04, 0x01, 0x16, 0x05, 0x08, 0x06, 0x15, 0x01, 0x04, 0x03, 0x04, 0x03, 0x01, 0x5e,
    0x13, 0xa9, 0x08, 0x0a, 0x0a, 0x08, 0xbc, 0x08, 0x0b, 0x12, 0x16, 0x0f, 0xbc, 0x0f, 0x16, 0x16,
    0x0f, 0x26, 0x1c, 0x04, 0x06, 0x06, 0x04, 0x7a, 0x4b, 0x4b, 0x01, 0x05, 0x07, 0x05, 0x02, 0x2f,
    0x02, 0x03, 0x02, 0x25, 0x02, 0x01, 0x01, 0x02, 0x25, 0x02, 0x03, 0x04, 0x03, 0x03, 0x01, 0x01,
    0x02, 0x15, 0x5a, 0x04, 0x05, 0x05, 0x04, 0x5a, 0x15, 0x02, 0x01, 0x01, 0x03, 0x03, 0x1a, 0x13,
    0x0b, 0x08, 0x83, 0x08, 0x0b, 0x01, 0x0a, 0x08, 0x5e, 0x5e, 0x0f, 0x16, 0x16, 0x0f, 0x83, 0x10,
    0x16, 0x25, 0x06, 0x08, 0x05, 0x13, 0x25, 0x1c, 0x06, 0x0a, 0x07, 0x03, 0x00, 0x03, 0x00, 0x00,
    0x00, 0x00, 0x01, 0x1a, 0x00, 0xf4, 0x00, 0x1b, 0x00, 0x25, 0x00, 0x35, 0x00, 0x00, 0x37, 0x22,
    0x06, 0x1d, 0x01, 0x14, 0x16, 0x3b, 0x01, 0x32, 0x36, 0x3d, 0x01, 0x17, 0x16, 0x3e, 0x01, 0x3d,
    0x01, 0x34, 0x2e, 0x01, 0x0f, 0x01, 0x35, 0x34, 0x26, 0x23, 0x17, 0x37, 0x36, 0x16, 0x1d, 0x01,
    0x14, 0x06, 0x2f, 0x02, 0x34, 0x36, 0x3b, 0x01, 0x32, 0x16, 0x17, 0x15, 0x14, 0x06, 0x2b, 0x01,
    0x22, 0x26, 0x35, 0x42, 0x14, 0x1b, 0x1b, 0x14, 0x5d, 0x14, 0x1b, 0x26, 0x08, 0x11, 0x0c, 0x0c,
    0x11, 0x08, 0x26, 0x1b, 0x14, 0x2f, 0x31, 0x02, 0x05, 0x05, 0x02, 0x31, 0xa8, 0x10, 0x0c, 0x5d,
    0x0c, 0x10, 0x01, 0x11, 0x0c, 0x5d, 0x0c, 0x10, 0xf4, 0x1c, 0x13, 0x5e, 0x13, 0x1c, 0x1c, 0x13,
    0x03, 0x1b, 0x05, 0x02, 0x0d, 0x09, 0x68, 0x09, 0x0d, 0x02, 0x05, 0x1b, 0x03, 0x13, 0x1c, 0x48,
    0x21, 0x02, 0x03, 0x02, 0x68, 0x02, 0x03, 0x02, 0x21, 0x45, 0x0c, 0x10, 0x10, 0x0c, 0x5e, 0x0c,
    0x10, 0x10, 0x0c, 0x00, 0x00, 0x04, 0x00, 0x00, 0x00, 0x00, 0x01, 0x07, 0x01, 0x07, 0x00, 0x08,
    0x00, 0x12, 0x00, 0x2c, 0x00, 0x48, 0x00, 0x00, 0x37, 0x14, 0x06, 0x22, 0x26, 0x34, 0x36, 0x32,
    0x16, 0x07, 0x2e, 0x01, 0x22, 0x06, 0x14, 0x16, 0x32, 0x36, 0x35, 0x27, 0x22, 0x06, 0x0f, 0x01,
    0x23, 0x22, 0x06, 0x1d, 0x01, 0x1e, 0x01, 0x3b, 0x01, 0x32, 0x36, 0x3d, 0x01, 0x34, 0x26, 0x2b,
    0x01, 0x27, 0x2e, 0x01, 0x23, 0x07, 0x36, 0x3b, 0x01, 0x32, 0x1f, 0x01, 0x16, 0x3b, 0x01, 0x32,
    0x16, 0x1d, 0x01, 0x14, 0x06, 0x2b, 0x01, 0x22, 0x26, 0x3d, 0x01, 0x34, 0x36, 0x3b, 0x01, 0x32,
    0x37, 0xce, 0x21, 0x2e, 0x21, 0x21, 0x2e, 0x21, 0x12, 0x01, 0x15, 0x20, 0x15, 0x15, 0x20, 0x15,
    0x3f, 0x08, 0x0d, 0x04, 0x0b, 0x0d, 0x10, 0x16, 0x01, 0x15, 0x10, 0x96, 0x10, 0x16, 0x16, 0x10,
    0x0d, 0x0b, 0x04, 0x0d, 0x08, 0x3c, 0x02, 0x06, 0x34, 0x06, 0x02, 0x0e, 0x02, 0x06, 0x13, 0x08,
    0x0b, 0x0b, 0x08, 0x96, 0x08, 0x0b, 0x0b, 0x08, 0x13, 0x06, 0x02, 0x96, 0x17, 0x21, 0x21, 0x2e,
    0x21, 0x21, 0x17, 0x10, 0x15, 0x15, 0x20, 0x15, 0x15, 0x10, 0x71, 0x09, 0x07, 0x16, 0x16, 0x0f,
    0x5e, 0x10, 0x16, 0x16, 0x10, 0x5e, 0x0f, 0x16, 0x16, 0x07, 0x09, 0x18, 0x05, 0x05, 0x1c, 0x05,
    0x0b, 0x08, 0x5d, 0x08, 0x0b, 0x0b, 0x08, 0x5e, 0x07, 0x0b, 0x05, 0x00, 0x00, 0x03, 0x00, 0x00,
    0x00, 0x00, 0x00, 0xe2, 0x01, 0x1a, 0x00, 0x0b, 0x00, 0x1b, 0x00, 0x2b, 0x00, 0x00, 0x37, 0x22,
    0x06, 0x14, 0x16, 0x3b, 0x01, 0x32, 0x36, 0x34, 0x26, 0x23, 0x27, 0x22, 0x06, 0x1d, 0x01, 0x14,
    0x16, 0x3b, 0x01, 0x32, 0x36, 0x3d, 0x01, 0x34, 0x26, 0x23, 0x07, 0x34, 0x36, 0x3b, 0x01, 0x36,
    0x16, 0x1d, 0x01, 0x14, 0x06, 0x2b, 0x01, 0x2e, 0x01, 0x35, 0x83, 0x04, 0x05, 0x05, 0x04, 0x26,
    0x04, 0x05, 0x05, 0x04, 0x3d, 0x0e, 0x13, 0x13, 0x0e, 0x54, 0x0e, 0x13, 0x13, 0x0e, 0x62, 0x08,
    0x06, 0x54, 0x06, 0x08, 0x08, 0x06, 0x54, 0x06, 0x08, 0x4b, 0x05, 0x08, 0x06, 0x06, 0x08, 0x05,
    0xce, 0x13, 0x0e, 0xc4, 0x0e, 0x13, 0x13, 0x0e, 0xc4, 0x0e, 0x13, 0x21, 0x06, 0x08, 0x01, 0x09,
    0x06, 0xc4, 0x06, 0x09, 0x01, 0x08, 0x06, 0x00, 0x00, 0x03, 0x00, 0x00, 0x00, 0x00, 0x01, 0x07,
    0x01, 0x1a, 0x00, 0x0f, 0x00, 0x1f, 0x00, 0x3c, 0x00, 0x00, 0x13, 0x23, 0x22, 0x06, 0x1d, 0x01,
    0x14, 0x16, 0x3b, 0x01, 0x3e, 0x01, 0x27, 0x35, 0x36, 0x26, 0x17, 0x14, 0x06, 0x2b, 0x01, 0x22,
    0x26, 0x3d, 0x01, 0x34, 0x36, 0x3b, 0x01, 0x32, 0x16, 0x15, 0x07, 0x14, 0x06, 0x2b, 0x01, 0x15,
    0x14, 0x06, 0x22, 0x26, 0x3d, 0x01, 0x23, 0x22, 0x26, 0x34, 0x36, 0x3b, 0x01, 0x35, 0x34, 0x36,
    0x32, 0x16, 0x1d, 0x01, 0x33, 0x32, 0x16, 0xd8, 0x96, 0x14, 0x1b, 0x1b, 0x14, 0x96, 0x13, 0x1c,
    0x01, 0x01, 0x1c, 0x09, 0x11, 0x0b, 0x96, 0x0c, 0x10, 0x10, 0x0c, 0x96, 0x0b, 0x11, 0x26, 0x05,
    0x04, 0x2f, 0x05, 0x08, 0x06, 0x2f, 0x04, 0x05, 0x05, 0x04, 0x2f, 0x06, 0x08, 0x05, 0x2f, 0x04,
    0x05, 0x01, 0x19, 0x1b, 0x14, 0x96, 0x13, 0x1c, 0x01, 0x1b, 0x13, 0x96, 0x14, 0x1b, 0xc5, 0x0b,
    0x11, 0x11, 0x0b, 0x96, 0x0c, 0x11, 0x11, 0x0c, 0x4b, 0x04, 0x05, 0x2f, 0x04, 0x05, 0x05, 0x04,
    0x2f, 0x05, 0x08, 0x06, 0x2f, 0x04, 0x05, 0x05, 0x04, 0x2f, 0x06, 0x00, 0x00, 0x03, 0x00, 0x00,
    0x00, 0x00, 0x01, 0x07, 0x01, 0x1a, 0x00, 0x0f, 0x00, 0x1f, 0x00, 0x2c, 0x00, 0x00, 0x13, 0x23,
    0x22, 0x06, 0x1d, 0x01, 0x14, 0x16, 0x3b, 0x01, 0x3e, 0x01, 0x27, 0x35, 0x36, 0x26, 0x17, 0x14,
    0x06, 0x2b, 0x01, 0x22, 0x26, 0x3d, 0x01, 0x34, 0x36, 0x3b, 0x01, 0x32, 0x16, 0x15, 0x07, 0x16,
    0x14, 0x0f, 0x01, 0x06, 0x22, 0x26, 0x34, 0x3f, 0x01, 0x36, 0x32, 0xd8, 0x96, 0x14, 0x1b, 0x1b,
    0x14, 0x96, 0x13, 0x1c, 0x01, 0x01, 0x1c, 0x09, 0x11, 0x0b, 0x96, 0x0c, 0x10, 0x10, 0x0c, 0x96,
    0x0b, 0x11, 0x28, 0x02, 0x02, 0x71, 0x03, 0x07, 0x06, 0x03, 0x70, 0x03, 0x08, 0x01, 0x19, 0x1b,
    0x14, 0x96, 0x13, 0x1c, 0x01, 0x1b, 0x13, 0x96, 0x14, 0x1b, 0xc5, 0x0b, 0x11, 0x11, 0x0b, 0x96,
    0x0c, 0x11, 0x11, 0x0c, 0x0c, 0x02, 0x08, 0x03, 0x70, 0x03, 0x05, 0x08, 0x03, 0x70, 0x03, 0x00,
    0x00, 0x03, 0x00, 0x00, 0x00, 0x00, 0x01, 0x07, 0x01, 0x1a, 0x00, 0x0c, 0x00, 0x1d, 0x00, 0x2d,
    0x00, 0x00, 0x37, 0x14, 0x0e, 0x01, 0x22, 0x2e, 0x01, 0x34, 0x3e, 0x01, 0x32, 0x1e, 0x01, 0x37,
    0x15, 0x14, 0x06, 0x07, 0x23, 0x2e, 0x01, 0x3d, 0x01, 0x34, 0x36, 0x3b, 0x01, 0x32, 0x16, 0x07,
    0x23, 0x34, 0x26, 0x2b, 0x01, 0x22, 0x06, 0x1d, 0x01, 0x14, 0x16, 0x3b, 0x01, 0x32, 0x36, 0x35,
    0xce, 0x11, 0x1f, 0x23, 0x1e, 0x12, 0x12, 0x1e, 0x23, 0x1f, 0x11, 0x39, 0x1c, 0x13, 0x96, 0x14,
    0x1b, 0x1b, 0x14, 0x96, 0x13, 0x1c, 0x01, 0x12, 0x11, 0x0b, 0x96, 0x0c, 0x10, 0x10, 0x0c, 0x96,
    0x0b, 0x11, 0x9f, 0x11, 0x1f, 0x11, 0x11, 0x1f, 0x23, 0x1e, 0x12, 0x12, 0x1e, 0x39, 0x96, 0x13,
    0x1b, 0x01, 0x01, 0x1b, 0x13, 0x96, 0x14, 0x1b, 0x1b, 0x14, 0x0c, 0x11, 0x11, 0x0c, 0x96, 0x0b,
    0x11, 0x11, 0x0b, 0x00, 0x00, 0x05, 0x00, 0x00, 0x00, 0x00, 0x01, 0x1a, 0x01, 0x2c, 0x00, 0x12,
    0x00, 0x24, 0x00, 0x35, 0x00, 0x53, 0x00, 0x61, 0x00, 0x00, 0x37, 0x35, 0x34, 0x2f, 0x01, 0x26,
    0x2b, 0x01, 0x22, 0x06, 0x1d, 0x01, 0x14, 0x16, 0x17, 0x33, 0x3e, 0x01, 0x35, 0x23, 0x35, 0x34,
    0x36, 0x3b, 0x01, 0x32, 0x1f, 0x01, 0x16, 0x1d, 0x01, 0x14, 0x06, 0x2b, 0x01, 0x22, 0x26, 0x37,
    0x15, 0x14, 0x0e, 0x01, 0x2b, 0x01, 0x22, 0x26, 0x27, 0x33, 0x32, 0x36, 0x3d, 0x01, 0x17, 0x16,
    0x27, 0x14, 0x06, 0x2b, 0x01, 0x15, 0x14, 0x06, 0x22, 0x26, 0x3d, 0x01, 0x23, 0x22, 0x26, 0x34,
    0x36, 0x3b, 0x01, 0x35, 0x34, 0x36, 0x32, 0x16, 0x1d, 0x01, 0x33, 0x32, 0x16, 0x15, 0x17, 0x0e,
    0x01, 0x2b, 0x01, 0x22, 0x26, 0x34, 0x36, 0x3b, 0x01, 0x32, 0x16, 0x15, 0xf4, 0x08, 0x37, 0x08,
    0x0c, 0x56, 0x10, 0x16, 0x16, 0x10, 0x83, 0x10, 0x16, 0xbc, 0x0b, 0x08, 0x56, 0x04, 0x03, 0x36,
    0x03, 0x0b, 0x08, 0x83, 0x08, 0x0b, 0xe1, 0x14, 0x22, 0x15, 0x5d, 0x0b, 0x11, 0x05, 0x7e, 0x17,
    0x22, 0x0a, 0x08, 0x5d, 0x06, 0x04, 0x1c, 0x05, 0x08, 0x06, 0x1c, 0x04, 0x05, 0x05, 0x04, 0x1c,
    0x06, 0x08, 0x05, 0x1c, 0x04, 0x05, 0x01, 0x01, 0x05, 0x04, 0x4b, 0x04, 0x05, 0x05, 0x04, 0x4b,
    0x04, 0x05, 0x4b, 0x8e, 0x0c, 0x08, 0x37, 0x08, 0x16, 0x10, 0xbb, 0x10, 0x15, 0x01, 0x01, 0x15,
    0x10, 0xbc, 0x07, 0x0b, 0x02, 0x37, 0x03, 0x04, 0x8e, 0x08, 0x0b, 0x0b, 0x71, 0x69, 0x14, 0x23,
    0x14, 0x0a, 0x09, 0x21, 0x17, 0x87, 0x0a, 0x09, 0x06, 0x04, 0x05, 0x1d, 0x03, 0x06, 0x06, 0x03,
    0x1d, 0x05, 0x08, 0x05, 0x1c, 0x04, 0x06, 0x06, 0x04, 0x1c, 0x05, 0x04, 0x5e, 0x04, 0x05, 0x05,
    0x08, 0x06, 0x06, 0x04, 0x00, 0x03, 0x00, 0x00, 0x00, 0x00, 0x01, 0x07, 0x01, 0x1a, 0x00, 0x0f,
    0x00, 0x1f, 0x00, 0x2c, 0x00, 0x00, 0x13, 0x23, 0x22, 0x06, 0x1d, 0x01, 0x14, 0x16, 0x3b, 0x01,
    0x3e, 0x01, 0x27, 0x35, 0x36, 0x26, 0x17, 0x14, 0x06, 0x2b, 0x01, 0x22, 0x26, 0x3d, 0x01, 0x34,
    0x36, 0x3b, 0x01, 0x32, 0x16, 0x15, 0x07, 0x14, 0x06, 0x2b, 0x01, 0x22, 0x26, 0x34, 0x36, 0x3b,
    0x01, 0x32, 0x16, 0xd8, 0x96, 0x14, 0x1b, 0x1b, 0x14, 0x96, 0x13, 0x1c, 0x01, 0x01, 0x1c, 0x09,
    0x11, 0x0b, 0x96, 0x0c, 0x10, 0x10, 0x0c, 0x96, 0x0b, 0x11, 0x26, 0x05, 0x04, 0x71, 0x04, 0x05,
    0x05, 0x04, 0x71, 0x04, 0x05, 0x01, 0x19, 0x1b, 0x14, 0x96, 0x13, 0x1c, 0x01, 0x1b, 0x13, 0x96,
    0x14, 0x1b, 0xc5, 0x0b, 0x11, 0x11, 0x0b, 0x96, 0x0c, 0x11, 0x11, 0x0c, 0x4b, 0x04, 0x05, 0x05,
    0x08, 0x06, 0x06, 0x00, 0x00, 0x03, 0x00, 0x00, 0x00, 0x00, 0x01, 0x07, 0x01, 0x1a, 0x00, 0x0f,
    0x00, 0x1f, 0x00, 0x37, 0x00, 0x00, 0x13, 0x23, 0x22, 0x06, 0x1d, 0x01, 0x14, 0x16, 0x3b, 0x01,
    0x3e, 0x01, 0x27, 0x35, 0x36, 0x26, 0x17, 0x14, 0x06, 0x2b, 0x01, 0x22, 0x26, 0x3d, 0x01, 0x34,
    0x36, 0x3b, 0x01, 0x32, 0x16, 0x15, 0x07, 0x16, 0x14, 0x0f, 0x01, 0x06, 0x22, 0x26, 0x34, 0x3f,
    0x01, 0x23, 0x22, 0x26, 0x34, 0x36, 0x3b, 0x01, 0x27, 0x26, 0x34, 0x36, 0x32, 0x17, 0xd8, 0x96,
    0x14, 0x1b, 0x1b, 0x14, 0x96, 0x13, 0x1c, 0x01, 0x01, 0x1c, 0x09, 0x11, 0x0b, 0x96, 0x0c, 0x10,
    0x10, 0x0c, 0x96, 0x0b, 0x11, 0x28, 0x02, 0x02, 0x26, 0x03, 0x07, 0x06, 0x03, 0x15, 0x5a, 0x04,
    0x05, 0x05, 0x04, 0x5a, 0x15, 0x03, 0x05, 0x08, 0x03, 0x01, 0x19, 0x1b, 0x14, 0x96, 0x13, 0x1c,
    0x01, 0x1b, 0x13, 0x96, 0x14, 0x1b, 0xc5, 0x0b, 0x11, 0x11, 0x0b, 0x96, 0x0c, 0x11, 0x11, 0x0c,
    0x44, 0x03, 0x08, 0x02, 0x26, 0x02, 0x05, 0x08, 0x03, 0x15, 0x05, 0x08, 0x06, 0x15, 0x03, 0x08,
    0x05, 0x03, 0x00, 0x00, 0x00, 0x04, 0x00, 0x00, 0x00, 0x00, 0x00, 0xf4, 0x01, 0x1a, 0x00, 0x11,
    0x00, 0x23, 0x00, 0x41, 0x00, 0x4f, 0x00, 0x00, 0x37, 0x27, 0x26, 0x2b, 0x01, 0x22, 0x06, 0x07,
    0x15, 0x1e, 0x01, 0x3b, 0x01, 0x32, 0x36, 0x3d, 0x01, 0x34, 0x07, 0x14, 0x06, 0x2b, 0x01, 0x22,
    0x26, 0x3d, 0x01, 0x34, 0x36, 0x3b, 0x01, 0x32, 0x1f, 0x01, 0x16, 0x15, 0x07, 0x14, 0x06, 0x2b,
    0x01, 0x15, 0x14, 0x06, 0x22, 0x26, 0x3d, 0x01, 0x23, 0x22, 0x26, 0x34, 0x36, 0x3b, 0x01, 0x35,
    0x34, 0x36, 0x32, 0x16, 0x1d, 0x01, 0x33, 0x32, 0x16, 0x15, 0x17, 0x14, 0x06, 0x2b, 0x01, 0x22,
    0x26, 0x34, 0x36, 0x3b, 0x01, 0x32, 0x16, 0x15, 0xec, 0x37, 0x08, 0x0c, 0x56, 0x10, 0x15, 0x01,
    0x01, 0x15, 0x10, 0x83, 0x10, 0x16, 0x13, 0x0b, 0x08, 0x83, 0x08, 0x0b, 0x0b, 0x08, 0x56, 0x04,
    0x03, 0x36, 0x03, 0x25, 0x06, 0x04, 0x1c, 0x05, 0x08, 0x06, 0x1c, 0x04, 0x05, 0x05, 0x04, 0x1c,
    0x06, 0x08, 0x05, 0x1c, 0x04, 0x05, 0x01, 0x06, 0x04, 0x4b, 0x04, 0x05, 0x05, 0x04, 0x4b, 0x04,
    0x05, 0xda, 0x37, 0x08, 0x16, 0x0f, 0xbc, 0x0f, 0x16, 0x16, 0x0f, 0x8e, 0x0c, 0x9a, 0x08, 0x0a,
    0x0a, 0x08, 0xbc, 0x08, 0x0b, 0x03, 0x37, 0x03, 0x04, 0x14, 0x04, 0x05, 0x1c, 0x04, 0x06, 0x06,
    0x04, 0x1c, 0x05, 0x08, 0x06, 0x1c, 0x04, 0x05, 0x05, 0x04, 0x1c, 0x06, 0x04, 0x5e, 0x04, 0x05,
    0x05, 0x08, 0x06, 0x06, 0x04, 0x00, 0x00, 0x00, 0x00, 0x06, 0x00, 0x00, 0x00, 0x00, 0x01, 0x1a,
    0x01, 0x07, 0x00, 0x0f, 0x00, 0x19, 0x00, 0x23, 0x00, 0x33, 0x00, 0x3d, 0x00, 0x47, 0x00, 0x00,
    0x13, 0x23, 0x22, 0x06, 0x1d, 0x01, 0x14, 0x16, 0x3b, 0x01, 0x32, 0x36, 0x3d, 0x01, 0x34, 0x26,
    0x07, 0x33, 0x32, 0x16, 0x1d, 0x01, 0x23, 0x35, 0x34, 0x36, 0x17, 0x23, 0x22, 0x26, 0x3d, 0x01,
    0x33, 0x15, 0x0e, 0x01, 0x37, 0x23, 0x22, 0x06, 0x1d, 0x01, 0x14, 0x16, 0x3b, 0x01, 0x32, 0x36,
    0x3d, 0x01, 0x34, 0x26, 0x07, 0x33, 0x32, 0x16, 0x1d, 0x01, 0x23, 0x35, 0x34, 0x36, 0x17, 0x23,
    0x22, 0x26, 0x3d, 0x01, 0x33, 0x15, 0x14, 0x06, 0x67, 0x38, 0x0c, 0x10, 0x10, 0x0c, 0x38, 0x0c,
    0x10, 0x10, 0x44, 0x38, 0x04, 0x06, 0x4b, 0x05, 0x3c, 0x38, 0x04, 0x05, 0x4b, 0x01, 0x05, 0x92,
    0x38, 0x0c, 0x10, 0x10, 0x0c, 0x38, 0x0c, 0x10, 0x10, 0x44, 0x38, 0x04, 0x06, 0x4b, 0x05, 0x3c,
    0x38, 0x04, 0x05, 0x4b, 0x06, 0x01, 0x07, 0x11, 0x0c, 0xa8, 0x0c, 0x10, 0x10, 0x0c, 0xa8, 0x0c,
    0x10, 0x12, 0x06, 0x04, 0x1c, 0x1c, 0x04, 0x06, 0xbc, 0x06, 0x04, 0x7a, 0x7a, 0x04, 0x06, 0xcf,
    0x11, 0x0c, 0xa8, 0x0c, 0x10, 0x10, 0x0c, 0xa8, 0x0c, 0x11, 0x13, 0x06, 0x04, 0x54, 0x54, 0x04,
    0x06, 0xbc, 0x06, 0x04, 0x2f, 0x2f, 0x04, 0x06, 0x00, 0x01, 0x00, 0x00, 0x00, 0x00, 0x01, 0x0a,
    0x01, 0x0a, 0x00, 0x25, 0x00, 0x00, 0x37, 0x34, 0x36, 0x32, 0x16, 0x1d, 0x01, 0x37, 0x3e, 0x01,
    0x1e, 0x02, 0x06, 0x0f, 0x01, 0x06, 0x22, 0x26, 0x34, 0x3f, 0x01, 0x36, 0x34, 0x26, 0x22, 0x0f,
    0x01, 0x33, 0x32, 0x16, 0x14, 0x06, 0x2b, 0x01, 0x22, 0x26, 0x35, 0x38, 0x06, 0x08, 0x05, 0x3b,
    0x0f, 0x27, 0x26, 0x1d, 0x0a, 0x0a, 0x0e, 0x5f, 0x02, 0x08, 0x06, 0x03, 0x5e, 0x11, 0x21, 0x2f,
    0x10, 0x3b, 0x46, 0x04, 0x06, 0x06, 0x04, 0x5b, 0x05, 0x07, 0xfd, 0x04, 0x06, 0x06, 0x04, 0x48,
    0x3c, 0x0e, 0x0a, 0x0a, 0x1d, 0x27, 0x26, 0x0f, 0x5e, 0x02, 0x05, 0x08, 0x03, 0x5e, 0x10, 0x2f,
    0x21, 0x11, 0x3a, 0x06, 0x08, 0x05, 0x07, 0x04, 0x00, 0x02, 0x00, 0x00, 0x00, 0x00, 0x00, 0xe2,
    0x01, 0x1a, 0x00, 0x0c, 0x00, 0x24, 0x00, 0x00, 0x37, 0x14, 0x06, 0x2b, 0x01, 0x22, 0x26, 0x34,
    0x36, 0x3b, 0x01, 0x32, 0x16, 0x27, 0x16, 0x32, 0x3f, 0x01, 0x36, 0x34, 0x26, 0x22, 0x0f, 0x01,
    0x35, 0x34, 0x26, 0x22, 0x06, 0x1d, 0x01, 0x27, 0x26, 0x22, 0x06, 0x14, 0x17, 0xe1, 0x05, 0x04,
    0x96, 0x04, 0x06, 0x06, 0x04, 0x96, 0x04, 0x05, 0x5b, 0x03, 0x08, 0x02, 0x4b, 0x03, 0x05, 0x08,
    0x03, 0x3b, 0x05, 0x08, 0x06, 0x3b, 0x02, 0x08, 0x06, 0x03, 0x2f, 0x04, 0x05, 0x05, 0x08, 0x05,
    0x05, 0x1b, 0x03, 0x03, 0x4b, 0x02, 0x08, 0x06, 0x03, 0x3b, 0xa5, 0x04, 0x05, 0x05, 0x04, 0xa5,
    0x3b, 0x03, 0x06, 0x08, 0x02, 0x00, 0x00, 0x00, 0x00, 0x04, 0x00, 0x00, 0xff, 0xfe, 0x01, 0x2d,
    0x01, 0x1a, 0x00, 0x07, 0x00, 0x26, 0x00, 0x38, 0x00, 0x4a, 0x00, 0x00, 0x37, 0x17, 0x07, 0x27,
    0x26, 0x34, 0x36, 0x32, 0x07, 0x35, 0x34, 0x36, 0x3b, 0x01, 0x32, 0x16, 0x1d, 0x01, 0x37, 0x32,
    0x17, 0x35, 0x34, 0x26, 0x2b, 0x01, 0x22, 0x06, 0x1d, 0x01, 0x14, 0x16, 0x3b, 0x01, 0x3f, 0x01,
    0x23, 0x22, 0x26, 0x37, 0x27, 0x37, 0x36, 0x34, 0x26, 0x22, 0x0f, 0x01, 0x06, 0x14, 0x1f, 0x01,
    0x16, 0x32, 0x36, 0x34, 0x27, 0x37, 0x26, 0x22, 0x0f, 0x01, 0x06, 0x0f, 0x01, 0x06, 0x16, 0x3f,
    0x01, 0x36, 0x3f, 0x01, 0x36, 0x34, 0x27, 0xb9, 0x25, 0x0e, 0x24, 0x03, 0x05, 0x08, 0x90, 0x15,
    0x10, 0x96, 0x10, 0x16, 0x02, 0x08, 0x08, 0x21, 0x17, 0x96, 0x17, 0x21, 0x21, 0x17, 0x26, 0x01,
    0x03, 0x2a, 0x10, 0x15, 0x5b, 0x29, 0x29, 0x02, 0x05, 0x08, 0x03, 0x2f, 0x02, 0x02, 0x2f, 0x03,
    0x08, 0x05, 0x02, 0xa1, 0x0b, 0x1d, 0x0a, 0x5a, 0x08, 0x03, 0x07, 0x03, 0x0e, 0x09, 0x1c, 0x0b,
    0x08, 0x5b, 0x0a, 0x0a, 0xcc, 0x25, 0x0e, 0x25, 0x03, 0x08, 0x05, 0x83, 0x96, 0x10, 0x16, 0x16,
    0x10, 0x26, 0x01, 0x03, 0x28, 0x17, 0x21, 0x21, 0x17, 0x96, 0x17, 0x21, 0x06, 0x0d, 0x15, 0x33,
    0x28, 0x28, 0x03, 0x08, 0x05, 0x03, 0x2e, 0x03, 0x08, 0x03, 0x2f, 0x02, 0x05, 0x08, 0x03, 0x31,
    0x0a, 0x0a, 0x5b, 0x08, 0x0b, 0x1c, 0x09, 0x0e, 0x03, 0x07, 0x02, 0x08, 0x5b, 0x0a, 0x1d, 0x0b,
    0x00, 0x05, 0x00, 0x00, 0x00, 0x00, 0x01, 0x1a, 0x01, 0x23, 0x00, 0x20, 0x00, 0x41, 0x00, 0x4e,
    0x00, 0x67, 0x00, 0x89, 0x00, 0x00, 0x25, 0x16, 0x14, 0x07, 0x0e, 0x01, 0x22, 0x2f, 0x01, 0x15,
    0x14, 0x06, 0x22, 0x26, 0x3d, 0x01, 0x34, 0x36, 0x3b, 0x01, 0x32, 0x16, 0x14, 0x06, 0x2b, 0x01,
    0x17, 0x1e, 0x01, 0x36, 0x37, 0x36, 0x32, 0x37, 0x22, 0x06, 0x1d, 0x01, 0x27, 0x26, 0x22, 0x06,
    0x07, 0x06, 0x14, 0x16, 0x32, 0x37, 0x3e, 0x01, 0x32, 0x1f, 0x01, 0x23, 0x22, 0x06, 0x14, 0x16,
    0x3b, 0x01, 0x32, 0x36, 0x3d, 0x01, 0x34, 0x26, 0x07, 0x14, 0x16, 0x3b, 0x01, 0x32, 0x3e, 0x01,
    0x26, 0x2b, 0x01, 0x22, 0x06, 0x37, 0x23, 0x35, 0x34, 0x26, 0x22, 0x06, 0x1d, 0x01, 0x23, 0x22,
    0x06, 0x14, 0x16, 0x3b, 0x01, 0x15, 0x14, 0x16, 0x32, 0x36, 0x3d, 0x01, 0x33, 0x26, 0x17, 0x15,
    0x14, 0x06, 0x2b, 0x01, 0x22, 0x26, 0x3d, 0x01, 0x34, 0x36, 0x3b, 0x01, 0x32, 0x1f, 0x01, 0x35,
    0x26, 0x2b, 0x01, 0x22, 0x06, 0x07, 0x15, 0x1e, 0x01, 0x3b, 0x01, 0x32, 0x36, 0x3d, 0x01, 0x07,
    0x01, 0x12, 0x03, 0x03, 0x08, 0x15, 0x17, 0x0b, 0x05, 0x05, 0x08, 0x06, 0x06, 0x04, 0x1c, 0x04,
    0x05, 0x05, 0x04, 0x09, 0x03, 0x07, 0x0f, 0x0f, 0x05, 0x03, 0x07, 0x01, 0x04, 0x05, 0x06, 0x0a,
    0x17, 0x15, 0x08, 0x03, 0x05, 0x08, 0x03, 0x05, 0x0e, 0x10, 0x07, 0x03, 0x09, 0x04, 0x06, 0x06,
    0x04, 0x1c, 0x04, 0x05, 0x05, 0xb6, 0x05, 0x04, 0x4b, 0x04, 0x05, 0x01, 0x06, 0x04, 0x4b, 0x04,
    0x05, 0x4b, 0x13, 0x05, 0x08, 0x06, 0x1c, 0x04, 0x05, 0x05, 0x04, 0x1c, 0x06, 0x08, 0x05, 0x1a,
    0x07, 0x38, 0x0b, 0x08, 0x83, 0x08, 0x0b, 0x0b, 0x08, 0x56, 0x04, 0x03, 0x05, 0x06, 0x06, 0x56,
    0x10, 0x15, 0x01, 0x01, 0x15, 0x10, 0x83, 0x10, 0x16, 0x0a, 0xd5, 0x03, 0x08, 0x03, 0x08, 0x08,
    0x05, 0x02, 0x02, 0x04, 0x06, 0x06, 0x04, 0x1c, 0x04, 0x05, 0x05, 0x08, 0x06, 0x01, 0x03, 0x01,
    0x06, 0x06, 0x02, 0x4c, 0x06, 0x04, 0x03, 0x03, 0x05, 0x08, 0x09, 0x02, 0x08, 0x06, 0x03, 0x06,
    0x05, 0x03, 0x02, 0x05, 0x08, 0x05, 0x05, 0x04, 0x1c, 0x04, 0x06, 0xcf, 0x03, 0x06, 0x06, 0x07,
    0x06, 0x06, 0x64, 0x1c, 0x04, 0x05, 0x05, 0x04, 0x1c, 0x06, 0x08, 0x05, 0x1c, 0x04, 0x06, 0x06,
    0x04, 0x1c, 0x08, 0x0c, 0x6d, 0x08, 0x0a, 0x0a, 0x08, 0xbc, 0x08, 0x0b, 0x03, 0x06, 0x18, 0x03,
    0x16, 0x0f, 0xbc, 0x0f, 0x16, 0x16, 0x0f, 0x6d, 0x01, 0x00, 0x00, 0x00, 0x00, 0x04, 0x00, 0x00,
    0x00, 0x00, 0x01, 0x1a, 0x01, 0x2d, 0x00, 0x31, 0x00, 0x54, 0x00, 0x5c, 0x00, 0x88, 0x00, 0x00,
    0x13, 0x2f, 0x01, 0x26, 0x2f, 0x01, 0x26, 0x2f, 0x01, 0x2e, 0x01, 0x2b, 0x01, 0x22, 0x06, 0x0f,
    0x01, 0x06, 0x0f, 0x01, 0x06, 0x0f, 0x01, 0x0e, 0x01, 0x14, 0x16, 0x33, 0x1f, 0x01, 0x1e, 0x01,
    0x1f, 0x01, 0x1e, 0x01, 0x33, 0x31, 0x32, 0x3f, 0x02, 0x3e, 0x01, 0x3f, 0x01, 0x32, 0x36, 0x34,
    0x26, 0x37, 0x26, 0x22, 0x0f, 0x01, 0x17, 0x16, 0x17, 0x37, 0x17, 0x07, 0x06, 0x0f, 0x01, 0x37,
    0x36, 0x3f, 0x01, 0x26, 0x2f, 0x01, 0x07, 0x06, 0x0f, 0x01, 0x06, 0x16, 0x3f, 0x01, 0x36, 0x3f,
    0x01, 0x36, 0x34, 0x27, 0x0f, 0x01, 0x27, 0x37, 0x36, 0x32, 0x16, 0x14, 0x07, 0x27, 0x15, 0x2e,
    0x01, 0x2f, 0x01, 0x2e, 0x01, 0x22, 0x06, 0x0f, 0x01, 0x0e, 0x01, 0x0f, 0x01, 0x0e, 0x01, 0x14,
    0x16, 0x1f, 0x01, 0x1e, 0x01, 0x1f, 0x01, 0x1e, 0x01, 0x3b, 0x01, 0x32, 0x36, 0x3f, 0x01, 0x3e,
    0x01, 0x3f, 0x01, 0x3e, 0x01, 0x34, 0x26, 0x27, 0x6d, 0x01, 0x0e, 0x04, 0x04, 0x03, 0x05, 0x03,
    0x04, 0x01, 0x03, 0x01, 0x01, 0x01, 0x03, 0x01, 0x05, 0x02, 0x05, 0x01, 0x04, 0x06, 0x0e, 0x02,
    0x02, 0x02, 0x02, 0x10, 0x03, 0x04, 0x07, 0x02, 0x05, 0x01, 0x03, 0x02, 0x01, 0x02, 0x02, 0x05,
    0x02, 0x0a, 0x06, 0x0f, 0x01, 0x03, 0x03, 0x9d, 0x0f, 0x28, 0x0f, 0x36, 0x0a, 0x04, 0x04, 0x16,
    0x2b, 0x78, 0x07, 0x0a, 0x30, 0x0c, 0x03, 0x07, 0x21, 0x04, 0x02, 0x03, 0x25, 0x0b, 0x04, 0x10,
    0x01, 0x07, 0x05, 0x40, 0x0f, 0x0a, 0x94, 0x0e, 0x0e, 0x0d, 0x0f, 0x2b, 0x0f, 0x09, 0x19, 0x12,
    0x74, 0x0c, 0x05, 0x08, 0x02, 0x03, 0x01, 0x02, 0x03, 0x02, 0x01, 0x04, 0x01, 0x08, 0x05, 0x0c,
    0x01, 0x02, 0x02, 0x01, 0x0b, 0x06, 0x08, 0x01, 0x04, 0x01, 0x02, 0x01, 0x01, 0x01, 0x02, 0x01,
    0x04, 0x01, 0x08, 0x06, 0x0b, 0x01, 0x02, 0x02, 0x01, 0x01, 0x02, 0x01, 0x04, 0x02, 0x02, 0x03,
    0x05, 0x07, 0x0e, 0x02, 0x02, 0x02, 0x02, 0x0e, 0x07, 0x05, 0x01, 0x04, 0x02, 0x04, 0x01, 0x03,
    0x04, 0x03, 0x05, 0x02, 0x02, 0x07, 0x06, 0x10, 0x02, 0x02, 0x01, 0x02, 0x0f, 0x07, 0x0a, 0x02,
    0x05, 0x03, 0x04, 0x03, 0x09, 0x0e, 0x0e, 0x36, 0x03, 0x02, 0x04, 0x16, 0x2b, 0x78, 0x07, 0x03,
    0x0c, 0x30, 0x0a, 0x07, 0x21, 0x04, 0x04, 0x0a, 0x26, 0x0a, 0x0f, 0x40, 0x05, 0x07, 0x01, 0x10,
    0x04, 0x0b, 0x93, 0x0f, 0x28, 0x0f, 0x38, 0x0f, 0x2b, 0x0f, 0x09, 0x12, 0x19, 0x1c, 0x04, 0x01,
    0x02, 0x08, 0x05, 0x0c, 0x01, 0x02, 0x02, 0x01, 0x0c, 0x05, 0x08, 0x01, 0x04, 0x01, 0x02, 0x03,
    0x02, 0x01, 0x04, 0x01, 0x08, 0x06, 0x0b, 0x01, 0x02, 0x02, 0x01, 0x0b, 0x06, 0x08, 0x01, 0x04,
    0x01, 0x02, 0x03, 0x02, 0x01, 0x00, 0x00, 0x00, 0x00, 0x03, 0x00, 0x00, 0x00, 0x00, 0x01, 0x1a,
    0x01, 0x1a, 0x00, 0x10, 0x00, 0x18, 0x00, 0x21, 0x00, 0x00, 0x01, 0x26, 0x22, 0x0f, 0x01, 0x06,
    0x0f, 0x01, 0x06, 0x16, 0x3f, 0x01, 0x36, 0x3f, 0x01, 0x36, 0x34, 0x27, 0x36, 0x32, 0x16, 0x14,
    0x0f, 0x01, 0x27, 0x07, 0x17, 0x07, 0x06, 0x0f, 0x01, 0x37, 0x36, 0x37, 0x01, 0x0b, 0x0e, 0x29,
    0x0f, 0x93, 0x0b, 0x04, 0x10, 0x01, 0x07, 0x05, 0x40, 0x0f, 0x0a, 0x94, 0x0e, 0x46, 0x09, 0x19,
    0x12, 0x09, 0x0f, 0x2b, 0x0d, 0x2b, 0x78, 0x07, 0x0a, 0x30, 0x0c, 0x03, 0x07, 0x01, 0x0b, 0x0e,
    0x0e, 0x94, 0x0a, 0x0f, 0x40, 0x05, 0x07, 0x01, 0x10, 0x04, 0x0b, 0x93, 0x0f, 0x29, 0x01, 0x09,
    0x12, 0x19, 0x09, 0x0f, 0x2b, 0x0d, 0x2b, 0x78, 0x07, 0x02, 0x0d, 0x30, 0x0a, 0x07, 0x00, 0x00,
    0x00, 0x05, 0x00, 0x00, 0x00, 0x00, 0x01, 0x1a, 0x01, 0x1a, 0x00, 0x1b, 0x00, 0x24, 0x00, 0x2f,
    0x00, 0x39, 0x00, 0x47, 0x00, 0x00, 0x37, 0x23, 0x22, 0x07, 0x35, 0x34, 0x26, 0x2b, 0x01, 0x22,
    0x06, 0x1d, 0x01, 0x14, 0x16, 0x3b, 0x01, 0x15, 0x14, 0x16, 0x3b, 0x01, 0x32, 0x36, 0x3d, 0x01,
    0x34, 0x26, 0x07, 0x33, 0x32, 0x16, 0x17, 0x23, 0x35, 0x36, 0x33, 0x27, 0x33, 0x32, 0x16, 0x1d,
    0x01, 0x23, 0x35, 0x26, 0x36, 0x17, 0x07, 0x35, 0x33, 0x15, 0x14, 0x06, 0x2b, 0x01, 0x22, 0x26,
    0x17, 0x14, 0x06, 0x07, 0x23, 0x2e, 0x01, 0x3d, 0x01, 0x3e, 0x01, 0x3d, 0x01, 0x33, 0xea, 0x5d,
    0x05, 0x05, 0x10, 0x0c, 0x38, 0x0c, 0x10, 0x10, 0x0c, 0x2f, 0x1b, 0x14, 0x5d, 0x14, 0x1b, 0x1b,
    0x71, 0x5d, 0x09, 0x0f, 0x03, 0x82, 0x05, 0x05, 0x5e, 0x38, 0x04, 0x06, 0x4b, 0x01, 0x06, 0x04,
    0x09, 0x4b, 0x06, 0x04, 0x38, 0x04, 0x05, 0xe1, 0x11, 0x0c, 0x5d, 0x0c, 0x10, 0x08, 0x0a, 0x84,
    0xce, 0x01, 0x30, 0x0c, 0x10, 0x10, 0x0c, 0x70, 0x0c, 0x11, 0x2e, 0x14, 0x1b, 0x1b, 0x14, 0x5d,
    0x14, 0x1b, 0x12, 0x0b, 0x08, 0x11, 0x01, 0x4c, 0x06, 0x04, 0x09, 0x09, 0x04, 0x06, 0x01, 0x79,
    0x54, 0x54, 0x04, 0x06, 0x06, 0x47, 0x0c, 0x10, 0x01, 0x01, 0x10, 0x0c, 0x30, 0x03, 0x0f, 0x09,
    0x09, 0x00, 0x00, 0x00, 0x00, 0x03, 0x00, 0x00, 0x00, 0x00, 0x00, 0xf4, 0x00, 0xa9, 0x00, 0x08,
    0x00, 0x11, 0x00, 0x1a, 0x00, 0x00, 0x37, 0x14, 0x06, 0x22, 0x26, 0x34, 0x36, 0x32, 0x16, 0x17,
    0x14, 0x06, 0x22, 0x26, 0x34, 0x36, 0x32, 0x16, 0x17, 0x32, 0x36, 0x34, 0x26, 0x22, 0x06, 0x14,
    0x16, 0x5e, 0x0b, 0x10, 0x0b, 0x0b, 0x10, 0x0b, 0x4b, 0x0b, 0x10, 0x0b, 0x0b, 0x10, 0x0b, 0x38,
    0x08, 0x0b, 0x0b, 0x10, 0x0b, 0x0b, 0x96, 0x08, 0x0b, 0x0b, 0x10, 0x0b, 0x0b, 0x08, 0x08, 0x0b,
    0x0b, 0x10, 0x0b, 0x0b, 0x1b, 0x0b, 0x10, 0x0b, 0x0b, 0x10, 0x0b, 0x00, 0x00, 0x03, 0x00, 0x00,
    0x00, 0x00, 0x01, 0x1a, 0x01, 0x2c, 0x00, 0x21, 0x00, 0x2e, 0x00, 0x4b, 0x00, 0x00, 0x25, 0x15,
    0x14, 0x06, 0x2b, 0x01, 0x22, 0x26, 0x3d, 0x01, 0x16, 0x17, 0x15, 0x1e, 0x01, 0x3b, 0x01, 0x32,
    0x36, 0x3d, 0x01, 0x23, 0x37, 0x27, 0x33, 0x34, 0x26, 0x2b, 0x01, 0x26, 0x27, 0x33, 0x32, 0x16,
    0x05, 0x34, 0x3e, 0x01, 0x32, 0x1e, 0x01, 0x14, 0x0e, 0x01, 0x22, 0x2e, 0x01, 0x37, 0x14, 0x16,
    0x3b, 0x01, 0x15, 0x14, 0x16, 0x32, 0x36, 0x3d, 0x01, 0x33, 0x32, 0x36, 0x34, 0x26, 0x2b, 0x01,
    0x35, 0x34, 0x26, 0x22, 0x06, 0x1d, 0x01, 0x23, 0x22, 0x06, 0x01, 0x19, 0x21, 0x17, 0x96, 0x17,
    0x21, 0x08, 0x0a, 0x01, 0x15, 0x10, 0x96, 0x10, 0x16, 0x4c, 0x01, 0x01, 0x4c, 0x16, 0x10, 0x31,
    0x05, 0x07, 0x3d, 0x17, 0x21, 0xfe, 0xe7, 0x17, 0x26, 0x2e, 0x27, 0x17, 0x17, 0x27, 0x2e, 0x26,
    0x17, 0x1c, 0x06, 0x04, 0x25, 0x05, 0x08, 0x06, 0x25, 0x04, 0x06, 0x06, 0x04, 0x25, 0x06, 0x08,
    0x05, 0x25, 0x04, 0x06, 0xe1, 0x96, 0x17, 0x21, 0x21, 0x17, 0x3d, 0x07, 0x05, 0x31, 0x10, 0x15,
    0x15, 0x10, 0x83, 0x0a, 0x09, 0x10, 0x16, 0x0a, 0x08, 0x21, 0x20, 0x17, 0x26, 0x17, 0x17, 0x26,
    0x2e, 0x27, 0x17, 0x17, 0x27, 0x17, 0x04, 0x06, 0x25, 0x04, 0x06, 0x06, 0x04, 0x25, 0x06, 0x08,
    0x05, 0x26, 0x03, 0x06, 0x06, 0x04, 0x25, 0x05, 0x00, 0x03, 0x00, 0x00, 0x00, 0x00, 0x01, 0x10,
    0x01, 0x10, 0x00, 0x18, 0x00, 0x22, 0x00, 0x2c, 0x00, 0x00, 0x25, 0x34, 0x2f, 0x01, 0x26, 0x22,
    0x0f, 0x01, 0x06, 0x14, 0x1f, 0x01, 0x16, 0x3b, 0x01, 0x16, 0x36, 0x34, 0x26, 0x2b, 0x01, 0x37,
    0x36, 0x35, 0x31, 0x07, 0x27, 0x26, 0x34, 0x3f, 0x01, 0x17, 0x07, 0x23, 0x22, 0x37, 0x07, 0x27,
    0x37, 0x36, 0x32, 0x1f, 0x01, 0x16, 0x14, 0x01, 0x10, 0x08, 0x39, 0x08, 0x17, 0x08, 0x8d, 0x08,
    0x08, 0x25, 0x09, 0x0b, 0x84, 0x04, 0x05, 0x05, 0x04, 0x40, 0x70, 0x08, 0xc2, 0x26, 0x02, 0x02,
    0x28, 0x46, 0x18, 0x2a, 0x03, 0xa9, 0x57, 0x45, 0x57, 0x03, 0x07, 0x03, 0x38, 0x03, 0xbc, 0x0b,
    0x08, 0x39, 0x08, 0x08, 0x8d, 0x08, 0x18, 0x08, 0x25, 0x08, 0x01, 0x06, 0x08, 0x05, 0x70, 0x08,
    0x0b, 0x80, 0x25, 0x03, 0x08, 0x03, 0x28, 0x46, 0x18, 0x7d, 0x57, 0x45, 0x57, 0x03, 0x03, 0x38,
    0x03, 0x07, 0x00, 0x00, 0x00, 0x03, 0x00, 0x00, 0x00, 0x00, 0x00, 0xe1, 0x00, 0xe2, 0x00, 0x1b,
    0x00, 0x28, 0x00, 0x31, 0x00, 0x00, 0x37, 0x26, 0x22, 0x06, 0x14, 0x1f, 0x01, 0x07, 0x06, 0x14,
    0x16, 0x32, 0x3f, 0x01, 0x17, 0x16, 0x32, 0x36, 0x34, 0x2f, 0x01, 0x37, 0x36, 0x34, 0x26, 0x22,
    0x0f, 0x01, 0x15, 0x32, 0x3e, 0x01, 0x34, 0x2e, 0x01, 0x22, 0x0e, 0x01, 0x14, 0x1e, 0x01, 0x37,
    0x32, 0x16, 0x14, 0x06, 0x22, 0x26, 0x34, 0x36, 0x8a, 0x03, 0x08, 0x05, 0x03, 0x0c, 0x0c, 0x03,
    0x05, 0x08, 0x03, 0x0c, 0x0c, 0x03, 0x08, 0x05, 0x03, 0x0c, 0x0c, 0x03, 0x05, 0x08, 0x03, 0x0c,
    0x14, 0x23, 0x14, 0x14, 0x23, 0x28, 0x23, 0x14, 0x14, 0x23, 0x14, 0x17, 0x21, 0x21, 0x2e, 0x21,
    0x21, 0xaf, 0x03, 0x05, 0x08, 0x03, 0x0c, 0x0c, 0x03, 0x08, 0x05, 0x03, 0x0c, 0x0c, 0x03, 0x05,
    0x08, 0x03, 0x0c, 0x0c, 0x03, 0x08, 0x05, 0x03, 0x0c, 0x58, 0x14, 0x23, 0x28, 0x23, 0x14, 0x14,
    0x23, 0x28, 0x23, 0x14, 0x83, 0x21, 0x2e, 0x21, 0x21, 0x2e, 0x21, 0x00, 0x00, 0x03, 0x00, 0x00,
    0x00, 0x00, 0x01, 0x1a, 0x01, 0x1a, 0x00, 0x0c, 0x00, 0x19, 0x00, 0x36, 0x00, 0x00, 0x13, 0x22,
    0x0e, 0x01, 0x14, 0x1e, 0x01, 0x32, 0x3e, 0x01, 0x34, 0x2e, 0x01, 0x07, 0x22, 0x2e, 0x01, 0x34,
    0x3e, 0x01, 0x32, 0x1e, 0x01, 0x14, 0x0e, 0x01, 0x37, 0x07, 0x17, 0x16, 0x14, 0x06, 0x22, 0x2f,
    0x01, 0x07, 0x06, 0x22, 0x26, 0x34, 0x3f, 0x01, 0x27, 0x26, 0x34, 0x36, 0x32, 0x1f, 0x01, 0x37,
    0x36, 0x32, 0x16, 0x14, 0x07, 0x96, 0x24, 0x3c, 0x23, 0x23, 0x3c, 0x48, 0x3c, 0x23, 0x23, 0x3c,
    0x24, 0x1f, 0x33, 0x1e, 0x1e, 0x33, 0x3e, 0x33, 0x1f, 0x1f, 0x33, 0x17, 0x29, 0x29, 0x02, 0x05,
    0x08, 0x03, 0x28, 0x28, 0x03, 0x08, 0x05, 0x02, 0x29, 0x29, 0x02, 0x05, 0x08, 0x03, 0x28, 0x28,
    0x03, 0x08, 0x05, 0x03, 0x01, 0x19, 0x23, 0x3c, 0x48, 0x3c, 0x23, 0x23, 0x3c, 0x48, 0x3c, 0x23,
    0xf3, 0x1e, 0x33, 0x3e, 0x33, 0x1f, 0x1f, 0x33, 0x3e, 0x33, 0x1e, 0x98, 0x28, 0x28, 0x03, 0x08,
    0x05, 0x03, 0x28, 0x28, 0x03, 0x05, 0x08, 0x03, 0x28, 0x28, 0x03, 0x08, 0x05, 0x03, 0x28, 0x28,
    0x03, 0x05, 0x08, 0x03, 0x00, 0x04, 0x00, 0x00, 0xff, 0xfc, 0x01, 0x2d, 0x01, 0x1a, 0x00, 0x0f,
    0x00, 0x1c, 0x00, 0x77, 0x00, 0x8b, 0x00, 0x00, 0x25, 0x2e, 0x01, 0x23, 0x22, 0x0e, 0x01, 0x1e,
    0x02, 0x3e, 0x01, 0x35, 0x34, 0x26, 0x27, 0x07, 0x06, 0x2b, 0x01, 0x22, 0x26, 0x34, 0x36, 0x3b,
    0x01, 0x32, 0x16, 0x14, 0x27, 0x32, 0x17, 0x15, 0x23, 0x26, 0x2b, 0x01, 0x0f, 0x01, 0x22, 0x27,
    0x26, 0x27, 0x26, 0x3f, 0x01, 0x3e, 0x01, 0x2f, 0x01, 0x26, 0x37, 0x36, 0x37, 0x36, 0x33, 0x1f,
    0x01, 0x32, 0x33, 0x32, 0x36, 0x3f, 0x01, 0x36, 0x37, 0x36, 0x32, 0x17, 0x16, 0x1f, 0x01, 0x1e,
    0x01, 0x3b, 0x01, 0x3f, 0x01, 0x32, 0x17, 0x16, 0x17, 0x16, 0x0f, 0x01, 0x26, 0x27, 0x37, 0x26,
    0x27, 0x0f, 0x01, 0x23, 0x22, 0x26, 0x2f, 0x01, 0x26, 0x22, 0x0f, 0x02, 0x0e, 0x01, 0x23, 0x22,
    0x2f, 0x01, 0x06, 0x07, 0x1f, 0x01, 0x16, 0x06, 0x0f, 0x01, 0x16, 0x17, 0x3f, 0x02, 0x06, 0x07,
    0x26, 0x34, 0x36, 0x32, 0x17, 0x06, 0x0f, 0x01, 0x31, 0x26, 0x23, 0x22, 0x06, 0x15, 0x14, 0x17,
    0x31, 0x01, 0x13, 0x0c, 0x1f, 0x10, 0x1a, 0x2b, 0x13, 0x0a, 0x24, 0x32, 0x30, 0x1c, 0x0d, 0x0c,
    0x06, 0x03, 0x04, 0x5d, 0x04, 0x06, 0x06, 0x04, 0x5e, 0x03, 0x06, 0xb0, 0x09, 0x07, 0x05, 0x04,
    0x07, 0x03, 0x20, 0x03, 0x04, 0x02, 0x13, 0x08, 0x02, 0x04, 0x18, 0x05, 0x01, 0x04, 0x1a, 0x04,
    0x02, 0x08, 0x13, 0x02, 0x04, 0x03, 0x1d, 0x03, 0x02, 0x05, 0x08, 0x02, 0x06, 0x01, 0x05, 0x0e,
    0x1c, 0x0e, 0x05, 0x01, 0x05, 0x01, 0x09, 0x05, 0x03, 0x20, 0x03, 0x04, 0x02, 0x13, 0x08, 0x02,
    0x04, 0x09, 0x09, 0x0a, 0x0a, 0x06, 0x0a, 0x17, 0x05, 0x07, 0x0c, 0x13, 0x02, 0x04, 0x09, 0x10,
    0x09, 0x04, 0x01, 0x04, 0x12, 0x0b, 0x05, 0x06, 0x17, 0x0a, 0x06, 0x12, 0x04, 0x09, 0x02, 0x0b,
    0x12, 0x06, 0x0a, 0x17, 0x05, 0x2b, 0x06, 0x05, 0x09, 0x16, 0x1d, 0x0b, 0x09, 0x07, 0x03, 0x03,
    0x02, 0x08, 0x0b, 0x01, 0x90, 0x0c, 0x0d, 0x1d, 0x2f, 0x32, 0x24, 0x0a, 0x13, 0x2b, 0x19, 0x11,
    0x1f, 0x0c, 0x42, 0x03, 0x05, 0x08, 0x06, 0x06, 0x07, 0x09, 0x04, 0x14, 0x05, 0x0b, 0x01, 0x03,
    0x15, 0x1b, 0x05, 0x03, 0x14, 0x04, 0x0d, 0x05, 0x16, 0x04, 0x04, 0x1b, 0x15, 0x03, 0x01, 0x0b,
    0x05, 0x05, 0x21, 0x05, 0x01, 0x03, 0x03, 0x01, 0x05, 0x1f, 0x05, 0x07, 0x0b, 0x01, 0x03, 0x15,
    0x1b, 0x04, 0x04, 0x07, 0x05, 0x03, 0x09, 0x0f, 0x0d, 0x08, 0x02, 0x10, 0x0c, 0x17, 0x02, 0x02,
    0x17, 0x06, 0x0a, 0x0c, 0x02, 0x08, 0x0d, 0x0f, 0x10, 0x04, 0x0b, 0x1c, 0x09, 0x0f, 0x10, 0x0d,
    0x08, 0x02, 0x37, 0x09, 0x0a, 0x0b, 0x1d, 0x16, 0x09, 0x04, 0x05, 0x02, 0x01, 0x0b, 0x08, 0x02,
    0x03, 0x00, 0x00, 0x00, 0x00, 0x04, 0x00, 0x00, 0x00, 0x00, 0x01, 0x1a, 0x01, 0x07, 0x00, 0x10,
    0x00, 0x20, 0x00, 0x30, 0x00, 0x4c, 0x00, 0x00, 0x25, 0x15, 0x14, 0x0e, 0x01, 0x2b, 0x01, 0x22,
    0x26, 0x27, 0x33, 0x32, 0x36, 0x3d, 0x01, 0x1e, 0x01, 0x07, 0x23, 0x22, 0x26, 0x27, 0x35, 0x3e,
    0x01, 0x17, 0x33, 0x36, 0x16, 0x1d, 0x01, 0x14, 0x06, 0x27, 0x33, 0x32, 0x36, 0x3d, 0x01, 0x34,
    0x26, 0x2b, 0x01, 0x22, 0x06, 0x1d, 0x01, 0x14, 0x16, 0x37, 0x23, 0x35, 0x34, 0x26, 0x22, 0x06,
    0x1d, 0x01, 0x23, 0x22, 0x06, 0x14, 0x16, 0x3b, 0x01, 0x15, 0x14, 0x16, 0x3e, 0x01, 0x3d, 0x01,
    0x33, 0x32, 0x3e, 0x01, 0x26, 0x01, 0x19, 0x14, 0x22, 0x15, 0x5d, 0x0b, 0x11, 0x05, 0x7e, 0x17,
    0x22, 0x08, 0x0a, 0x4b, 0x83, 0x10, 0x15, 0x01, 0x01, 0x15, 0x10, 0x83, 0x10, 0x16, 0x16, 0x93,
    0x83, 0x08, 0x0b, 0x0b, 0x08, 0x83, 0x08, 0x0b, 0x0b, 0x6f, 0x1c, 0x05, 0x08, 0x06, 0x1c, 0x04,
    0x05, 0x05, 0x04, 0x1c, 0x06, 0x08, 0x05, 0x1c, 0x04, 0x05, 0x01, 0x06, 0xbc, 0x5e, 0x15, 0x22,
    0x14, 0x0a, 0x09, 0x21, 0x17, 0x7e, 0x05, 0x11, 0x8e, 0x16, 0x10, 0x83, 0x10, 0x16, 0x01, 0x01,
    0x16, 0x10, 0x83, 0x10, 0x16, 0x13, 0x0b, 0x08, 0x83, 0x08, 0x0b, 0x0b, 0x08, 0x83, 0x08, 0x0b,
    0x5e, 0x1c, 0x04, 0x05, 0x05, 0x04, 0x1c, 0x06, 0x08, 0x05, 0x1c, 0x04, 0x06, 0x01, 0x05, 0x04,
    0x1c, 0x05, 0x08, 0x06, 0x00, 0x02, 0x00, 0x00, 0x00, 0x00, 0x01, 0x1a, 0x00, 0xf4, 0x00, 0x0c,
    0x00, 0x26, 0x00, 0x00, 0x37, 0x32, 0x16, 0x17, 0x15, 0x14, 0x06, 0x22, 0x26, 0x3d, 0x01, 0x34,
    0x36, 0x17, 0x36, 0x32, 0x1f, 0x01, 0x16, 0x14, 0x0f, 0x01, 0x06, 0x22, 0x26, 0x34, 0x3f, 0x01,
    0x23, 0x22, 0x26, 0x34, 0x36, 0x3b, 0x01, 0x27, 0x26, 0x34, 0x37, 0x1c, 0x04, 0x05, 0x01, 0x06,
    0x08, 0x05, 0x05, 0xa6, 0x03, 0x08, 0x02, 0x4b, 0x03, 0x03, 0x4b, 0x02, 0x08, 0x06, 0x03, 0x3b,
    0xa5, 0x04, 0x05, 0x05, 0x04, 0xa5, 0x3b, 0x02, 0x02, 0xf4, 0x06, 0x04, 0x96, 0x04, 0x05, 0x05,
    0x04, 0x96, 0x04, 0x06, 0x03, 0x03, 0x03, 0x4b, 0x03, 0x07, 0x03, 0x4b, 0x03, 0x06, 0x07, 0x03,
    0x3b, 0x05, 0x08, 0x06, 0x3b, 0x02, 0x08, 0x03, 0x00, 0x06, 0x00, 0x00, 0x00, 0x00, 0x01, 0x20,
    0x01, 0x20, 0x00, 0x1e, 0x00, 0x28, 0x00, 0x2f, 0x00, 0x39, 0x00, 0x3c, 0x00, 0x4c, 0x00, 0x00,
    0x25, 0x34, 0x2f, 0x01, 0x26, 0x22, 0x0f, 0x01, 0x35, 0x34, 0x26, 0x2b, 0x01, 0x22, 0x06, 0x17,
    0x15, 0x14, 0x16, 0x3b, 0x01, 0x3e, 0x01, 0x3d, 0x01, 0x34, 0x26, 0x2b, 0x01, 0x37, 0x36, 0x27,
    0x33, 0x32, 0x16, 0x1d, 0x01, 0x23, 0x35, 0x34, 0x36, 0x07, 0x35, 0x33, 0x15, 0x23, 0x22, 0x26,
    0x37, 0x15, 0x14, 0x06, 0x2b, 0x01, 0x35, 0x33, 0x32, 0x16, 0x27, 0x35, 0x17, 0x37, 0x07, 0x06,
    0x22, 0x2f, 0x01, 0x26, 0x34, 0x3f, 0x01, 0x36, 0x32, 0x1f, 0x01, 0x16, 0x14, 0x01, 0x20, 0x08,
    0x33, 0x08, 0x17, 0x08, 0x28, 0x10, 0x0b, 0x53, 0x0b, 0x11, 0x01, 0x10, 0x0b, 0xca, 0x0b, 0x10,
    0x10, 0x0b, 0x03, 0x29, 0x08, 0xf8, 0x53, 0x03, 0x06, 0x65, 0x05, 0x05, 0x65, 0x5c, 0x04, 0x05,
    0xdc, 0x06, 0x03, 0x5c, 0x5c, 0x03, 0x06, 0x65, 0x1e, 0x57, 0x33, 0x03, 0x07, 0x03, 0x32, 0x03,
    0x03, 0x32, 0x03, 0x07, 0x03, 0x33, 0x02, 0xd2, 0x0b, 0x08, 0x33, 0x08, 0x08, 0x29, 0x03, 0x0b,
    0x10, 0x10, 0x0b, 0xca, 0x0b, 0x11, 0x01, 0x10, 0x0b, 0x53, 0x0b, 0x10, 0x29, 0x08, 0x34, 0x05,
    0x04, 0x5c, 0x5c, 0x04, 0x05, 0xd3, 0x5c, 0x65, 0x05, 0x57, 0x53, 0x04, 0x05, 0x65, 0x06, 0x18,
    0x1e, 0x1e, 0x36, 0x33, 0x03, 0x03, 0x33, 0x02, 0x07, 0x03, 0x33, 0x02, 0x02, 0x33, 0x03, 0x07,
    0x00, 0x06, 0x00, 0x00, 0x00, 0x00, 0x01, 0x1a, 0x01, 0x1a, 0x00, 0x1e, 0x00, 0x28, 0x00, 0x2f,
    0x00, 0x39, 0x00, 0x3c, 0x00, 0x4c, 0x00, 0x00, 0x25, 0x34, 0x2f, 0x01, 0x26, 0x22, 0x0f, 0x01,
    0x35, 0x34, 0x26, 0x2b, 0x01, 0x22, 0x06, 0x1d, 0x01, 0x14, 0x16, 0x3b, 0x01, 0x32, 0x36, 0x3d,
    0x01, 0x34, 0x26, 0x2b, 0x01, 0x37, 0x36, 0x27, 0x33, 0x32, 0x16, 0x1d, 0x01, 0x23, 0x35, 0x34,
    0x36, 0x07, 0x35, 0x33, 0x15, 0x23, 0x22, 0x26, 0x37, 0x15, 0x14, 0x06, 0x2b, 0x01, 0x35, 0x33,
    0x32, 0x16, 0x27, 0x35, 0x17, 0x37, 0x07, 0x06, 0x22, 0x2f, 0x01, 0x26, 0x34, 0x3f, 0x01, 0x36,
    0x32, 0x1f, 0x01, 0x16, 0x14, 0x01, 0x19, 0x07, 0x31, 0x07, 0x16, 0x07, 0x27, 0x0f, 0x0b, 0x4f,
    0x0b, 0x0f, 0x0f, 0x0b, 0xc1, 0x0a, 0x10, 0x10, 0x0a, 0x03, 0x27, 0x07, 0xec, 0x4f, 0x03, 0x06,
    0x61, 0x05, 0x05, 0x61, 0x58, 0x04, 0x05, 0xd2, 0x05, 0x03, 0x58, 0x58, 0x03, 0x05, 0x60, 0x1d,
    0x52, 0x30, 0x03, 0x07, 0x02, 0x31, 0x02, 0x02, 0x31, 0x02, 0x07, 0x03, 0x30, 0x03, 0xcf, 0x0b,
    0x07, 0x31, 0x07, 0x07, 0x27, 0x03, 0x0b, 0x0f, 0x0f, 0x0b, 0xc1, 0x0b, 0x0f, 0x0f, 0x0b, 0x4f,
    0x0b, 0x0f, 0x27, 0x07, 0x32, 0x05, 0x03, 0x58, 0x58, 0x03, 0x05, 0xc9, 0x58, 0x61, 0x05, 0x53,
    0x4f, 0x04, 0x05, 0x61, 0x06, 0x17, 0x1d, 0x1d, 0x33, 0x30, 0x03, 0x03, 0x30, 0x03, 0x07, 0x02,
    0x31, 0x02, 0x02, 0x31, 0x02, 0x07, 0x00, 0x00, 0x00, 0x03, 0x00, 0x00, 0x00, 0x00, 0x01, 0x1a,
    0x01, 0x1a, 0x00, 0x24, 0x00, 0x2e, 0x00, 0x46, 0x00, 0x00, 0x37, 0x17, 0x16, 0x32, 0x36, 0x34,
    0x2f, 0x01, 0x26, 0x22, 0x06, 0x14, 0x1f, 0x01, 0x0e, 0x01, 0x0f, 0x01, 0x15, 0x14, 0x1e, 0x01,
    0x36, 0x3f, 0x01, 0x3e, 0x01, 0x37, 0x17, 0x0e, 0x01, 0x15, 0x14, 0x16, 0x33, 0x32, 0x36, 0x27,
    0x0e, 0x01, 0x23, 0x22, 0x26, 0x35, 0x34, 0x36, 0x37, 0x27, 0x17, 0x36, 0x33, 0x32, 0x17, 0x16,
    0x17, 0x16, 0x1f, 0x01, 0x1e, 0x01, 0x3e, 0x01, 0x2f, 0x01, 0x26, 0x27, 0x26, 0x27, 0x26, 0x23,
    0x22, 0xbe, 0x4b, 0x03, 0x08, 0x05, 0x02, 0xf4, 0x03, 0x08, 0x05, 0x02, 0x3d, 0x0c, 0x14, 0x07,
    0x05, 0x03, 0x07, 0x07, 0x01, 0x04, 0x06, 0x12, 0x0c, 0x1d, 0x0a, 0x0c, 0x1c, 0x13, 0x0c, 0x15,
    0x07, 0x03, 0x0e, 0x09, 0x0c, 0x10, 0x09, 0x08, 0x15, 0x11, 0x07, 0x08, 0x1a, 0x15, 0x10, 0x0d,
    0x08, 0x06, 0x04, 0x01, 0x07, 0x07, 0x04, 0x01, 0x05, 0x07, 0x0a, 0x0f, 0x13, 0x19, 0x1f, 0x11,
    0x61, 0x4c, 0x02, 0x05, 0x08, 0x03, 0xf4, 0x02, 0x05, 0x08, 0x03, 0x3c, 0x09, 0x19, 0x0f, 0x0c,
    0x03, 0x03, 0x05, 0x02, 0x03, 0x04, 0x0a, 0x0d, 0x17, 0x07, 0x1d, 0x07, 0x15, 0x0c, 0x14, 0x1b,
    0x0c, 0x18, 0x08, 0x09, 0x10, 0x0c, 0x08, 0x0e, 0x04, 0x49, 0x10, 0x01, 0x0a, 0x09, 0x0f, 0x0b,
    0x0d, 0x0a, 0x04, 0x03, 0x02, 0x06, 0x04, 0x0d, 0x0f, 0x0d, 0x12, 0x0a, 0x0d, 0x00, 0x00, 0x00,
    0x00, 0x03, 0x00, 0x00, 0x00, 0x00, 0x01, 0x08, 0x00, 0xe2, 0x00, 0x25, 0x00, 0x2e, 0x00, 0x37,
    0x00, 0x00, 0x37, 0x31, 0x0e, 0x01, 0x26, 0x27, 0x26, 0x3f, 0x01, 0x36, 0x37, 0x36, 0x37, 0x36,
    0x32, 0x17, 0x16, 0x17, 0x16, 0x1f, 0x01, 0x16, 0x0e, 0x01, 0x26, 0x2f, 0x01, 0x26, 0x27, 0x26,
    0x27, 0x26, 0x22, 0x07, 0x06, 0x07, 0x06, 0x07, 0x37, 0x22, 0x06, 0x14, 0x16, 0x32, 0x36, 0x34,
    0x26, 0x07, 0x34, 0x36, 0x32, 0x16, 0x14, 0x06, 0x22, 0x26, 0x38, 0x01, 0x07, 0x09, 0x01, 0x01,
    0x01, 0x05, 0x07, 0x0a, 0x0f, 0x13, 0x19, 0x3e, 0x19, 0x13, 0x0f, 0x0a, 0x07, 0x05, 0x01, 0x04,
    0x07, 0x07, 0x01, 0x04, 0x06, 0x08, 0x0d, 0x10, 0x15, 0x34, 0x15, 0x10, 0x0d, 0x08, 0x06, 0x5a,
    0x13, 0x1c, 0x1c, 0x26, 0x1c, 0x1c, 0x2f, 0x10, 0x18, 0x10, 0x10, 0x18, 0x10, 0x8a, 0x04, 0x03,
    0x02, 0x05, 0x03, 0x02, 0x0d, 0x0f, 0x0d, 0x12, 0x0a, 0x0d, 0x0d, 0x0a, 0x12, 0x0d, 0x0f, 0x0d,
    0x04, 0x06, 0x02, 0x03, 0x04, 0x0a, 0x0d, 0x0b, 0x0f, 0x09, 0x0a, 0x0a, 0x09, 0x0f, 0x0b, 0x0d,
    0x15, 0x1c, 0x27, 0x1b, 0x1b, 0x27, 0x1c, 0x2f, 0x0c, 0x10, 0x10, 0x18, 0x10, 0x10, 0x00, 0x00,
    0x00, 0x06, 0x00, 0x00, 0x00, 0x00, 0x01, 0x1a, 0x01, 0x1a, 0x00, 0x14, 0x00, 0x2a, 0x00, 0x34,
    0x00, 0x3d, 0x00, 0x4b, 0x00, 0x57, 0x00, 0x00, 0x13, 0x22, 0x06, 0x1d, 0x01, 0x14, 0x16, 0x17,
    0x15, 0x14, 0x16, 0x3f, 0x01, 0x33, 0x32, 0x36, 0x3d, 0x01, 0x34, 0x26, 0x23, 0x07, 0x34, 0x36,
    0x3b, 0x01, 0x32, 0x16, 0x17, 0x15, 0x14, 0x06, 0x2b, 0x01, 0x22, 0x0f, 0x01, 0x35, 0x34, 0x26,
    0x22, 0x26, 0x35, 0x07, 0x34, 0x36, 0x32, 0x16, 0x14, 0x06, 0x22, 0x26, 0x35, 0x37, 0x22, 0x06,
    0x14, 0x16, 0x32, 0x36, 0x2e, 0x01, 0x07, 0x33, 0x32, 0x16, 0x15, 0x14, 0x07, 0x06, 0x22, 0x27,
    0x26, 0x35, 0x34, 0x36, 0x17, 0x23, 0x22, 0x06, 0x15, 0x14, 0x16, 0x32, 0x36, 0x35, 0x34, 0x26,
    0xb2, 0x0c, 0x10, 0x0a, 0x09, 0x0b, 0x04, 0x1f, 0x26, 0x0c, 0x10, 0x10, 0x0c, 0x54, 0x05, 0x04,
    0x4b, 0x04, 0x05, 0x01, 0x06, 0x04, 0x29, 0x04, 0x02, 0x13, 0x05, 0x08, 0x05, 0x71, 0x16, 0x1f,
    0x16, 0x16, 0x1f, 0x16, 0x26, 0x08, 0x0b, 0x0b, 0x10, 0x0b, 0x01, 0x0a, 0x37, 0x5e, 0x0b, 0x11,
    0x17, 0x15, 0x3f, 0x15, 0x16, 0x10, 0x6a, 0x5e, 0x04, 0x05, 0x1f, 0x32, 0x1f, 0x05, 0x01, 0x19,
    0x10, 0x0c, 0x25, 0x09, 0x0f, 0x03, 0x14, 0x06, 0x05, 0x04, 0x1a, 0x10, 0x0c, 0x25, 0x0c, 0x10,
    0x1c, 0x04, 0x06, 0x06, 0x04, 0x25, 0x04, 0x06, 0x02, 0x0f, 0x08, 0x04, 0x05, 0x06, 0x04, 0x1c,
    0x0f, 0x16, 0x16, 0x1f, 0x16, 0x16, 0x0f, 0x13, 0x0b, 0x0f, 0x0b, 0x0b, 0x0f, 0x0b, 0x4b, 0x10,
    0x0c, 0x1f, 0x12, 0x10, 0x10, 0x12, 0x1f, 0x0c, 0x10, 0x12, 0x06, 0x04, 0x16, 0x19, 0x19, 0x16,
    0x04, 0x06, 0x00, 0x00, 0x00, 0x06, 0x00, 0x00, 0x00, 0x00, 0x00, 0xf4, 0x01, 0x1a, 0x00, 0x11,
    0x00, 0x23, 0x00, 0x29, 0x00, 0x3f, 0x00, 0x4c, 0x00, 0x59, 0x00, 0x00, 0x13, 0x22, 0x06, 0x1d,
    0x01, 0x14, 0x16, 0x3b, 0x01, 0x32, 0x36, 0x3d, 0x01, 0x34, 0x2f, 0x01, 0x26, 0x23, 0x07, 0x34,
    0x36, 0x3b, 0x01, 0x15, 0x14, 0x16, 0x3b, 0x01, 0x15, 0x14, 0x06, 0x2b, 0x01, 0x22, 0x26, 0x35,
    0x37, 0x23, 0x22, 0x26, 0x3d, 0x01, 0x17, 0x16, 0x1d, 0x01, 0x14, 0x06, 0x22, 0x26, 0x3d, 0x01,
    0x06, 0x07, 0x06, 0x2e, 0x01, 0x36, 0x37, 0x36, 0x37, 0x3e, 0x01, 0x16, 0x27, 0x22, 0x06, 0x1d,
    0x01, 0x14, 0x16, 0x32, 0x36, 0x3d, 0x01, 0x34, 0x26, 0x07, 0x34, 0x36, 0x32, 0x16, 0x1d, 0x01,
    0x14, 0x06, 0x22, 0x26, 0x3d, 0x01, 0x5e, 0x10, 0x16, 0x16, 0x10, 0x70, 0x10, 0x16, 0x08, 0x37,
    0x08, 0x0c, 0x56, 0x0b, 0x08, 0x38, 0x10, 0x0c, 0x2f, 0x0b, 0x08, 0x70, 0x08, 0x0b, 0x92, 0x2b,
    0x04, 0x05, 0x22, 0x03, 0x05, 0x08, 0x05, 0x07, 0x08, 0x04, 0x07, 0x03, 0x02, 0x04, 0x0b, 0x07,
    0x03, 0x08, 0x06, 0x4e, 0x0c, 0x10, 0x10, 0x18, 0x10, 0x10, 0x15, 0x05, 0x08, 0x05, 0x05, 0x08,
    0x06, 0x01, 0x19, 0x16, 0x0f, 0xbc, 0x0f, 0x16, 0x16, 0x0f, 0x8e, 0x0c, 0x08, 0x37, 0x08, 0x25,
    0x08, 0x0b, 0x2f, 0x0c, 0x10, 0x84, 0x08, 0x0a, 0x0a, 0x08, 0x96, 0x06, 0x04, 0x2b, 0x71, 0x03,
    0x05, 0x48, 0x04, 0x06, 0x06, 0x04, 0x39, 0x06, 0x04, 0x01, 0x02, 0x08, 0x07, 0x01, 0x05, 0x0a,
    0x04, 0x01, 0x02, 0x02, 0x10, 0x0c, 0x26, 0x0b, 0x11, 0x11, 0x0b, 0x26, 0x0c, 0x10, 0x1c, 0x04,
    0x05, 0x05, 0x04, 0x26, 0x04, 0x05, 0x05, 0x04, 0x26, 0x00, 0x00, 0x00, 0x00, 0x04, 0x00, 0x00,
    0x00, 0x00, 0x01, 0x07, 0x01, 0x1a, 0x00, 0x22, 0x00, 0x28, 0x00, 0x3d, 0x00, 0x52, 0x00, 0x00,
    0x37, 0x27, 0x26, 0x2b, 0x01, 0x22, 0x06, 0x1d, 0x01, 0x16, 0x17, 0x16, 0x17, 0x35, 0x34, 0x36,
    0x17, 0x33, 0x15, 0x14, 0x16, 0x17, 0x33, 0x15, 0x14, 0x06, 0x07, 0x23, 0x07, 0x33, 0x32, 0x36,
    0x37, 0x35, 0x26, 0x07, 0x22, 0x26, 0x3d, 0x01, 0x17, 0x07, 0x22, 0x2f, 0x01, 0x2e, 0x01, 0x34,
    0x36, 0x3f, 0x01, 0x36, 0x32, 0x16, 0x14, 0x0f, 0x01, 0x17, 0x1e, 0x01, 0x0e, 0x01, 0x33, 0x22,
    0x2e, 0x01, 0x36, 0x3f, 0x01, 0x27, 0x26, 0x34, 0x36, 0x32, 0x1f, 0x01, 0x1e, 0x01, 0x14, 0x06,
    0x0f, 0x01, 0x06, 0xfe, 0x36, 0x09, 0x0b, 0x44, 0x0f, 0x16, 0x08, 0x06, 0x03, 0x02, 0x0b, 0x07,
    0x39, 0x10, 0x0c, 0x2f, 0x0b, 0x08, 0x1c, 0x13, 0x2f, 0x10, 0x15, 0x01, 0x01, 0x41, 0x04, 0x06,
    0x35, 0xaf, 0x04, 0x02, 0x26, 0x01, 0x01, 0x01, 0x01, 0x26, 0x03, 0x08, 0x05, 0x03, 0x1f, 0x1f,
    0x02, 0x01, 0x02, 0x05, 0x49, 0x03, 0x05, 0x02, 0x01, 0x02, 0x1f, 0x1f, 0x03, 0x06, 0x08, 0x02,
    0x26, 0x01, 0x02, 0x02, 0x01, 0x25, 0x03, 0xda, 0x37, 0x08, 0x16, 0x0f, 0x6e, 0x02, 0x06, 0x02,
    0x04, 0x7c, 0x08, 0x0b, 0x01, 0x2e, 0x0c, 0x10, 0x01, 0x83, 0x08, 0x0a, 0x01, 0x12, 0x16, 0x0f,
    0x8f, 0x0b, 0x04, 0x06, 0x04, 0x2b, 0x35, 0xbb, 0x03, 0x25, 0x01, 0x04, 0x03, 0x04, 0x01, 0x26,
    0x03, 0x06, 0x08, 0x03, 0x1e, 0x1f, 0x02, 0x05, 0x06, 0x03, 0x03, 0x06, 0x05, 0x02, 0x1f, 0x1e,
    0x03, 0x08, 0x06, 0x03, 0x26, 0x01, 0x04, 0x03, 0x04, 0x01, 0x25, 0x03, 0x00, 0x05, 0x00, 0x00,
    0x00, 0x00, 0x01, 0x07, 0x01, 0x1a, 0x00, 0x20, 0x00, 0x26, 0x00, 0x38, 0x00, 0x41, 0x00, 0x4b,
    0x00, 0x00, 0x13, 0x22, 0x06, 0x1d, 0x01, 0x33, 0x35, 0x34, 0x36, 0x3b, 0x01, 0x15, 0x14, 0x16,
    0x3b, 0x01, 0x15, 0x14, 0x06, 0x2b, 0x01, 0x06, 0x07, 0x33, 0x32, 0x36, 0x3d, 0x01, 0x34, 0x2f,
    0x01, 0x26, 0x23, 0x17, 0x23, 0x22, 0x26, 0x3d, 0x01, 0x07, 0x34, 0x36, 0x3b, 0x01, 0x32, 0x16,
    0x1d, 0x01, 0x16, 0x07, 0x27, 0x26, 0x22, 0x0f, 0x01, 0x26, 0x35, 0x37, 0x34, 0x26, 0x22, 0x06,
    0x14, 0x16, 0x32, 0x36, 0x07, 0x16, 0x3b, 0x01, 0x32, 0x37, 0x27, 0x26, 0x22, 0x07, 0x71, 0x10,
    0x16, 0x13, 0x0b, 0x08, 0x38, 0x10, 0x0c, 0x2f, 0x0b, 0x08, 0x13, 0x02, 0x04, 0x19, 0x10, 0x16,
    0x09, 0x36, 0x09, 0x0b, 0x3c, 0x2b, 0x04, 0x05, 0xa9, 0x1b, 0x14, 0x4b, 0x13, 0x1b, 0x01, 0x08,
    0x39, 0x08, 0x18, 0x08, 0x38, 0x08, 0x83, 0x08, 0x0c, 0x08, 0x08, 0x0c, 0x08, 0x6e, 0x0b, 0x0f,
    0x4b, 0x0e, 0x0b, 0x38, 0x03, 0x08, 0x03, 0x01, 0x19, 0x16, 0x0f, 0x38, 0x38, 0x08, 0x0b, 0x2f,
    0x0c, 0x11, 0x83, 0x08, 0x0a, 0x0a, 0x09, 0x16, 0x0f, 0x8e, 0x0c, 0x08, 0x37, 0x08, 0x4b, 0x06,
    0x04, 0x2b, 0x89, 0x13, 0x1c, 0x1c, 0x13, 0x4b, 0x0e, 0x0c, 0x39, 0x08, 0x08, 0x39, 0x0c, 0x0e,
    0x46, 0x06, 0x08, 0x08, 0x0c, 0x08, 0x08, 0x67, 0x08, 0x08, 0x38, 0x03, 0x03, 0x00, 0x00, 0x00,
    0x00, 0x09, 0x00, 0x00, 0x00, 0x00, 0x01, 0x1a, 0x01, 0x1a, 0x00, 0x1b, 0x00, 0x21, 0x00, 0x2d,
    0x00, 0x3d, 0x00, 0x4e, 0x00, 0x56, 0x00, 0x64, 0x00, 0x6a, 0x00, 0x83, 0x00, 0x00, 0x37, 0x23,
    0x35, 0x34, 0x2f, 0x01, 0x26, 0x2b, 0x01, 0x22, 0x06, 0x1d, 0x01, 0x23, 0x22, 0x06, 0x1d, 0x01,
    0x14, 0x16, 0x3b, 0x01, 0x32, 0x36, 0x3d, 0x01, 0x34, 0x26, 0x27, 0x17, 0x23, 0x22, 0x26, 0x35,
    0x27, 0x34, 0x36, 0x3b, 0x01, 0x15, 0x14, 0x16, 0x3b, 0x01, 0x15, 0x23, 0x17, 0x14, 0x06, 0x2b,
    0x01, 0x22, 0x26, 0x3d, 0x01, 0x34, 0x36, 0x3b, 0x01, 0x32, 0x16, 0x15, 0x07, 0x23, 0x22, 0x06,
    0x1d, 0x01, 0x14, 0x16, 0x32, 0x36, 0x3d, 0x01, 0x33, 0x32, 0x36, 0x34, 0x26, 0x07, 0x23, 0x35,
    0x33, 0x1e, 0x01, 0x14, 0x06, 0x37, 0x23, 0x22, 0x06, 0x1d, 0x01, 0x14, 0x16, 0x3b, 0x01, 0x32,
    0x36, 0x34, 0x26, 0x07, 0x35, 0x1e, 0x01, 0x14, 0x06, 0x37, 0x23, 0x22, 0x06, 0x1d, 0x01, 0x14,
    0x16, 0x32, 0x36, 0x3d, 0x01, 0x33, 0x32, 0x36, 0x34, 0x26, 0x2b, 0x01, 0x35, 0x33, 0x32, 0x36,
    0x34, 0x26, 0xfd, 0x09, 0x08, 0x37, 0x08, 0x0c, 0x43, 0x10, 0x16, 0x09, 0x0c, 0x10, 0x10, 0x0c,
    0xce, 0x0c, 0x10, 0x10, 0x60, 0x34, 0x2b, 0x04, 0x05, 0x5e, 0x0b, 0x08, 0x38, 0x10, 0x0c, 0x2f,
    0x96, 0xbc, 0x06, 0x04, 0xce, 0x04, 0x05, 0x05, 0x04, 0xce, 0x04, 0x06, 0xb3, 0x12, 0x04, 0x06,
    0x06, 0x08, 0x05, 0x09, 0x0c, 0x11, 0x11, 0x0c, 0x09, 0x09, 0x04, 0x06, 0x06, 0x3e, 0x09, 0x04,
    0x06, 0x06, 0x04, 0x09, 0x10, 0x16, 0x16, 0x10, 0x08, 0x0b, 0x0b, 0x56, 0x1c, 0x04, 0x06, 0x06,
    0x08, 0x05, 0x09, 0x04, 0x06, 0x06, 0x04, 0x09, 0x13, 0x04, 0x05, 0x05, 0xa9, 0x1d, 0x0c, 0x08,
    0x37, 0x08, 0x16, 0x0f, 0x4b, 0x11, 0x0b, 0x5e, 0x0c, 0x10, 0x10, 0x0c, 0x5e, 0x0b, 0x11, 0x5a,
    0x35, 0x06, 0x04, 0x1c, 0x08, 0x0b, 0x2f, 0x0c, 0x10, 0x13, 0x7a, 0x04, 0x05, 0x05, 0x04, 0x5e,
    0x03, 0x06, 0x06, 0x03, 0x0a, 0x05, 0x04, 0x38, 0x04, 0x06, 0x06, 0x04, 0x09, 0x10, 0x18, 0x10,
    0x25, 0x13, 0x01, 0x05, 0x08, 0x05, 0x25, 0x05, 0x04, 0x38, 0x04, 0x06, 0x16, 0x1f, 0x16, 0x38,
    0x26, 0x01, 0x0a, 0x10, 0x0b, 0x38, 0x05, 0x04, 0x38, 0x04, 0x06, 0x06, 0x04, 0x09, 0x05, 0x08,
    0x06, 0x13, 0x05, 0x08, 0x05, 0x00, 0x00, 0x00, 0x00, 0x04, 0x00, 0x00, 0x00, 0x00, 0x01, 0x1a,
    0x01, 0x07, 0x00, 0x0b, 0x00, 0x21, 0x00, 0x32, 0x00, 0x44, 0x00, 0x00, 0x37, 0x22, 0x06, 0x1d,
    0x01, 0x33, 0x32, 0x3f, 0x01, 0x27, 0x26, 0x23, 0x07, 0x30, 0x35, 0x3e, 0x01, 0x3b, 0x01, 0x32,
    0x1f, 0x01, 0x33, 0x32, 0x16, 0x1d, 0x01, 0x14, 0x06, 0x2b, 0x01, 0x22, 0x26, 0x35, 0x37, 0x07,
    0x06, 0x07, 0x23, 0x15, 0x14, 0x16, 0x3b, 0x01, 0x32, 0x36, 0x3d, 0x01, 0x34, 0x26, 0x23, 0x17,
    0x1e, 0x01, 0x1d, 0x01, 0x14, 0x0e, 0x01, 0x2b, 0x01, 0x22, 0x26, 0x27, 0x33, 0x32, 0x3e, 0x01,
    0x35, 0x42, 0x0c, 0x10, 0x39, 0x04, 0x03, 0x10, 0x10, 0x03, 0x04, 0x4c, 0x01, 0x1b, 0x13, 0x1d,
    0x0c, 0x08, 0x14, 0x3e, 0x13, 0x1c, 0x1c, 0x13, 0x83, 0x14, 0x1b, 0x74, 0x14, 0x08, 0x0c, 0x39,
    0x10, 0x0c, 0x83, 0x0c, 0x10, 0x10, 0x0c, 0x42, 0x08, 0x0a, 0x16, 0x27, 0x17, 0x5e, 0x0b, 0x14,
    0x06, 0x83, 0x12, 0x1e, 0x12, 0xf4, 0x11, 0x0b, 0x0a, 0x03, 0x10, 0x10, 0x03, 0x1b, 0x01, 0x12,
    0x1b, 0x09, 0x14, 0x1b, 0x14, 0x41, 0x14, 0x1b, 0x1b, 0x14, 0x5e, 0x14, 0x08, 0x01, 0x41, 0x0c,
    0x10, 0x10, 0x0c, 0x42, 0x0b, 0x11, 0x1c, 0x07, 0x14, 0x0b, 0x1c, 0x17, 0x27, 0x17, 0x0b, 0x08,
    0x12, 0x1e, 0x12, 0x00, 0x00, 0x04, 0x00, 0x00, 0x00, 0x00, 0x01, 0x1a, 0x01, 0x07, 0x00, 0x1e,
    0x00, 0x2a, 0x00, 0x3a, 0x00, 0x53, 0x00, 0x00, 0x37, 0x34, 0x36, 0x3b, 0x01, 0x36, 0x1f, 0x01,
    0x33, 0x32, 0x16, 0x1d, 0x01, 0x14, 0x06, 0x2b, 0x01, 0x35, 0x33, 0x32, 0x36, 0x3d, 0x01, 0x34,
    0x26, 0x2b, 0x01, 0x07, 0x06, 0x2b, 0x01, 0x37, 0x15, 0x33, 0x32, 0x3f, 0x01, 0x27, 0x26, 0x2b,
    0x01, 0x22, 0x06, 0x15, 0x22, 0x06, 0x1d, 0x01, 0x14, 0x16, 0x3b, 0x01, 0x32, 0x36, 0x3d, 0x01,
    0x34, 0x26, 0x23, 0x07, 0x34, 0x36, 0x3b, 0x01, 0x1e, 0x01, 0x17, 0x15, 0x0e, 0x01, 0x22, 0x26,
    0x3d, 0x01, 0x07, 0x06, 0x22, 0x26, 0x34, 0x3f, 0x01, 0x23, 0x22, 0x26, 0x13, 0x1b, 0x14, 0x27,
    0x0b, 0x09, 0x1d, 0x50, 0x14, 0x1b, 0x1b, 0x14, 0x41, 0x41, 0x0c, 0x11, 0x11, 0x0c, 0x50, 0x1d,
    0x09, 0x0b, 0x56, 0x13, 0x43, 0x04, 0x02, 0x1a, 0x1a, 0x02, 0x04, 0x27, 0x0c, 0x10, 0x10, 0x16,
    0x16, 0x10, 0x4b, 0x0f, 0x16, 0x16, 0x10, 0x4a, 0x05, 0x04, 0x38, 0x04, 0x05, 0x01, 0x01, 0x05,
    0x08, 0x05, 0x28, 0x03, 0x08, 0x06, 0x03, 0x28, 0x21, 0x04, 0x05, 0xd8, 0x13, 0x1b, 0x01, 0x09,
    0x1d, 0x1b, 0x14, 0x5e, 0x13, 0x1b, 0x12, 0x11, 0x0b, 0x5e, 0x0c, 0x10, 0x1d, 0x08, 0x2f, 0x1c,
    0x02, 0x1a, 0x19, 0x03, 0x11, 0x4d, 0x16, 0x0f, 0x4b, 0x10, 0x16, 0x16, 0x10, 0x4b, 0x0f, 0x16,
    0x2f, 0x04, 0x06, 0x01, 0x05, 0x04, 0x38, 0x04, 0x05, 0x05, 0x04, 0x21, 0x28, 0x02, 0x05, 0x08,
    0x03, 0x28, 0x05, 0x00, 0x00, 0x04, 0x00, 0x00, 0x00, 0x00, 0x00, 0xf4, 0x01, 0x1a, 0x00, 0x1f,
    0x00, 0x25, 0x00, 0x35, 0x00, 0x4e, 0x00, 0x00, 0x13, 0x22, 0x06, 0x1d, 0x01, 0x33, 0x35, 0x34,
    0x36, 0x3b, 0x01, 0x15, 0x14, 0x16, 0x17, 0x33, 0x15, 0x14, 0x06, 0x2b, 0x01, 0x15, 0x33, 0x32,
    0x36, 0x3d, 0x01, 0x34, 0x2f, 0x01, 0x26, 0x23, 0x17, 0x23, 0x22, 0x26, 0x3d, 0x01, 0x07, 0x22,
    0x06, 0x1d, 0x01, 0x14, 0x16, 0x3b, 0x01, 0x32, 0x36, 0x3d, 0x01, 0x34, 0x26, 0x23, 0x07, 0x34,
    0x36, 0x3b, 0x01, 0x1e, 0x01, 0x17, 0x15, 0x0e, 0x01, 0x22, 0x26, 0x3d, 0x01, 0x07, 0x06, 0x22,
    0x26, 0x34, 0x3f, 0x01, 0x23, 0x22, 0x26, 0x5e, 0x10, 0x16, 0x13, 0x0b, 0x08, 0x38, 0x10, 0x0c,
    0x2f, 0x0b, 0x08, 0x25, 0x25, 0x10, 0x16, 0x08, 0x37, 0x08, 0x0c, 0x3c, 0x2b, 0x04, 0x05, 0x83,
    0x10, 0x16, 0x16, 0x10, 0x4b, 0x0f, 0x16, 0x16, 0x10, 0x4a, 0x05, 0x04, 0x38, 0x04, 0x05, 0x01,
    0x01, 0x05, 0x08, 0x05, 0x28, 0x03, 0x08, 0x06, 0x03, 0x28, 0x21, 0x04, 0x05, 0x01, 0x19, 0x16,
    0x0f, 0x4b, 0x4b, 0x08, 0x0b, 0x2f, 0x0c, 0x10, 0x01, 0x83, 0x08, 0x0a, 0x13, 0x16, 0x0f, 0x8e,
    0x0c, 0x08, 0x37, 0x08, 0x4b, 0x06, 0x04, 0x2b, 0x6d, 0x16, 0x0f, 0x4b, 0x10, 0x16, 0x16, 0x10,
    0x4b, 0x0f, 0x16, 0x2f, 0x04, 0x06, 0x01, 0x05, 0x04, 0x38, 0x04, 0x05, 0x05, 0x04, 0x21, 0x28,
    0x02, 0x05, 0x08, 0x03, 0x28, 0x05, 0x00, 0x00, 0x00, 0x06, 0x00, 0x00, 0x00, 0x00, 0x00, 0xf4,
    0x01, 0x1a, 0x00, 0x11, 0x00, 0x23, 0x00, 0x29, 0x00, 0x35, 0x00, 0x42, 0x00, 0x4e, 0x00, 0x00,
    0x37, 0x34, 0x36, 0x3b, 0x01, 0x32, 0x1f, 0x01, 0x16, 0x1d, 0x01, 0x14, 0x06, 0x2b, 0x01, 0x22,
    0x26, 0x35, 0x37, 0x22, 0x06, 0x1d, 0x01, 0x14, 0x16, 0x3b, 0x01, 0x32, 0x36, 0x3d, 0x01, 0x23,
    0x22, 0x26, 0x3d, 0x01, 0x17, 0x33, 0x27, 0x15, 0x14, 0x16, 0x07, 0x22, 0x06, 0x14, 0x16, 0x3b,
    0x01, 0x32, 0x36, 0x34, 0x26, 0x23, 0x07, 0x34, 0x36, 0x37, 0x33, 0x1e, 0x01, 0x14, 0x06, 0x2b,
    0x01, 0x22, 0x26, 0x17, 0x22, 0x06, 0x14, 0x16, 0x3b, 0x01, 0x32, 0x36, 0x34, 0x26, 0x23, 0x38,
    0x16, 0x10, 0x43, 0x0c, 0x08, 0x37, 0x08, 0x16, 0x10, 0x70, 0x10, 0x16, 0x26, 0x08, 0x0b, 0x0b,
    0x08, 0x70, 0x08, 0x0b, 0x2f, 0x0c, 0x10, 0x1c, 0x2b, 0x34, 0x05, 0x47, 0x04, 0x05, 0x05, 0x04,
    0x5e, 0x04, 0x05, 0x05, 0x04, 0x67, 0x05, 0x04, 0x5e, 0x04, 0x05, 0x05, 0x04, 0x5e, 0x04, 0x05,
    0x09, 0x04, 0x05, 0x05, 0x04, 0x5e, 0x04, 0x05, 0x05, 0x04, 0xf4, 0x0f, 0x16, 0x08, 0x37, 0x08,
    0x0c, 0x8e, 0x0f, 0x16, 0x16, 0x0f, 0xcf, 0x0b, 0x08, 0xbc, 0x08, 0x0a, 0x0a, 0x08, 0x84, 0x10,
    0x0c, 0x2f, 0x39, 0x35, 0x2b, 0x04, 0x06, 0x38, 0x05, 0x08, 0x06, 0x06, 0x08, 0x05, 0x2f, 0x04,
    0x05, 0x01, 0x01, 0x05, 0x08, 0x05, 0x05, 0x18, 0x05, 0x08, 0x06, 0x06, 0x08, 0x05, 0x00, 0x00,
    0x00, 0x05, 0x00, 0x00, 0x00, 0x00, 0x01, 0x1a, 0x01, 0x07, 0x00, 0x0b, 0x00, 0x1f, 0x00, 0x3f,
    0x00, 0x56, 0x00, 0x5a, 0x00, 0x00, 0x37, 0x35, 0x34, 0x36, 0x3b, 0x01, 0x32, 0x1f, 0x01, 0x07,
    0x06, 0x23, 0x27, 0x22, 0x06, 0x1d, 0x01, 0x14, 0x16, 0x3b, 0x01, 0x32, 0x36, 0x3d, 0x01, 0x34,
    0x26, 0x2b, 0x01, 0x27, 0x26, 0x23, 0x17, 0x15, 0x14, 0x16, 0x3b, 0x01, 0x15, 0x23, 0x22, 0x06,
    0x14, 0x16, 0x3b, 0x01, 0x15, 0x23, 0x22, 0x06, 0x14, 0x16, 0x3b, 0x01, 0x15, 0x23, 0x22, 0x26,
    0x3d, 0x01, 0x33, 0x32, 0x3f, 0x01, 0x17, 0x35, 0x33, 0x32, 0x36, 0x34, 0x26, 0x27, 0x23, 0x35,
    0x33, 0x32, 0x36, 0x3d, 0x01, 0x33, 0x32, 0x16, 0x1d, 0x01, 0x14, 0x06, 0x23, 0x27, 0x15, 0x23,
    0x35, 0x26, 0x10, 0x0c, 0x27, 0x04, 0x02, 0x1a, 0x1a, 0x02, 0x04, 0x27, 0x14, 0x1b, 0x1b, 0x14,
    0xa8, 0x14, 0x1b, 0x1b, 0x14, 0x50, 0x1d, 0x09, 0x0b, 0x40, 0x05, 0x04, 0x0a, 0x0a, 0x04, 0x05,
    0x05, 0x04, 0x0a, 0x0a, 0x04, 0x05, 0x05, 0x04, 0x0a, 0x7a, 0x0c, 0x10, 0x43, 0x0b, 0x09, 0x1d,
    0x34, 0x0a, 0x04, 0x05, 0x05, 0x04, 0x0a, 0x0a, 0x04, 0x05, 0x09, 0x0c, 0x11, 0x11, 0x0c, 0x1c,
    0x12, 0xbc, 0x1c, 0x0b, 0x11, 0x03, 0x19, 0x1a, 0x02, 0x4b, 0x1c, 0x13, 0x84, 0x13, 0x1b, 0x1b,
    0x13, 0x5e, 0x14, 0x1b, 0x1d, 0x09, 0x39, 0x2f, 0x04, 0x05, 0x13, 0x05, 0x08, 0x06, 0x12, 0x06,
    0x08, 0x05, 0x13, 0x11, 0x0b, 0x55, 0x08, 0x1d, 0x96, 0x26, 0x05, 0x08, 0x05, 0x01, 0x25, 0x05,
    0x04, 0x2f, 0x10, 0x0c, 0x5e, 0x0b, 0x11, 0x96, 0x25, 0x25, 0x00, 0x00, 0x00, 0x03, 0x00, 0x00,
    0x00, 0x00, 0x00, 0xf4, 0x01, 0x1a, 0x00, 0x11, 0x00, 0x23, 0x00, 0x29, 0x00, 0x00, 0x13, 0x22,
    0x06, 0x1d, 0x01, 0x14, 0x16, 0x3b, 0x01, 0x32, 0x36, 0x3d, 0x01, 0x34, 0x2f, 0x01, 0x26, 0x23,
    0x07, 0x34, 0x36, 0x3b, 0x01, 0x15, 0x14, 0x16, 0x17, 0x33, 0x15, 0x14, 0x06, 0x2b, 0x01, 0x22,
    0x26, 0x35, 0x37, 0x23, 0x22, 0x26, 0x3d, 0x01, 0x5e, 0x10, 0x16, 0x16, 0x10, 0x70, 0x10, 0x16,
    0x08, 0x37, 0x08, 0x0c, 0x56, 0x0b, 0x08, 0x38, 0x10, 0x0c, 0x2f, 0x0b, 0x08, 0x70, 0x08, 0x0b,
    0x92, 0x2b, 0x04, 0x05, 0x01, 0x19, 0x16, 0x0f, 0xbc, 0x0f, 0x16, 0x16, 0x0f, 0x8e, 0x0c, 0x08,
    0x37, 0x08, 0x25, 0x08, 0x0b, 0x2f, 0x0c, 0x10, 0x01, 0x83, 0x08, 0x0a, 0x0a, 0x08, 0x96, 0x06,
    0x04, 0x2b, 0x00, 0x00, 0x00, 0x04, 0x00, 0x00, 0x00, 0x00, 0x01, 0x07, 0x01, 0x2c, 0x00, 0x10,
    0x00, 0x23, 0x00, 0x29, 0x00, 0x3b, 0x00, 0x00, 0x37, 0x33, 0x0e, 0x01, 0x2b, 0x01, 0x22, 0x2e,
    0x01, 0x3d, 0x01, 0x34, 0x36, 0x37, 0x15, 0x14, 0x16, 0x37, 0x15, 0x14, 0x06, 0x2b, 0x01, 0x2e,
    0x01, 0x3d, 0x01, 0x34, 0x36, 0x3b, 0x01, 0x32, 0x1f, 0x01, 0x16, 0x07, 0x27, 0x14, 0x16, 0x3b,
    0x01, 0x27, 0x17, 0x35, 0x23, 0x22, 0x26, 0x3d, 0x01, 0x23, 0x22, 0x06, 0x1d, 0x01, 0x14, 0x16,
    0x3b, 0x01, 0x32, 0x36, 0x5e, 0x7e, 0x05, 0x11, 0x0a, 0x5e, 0x15, 0x22, 0x14, 0x0a, 0x09, 0x21,
    0xc0, 0x16, 0x10, 0x83, 0x10, 0x16, 0x16, 0x10, 0x43, 0x0c, 0x08, 0x49, 0x09, 0x01, 0x5d, 0x05,
    0x04, 0x3e, 0x47, 0x4b, 0x42, 0x0c, 0x10, 0x38, 0x08, 0x0b, 0x0b, 0x08, 0x83, 0x08, 0x0b, 0x13,
    0x09, 0x0a, 0x14, 0x23, 0x14, 0x96, 0x0a, 0x11, 0x05, 0xb6, 0x17, 0x21, 0xb3, 0x7b, 0x10, 0x16,
    0x01, 0x15, 0x10, 0xbc, 0x0f, 0x16, 0x08, 0x4a, 0x08, 0x0c, 0x12, 0x04, 0x06, 0x47, 0xca, 0x71,
    0x10, 0x0c, 0x41, 0x0b, 0x08, 0xbb, 0x08, 0x0b, 0x0b, 0x00, 0x00, 0x00, 0x00, 0x01, 0x00, 0x00,
    0x00, 0x00, 0x01, 0x1a, 0x01, 0x1a, 0x00, 0x18, 0x00, 0x00, 0x37, 0x23, 0x22, 0x26, 0x3d, 0x01,
    0x34, 0x2f, 0x01, 0x26, 0x34, 0x36, 0x3b, 0x01, 0x32, 0x16, 0x14, 0x0f, 0x01, 0x06, 0x07, 0x15,
    0x16, 0x06, 0x23, 0xb2, 0x38, 0x04, 0x06, 0x08, 0x4b, 0x0a, 0x15, 0x0f, 0xbe, 0x0f, 0x15, 0x0a,
    0x4b, 0x08, 0x01, 0x01, 0x06, 0x04, 0x26, 0x05, 0x04, 0x4e, 0x0c, 0x08, 0x4b, 0x0b, 0x1d, 0x15,
    0x15, 0x1e, 0x0a, 0x4b, 0x08, 0x0c, 0x4e, 0x04, 0x05, 0x00, 0x00, 0x00, 0x00, 0x02, 0x00, 0x00,
    0x00, 0x00, 0x01, 0x1a, 0x01, 0x1a, 0x00, 0x18, 0x00, 0x2b, 0x00, 0x00, 0x37, 0x23, 0x22, 0x26,
    0x3d, 0x01, 0x34, 0x2f, 0x01, 0x26, 0x34, 0x36, 0x3b, 0x01, 0x32, 0x16, 0x14, 0x0f, 0x01, 0x06,
    0x07, 0x15, 0x16, 0x06, 0x23, 0x27, 0x33, 0x35, 0x34, 0x3f, 0x01, 0x36, 0x34, 0x26, 0x2b, 0x01,
    0x22, 0x06, 0x14, 0x1f, 0x01, 0x16, 0x1d, 0x01, 0xb2, 0x38, 0x04, 0x06, 0x08, 0x4b, 0x0a, 0x15,
    0x0f, 0xbe, 0x0f, 0x15, 0x0a, 0x4b, 0x08, 0x01, 0x01, 0x06, 0x04, 0x2f, 0x26, 0x0d, 0x4b, 0x06,
    0x0b, 0x07, 0xbe, 0x07, 0x0a, 0x05, 0x4b, 0x0d, 0x26, 0x05, 0x04, 0x4e, 0x0c, 0x08, 0x4b, 0x0b,
    0x1d, 0x15, 0x15, 0x1e, 0x0a, 0x4b, 0x08, 0x0c, 0x4e, 0x04, 0x05, 0x12, 0x45, 0x14, 0x0d, 0x4b,
    0x05, 0x0e, 0x0a, 0x0a, 0x0e, 0x05, 0x4b, 0x0d, 0x14, 0x45, 0x00, 0x00, 0x00, 0x02, 0x00, 0x00,
    0x00, 0x00, 0x00, 0xff, 0x01, 0x07, 0x00, 0x07, 0x00, 0x1b, 0x00, 0x00, 0x37, 0x35, 0x33, 0x07,
    0x06, 0x14, 0x1f, 0x01, 0x07, 0x33, 0x16, 0x36, 0x2f, 0x01, 0x37, 0x36, 0x26, 0x2b, 0x01, 0x22,
    0x06, 0x1d, 0x01, 0x14, 0x16, 0x32, 0x36, 0x35, 0x4b, 0x97, 0x25, 0x02, 0x02, 0x25, 0x97, 0xa9,
    0x05, 0x06, 0x04, 0x2b, 0x2b, 0x04, 0x06, 0x05, 0xb2, 0x04, 0x06, 0x06, 0x08, 0x05, 0x83, 0x71,
    0x33, 0x02, 0x07, 0x02, 0x33, 0x12, 0x01, 0x0b, 0x04, 0x3d, 0x3c, 0x04, 0x0b, 0x06, 0x04, 0xce,
    0x04, 0x05, 0x05, 0x04, 0x00, 0x02, 0x00, 0x00, 0x00, 0x00, 0x00, 0xfe, 0x01, 0x1a, 0x00, 0x1d,
    0x00, 0x45, 0x00, 0x00, 0x37, 0x36, 0x37, 0x16, 0x17, 0x16, 0x1f, 0x01, 0x16, 0x17, 0x16, 0x15,
    0x14, 0x06, 0x22, 0x27, 0x26, 0x27, 0x26, 0x3f, 0x01, 0x17, 0x1e, 0x01, 0x3e, 0x01, 0x27, 0x26,
    0x37, 0x36, 0x07, 0x31, 0x07, 0x06, 0x07, 0x06, 0x17, 0x16, 0x17, 0x16, 0x32, 0x37, 0x3e, 0x01,
    0x34, 0x27, 0x26, 0x2f, 0x01, 0x26, 0x27, 0x26, 0x37, 0x36, 0x26, 0x22, 0x06, 0x07, 0x06, 0x07,
    0x06, 0x17, 0x16, 0x0e, 0x01, 0x26, 0x2f, 0x01, 0x2e, 0x01, 0x99, 0x07, 0x08, 0x01, 0x07, 0x06,
    0x12, 0x01, 0x10, 0x07, 0x0a, 0x26, 0x49, 0x15, 0x12, 0x07, 0x05, 0x09, 0x03, 0x02, 0x05, 0x17,
    0x16, 0x08, 0x06, 0x0d, 0x06, 0x05, 0x3b, 0x04, 0x06, 0x03, 0x0c, 0x07, 0x08, 0x17, 0x1a, 0x58,
    0x1a, 0x0b, 0x0c, 0x0c, 0x07, 0x11, 0x02, 0x10, 0x06, 0x08, 0x02, 0x01, 0x05, 0x0b, 0x13, 0x08,
    0x19, 0x07, 0x09, 0x11, 0x03, 0x03, 0x08, 0x08, 0x02, 0x0a, 0x02, 0x0b, 0xff, 0x04, 0x02, 0x0e,
    0x10, 0x0e, 0x1a, 0x02, 0x1a, 0x0d, 0x15, 0x10, 0x22, 0x29, 0x13, 0x11, 0x1f, 0x18, 0x18, 0x06,
    0x05, 0x0b, 0x07, 0x0b, 0x19, 0x0b, 0x1e, 0x12, 0x0f, 0x3e, 0x07, 0x08, 0x09, 0x1e, 0x1d, 0x25,
    0x15, 0x18, 0x1b, 0x0d, 0x22, 0x28, 0x1a, 0x0e, 0x1a, 0x02, 0x19, 0x0d, 0x12, 0x0d, 0x04, 0x07,
    0x04, 0x05, 0x0c, 0x17, 0x19, 0x25, 0x05, 0x0a, 0x04, 0x03, 0x03, 0x14, 0x05, 0x01, 0x00, 0x00,
    0x00, 0x02, 0x00, 0x00, 0x00, 0x00, 0x00, 0xf4, 0x00, 0xf4, 0x00, 0x10, 0x00, 0x21, 0x00, 0x00,
    0x37, 0x36, 0x32, 0x16, 0x14, 0x0f, 0x01, 0x06, 0x22, 0x2f, 0x01, 0x26, 0x34, 0x36, 0x32, 0x1f,
    0x01, 0x37, 0x36, 0x32, 0x16, 0x14, 0x0f, 0x01, 0x06, 0x22, 0x2f, 0x01, 0x26, 0x34, 0x36, 0x32,
    0x1f, 0x01, 0xe4, 0x02, 0x08, 0x06, 0x03, 0x54, 0x03, 0x08, 0x03, 0x54, 0x03, 0x06, 0x08, 0x02,
    0x4e, 0x4e, 0x02, 0x08, 0x06, 0x03, 0x54, 0x03, 0x08, 0x03, 0x54, 0x03, 0x06, 0x08, 0x02, 0x4e,
    0xa6, 0x03, 0x06, 0x08, 0x02, 0x55, 0x02, 0x02, 0x55, 0x02, 0x08, 0x06, 0x03, 0x4e, 0x99, 0x03,
    0x06, 0x08, 0x02, 0x55, 0x02, 0x02, 0x55, 0x02, 0x08, 0x06, 0x03, 0x4e, 0x00, 0x02, 0x00, 0x00,
    0x00, 0x00, 0x00, 0xf4, 0x00, 0xf4, 0x00, 0x10, 0x00, 0x21, 0x00, 0x00, 0x37, 0x06, 0x22, 0x26,
    0x34, 0x3f, 0x01, 0x36, 0x32, 0x1f, 0x01, 0x16, 0x14, 0x06, 0x22, 0x2f, 0x01, 0x07, 0x06, 0x22,
    0x26, 0x34, 0x3f, 0x01, 0x36, 0x32, 0x1f, 0x01, 0x16, 0x14, 0x06, 0x22, 0x2f, 0x01, 0x48, 0x02,
    0x08, 0x06, 0x03, 0x54, 0x03, 0x08, 0x03, 0x54, 0x03, 0x06, 0x08, 0x02, 0x4e, 0x4e, 0x02, 0x08,
    0x06, 0x03, 0x54, 0x03, 0x08, 0x03, 0x54, 0x03, 0x06, 0x08, 0x02, 0x4e, 0x8f, 0x02, 0x05, 0x08,
    0x03, 0x54, 0x03, 0x03, 0x54, 0x03, 0x08, 0x05, 0x02, 0x4e, 0x99, 0x02, 0x05, 0x08, 0x03, 0x54,
    0x03, 0x03, 0x54, 0x03, 0x08, 0x05, 0x02, 0x4e, 0x00, 0x02, 0x00, 0x00, 0x00, 0x00, 0x00, 0xe2,
    0x00, 0xfe, 0x00, 0x10, 0x00, 0x21, 0x00, 0x00, 0x37, 0x07, 0x06, 0x22, 0x2f, 0x01, 0x26, 0x34,
    0x36, 0x32, 0x1f, 0x01, 0x37, 0x36, 0x32, 0x16, 0x14, 0x07, 0x27, 0x26, 0x22, 0x0f, 0x01, 0x06,
    0x14, 0x16, 0x32, 0x3f, 0x01, 0x17, 0x16, 0x32, 0x36, 0x34, 0xde, 0x41, 0x03, 0x08, 0x03, 0x41,
    0x03, 0x05, 0x08, 0x03, 0x3b, 0x3b, 0x03, 0x08, 0x05, 0x03, 0x41, 0x03, 0x08, 0x03, 0x41, 0x03,
    0x05, 0x08, 0x03, 0x3b, 0x3b, 0x03, 0x08, 0x05, 0xed, 0x42, 0x02, 0x02, 0x42, 0x03, 0x08, 0x05,
    0x03, 0x3b, 0x3b, 0x03, 0x05, 0x08, 0xb1, 0x42, 0x02, 0x02, 0x42, 0x03, 0x08, 0x05, 0x03, 0x3b,
    0x3b, 0x03, 0x05, 0x08, 0x00, 0x04, 0x00, 0x00, 0x00, 0x00, 0x01, 0x2c, 0x01, 0x07, 0x00, 0x0c,
    0x00, 0x1e, 0x00, 0x42, 0x00, 0x4e, 0x00, 0x00, 0x37, 0x32, 0x1e, 0x01, 0x14, 0x0e, 0x01, 0x22,
    0x2e, 0x01, 0x34, 0x3e, 0x01, 0x17, 0x26, 0x22, 0x0f, 0x01, 0x27, 0x26, 0x22, 0x06, 0x14, 0x1f,
    0x01, 0x16, 0x32, 0x3f, 0x01, 0x36, 0x34, 0x27, 0x16, 0x1f, 0x01, 0x33, 0x32, 0x16, 0x1d, 0x01,
    0x26, 0x27, 0x35, 0x34, 0x26, 0x2b, 0x01, 0x07, 0x06, 0x2b, 0x01, 0x15, 0x14, 0x16, 0x3b, 0x01,
    0x16, 0x17, 0x23, 0x22, 0x26, 0x3d, 0x01, 0x34, 0x36, 0x3b, 0x01, 0x07, 0x22, 0x06, 0x1d, 0x01,
    0x33, 0x32, 0x3f, 0x01, 0x27, 0x26, 0x23, 0xd8, 0x17, 0x26, 0x17, 0x17, 0x26, 0x2e, 0x27, 0x17,
    0x17, 0x27, 0x43, 0x03, 0x08, 0x03, 0x28, 0x15, 0x03, 0x08, 0x05, 0x02, 0x1d, 0x02, 0x08, 0x03,
    0x2f, 0x02, 0x9d, 0x0b, 0x09, 0x1d, 0x50, 0x14, 0x1b, 0x08, 0x0a, 0x11, 0x0c, 0x50, 0x1d, 0x09,
    0x0b, 0x43, 0x10, 0x0c, 0x32, 0x03, 0x05, 0x3a, 0x14, 0x1b, 0x1b, 0x14, 0x27, 0x27, 0x0c, 0x10,
    0x43, 0x04, 0x02, 0x1a, 0x1a, 0x02, 0x04, 0xa9, 0x17, 0x27, 0x2e, 0x26, 0x17, 0x17, 0x26, 0x2e,
    0x27, 0x17, 0x3b, 0x02, 0x02, 0x28, 0x15, 0x03, 0x06, 0x08, 0x02, 0x1c, 0x03, 0x03, 0x2e, 0x03,
    0x08, 0x9c, 0x01, 0x08, 0x1d, 0x1b, 0x14, 0x0e, 0x07, 0x05, 0x02, 0x0c, 0x10, 0x1d, 0x08, 0x55,
    0x0b, 0x11, 0x09, 0x09, 0x1b, 0x13, 0x84, 0x13, 0x1b, 0x12, 0x11, 0x0b, 0x1c, 0x02, 0x1a, 0x19,
    0x03, 0x00, 0x00, 0x00, 0x00, 0x06, 0xff, 0xff, 0xff, 0xff, 0x01, 0x1a, 0x01, 0x07, 0x00, 0x1e,
    0x00, 0x2a, 0x00, 0x55, 0x00, 0x59, 0x00, 0x5d, 0x00, 0x61, 0x00, 0x00, 0x37, 0x33, 0x32, 0x16,
    0x1d, 0x01, 0x14, 0x06, 0x2b, 0x01, 0x27, 0x33, 0x32, 0x36, 0x3d, 0x01, 0x36, 0x26, 0x2b, 0x01,
    0x07, 0x06, 0x2b, 0x01, 0x35, 0x34, 0x36, 0x17, 0x33, 0x36, 0x17, 0x07, 0x32, 0x3f, 0x01, 0x27,
    0x26, 0x2b, 0x01, 0x22, 0x06, 0x1d, 0x01, 0x17, 0x16, 0x1f, 0x01, 0x16, 0x14, 0x06, 0x0f, 0x01,
    0x06, 0x22, 0x26, 0x2f, 0x01, 0x15, 0x14, 0x06, 0x2b, 0x01, 0x22, 0x27, 0x06, 0x2b, 0x01, 0x22,
    0x26, 0x3d, 0x01, 0x34, 0x36, 0x3b, 0x01, 0x32, 0x17, 0x36, 0x3b, 0x01, 0x32, 0x16, 0x1d, 0x01,
    0x37, 0x36, 0x07, 0x33, 0x35, 0x23, 0x17, 0x33, 0x35, 0x23, 0x1f, 0x01, 0x37, 0x27, 0x9a, 0x50,
    0x14, 0x1b, 0x1b, 0x14, 0x2c, 0x08, 0x34, 0x0c, 0x10, 0x01, 0x11, 0x0c, 0x50, 0x1d, 0x09, 0x0b,
    0x56, 0x1b, 0x14, 0x27, 0x0b, 0x09, 0x14, 0x04, 0x02, 0x1a, 0x1a, 0x02, 0x04, 0x27, 0x0c, 0x11,
    0x5a, 0x07, 0x03, 0x22, 0x02, 0x06, 0x06, 0x11, 0x03, 0x0a, 0x09, 0x03, 0x19, 0x0b, 0x08, 0x13,
    0x05, 0x04, 0x04, 0x05, 0x13, 0x08, 0x0b, 0x0b, 0x08, 0x13, 0x05, 0x04, 0x04, 0x05, 0x13, 0x08,
    0x0b, 0x13, 0x07, 0x65, 0x13, 0x13, 0x25, 0x13, 0x13, 0x2e, 0x23, 0x11, 0x22, 0xe1, 0x1b, 0x14,
    0x5e, 0x13, 0x1c, 0x13, 0x11, 0x0b, 0x5e, 0x0c, 0x10, 0x1d, 0x08, 0x2f, 0x13, 0x1c, 0x01, 0x01,
    0x09, 0x42, 0x02, 0x1a, 0x19, 0x03, 0x11, 0x0b, 0x1c, 0x3e, 0x03, 0x07, 0x53, 0x03, 0x0a, 0x09,
    0x02, 0x08, 0x01, 0x06, 0x06, 0x3e, 0x37, 0x08, 0x0b, 0x03, 0x03, 0x0b, 0x08, 0x70, 0x08, 0x0b,
    0x03, 0x03, 0x0b, 0x08, 0x0d, 0x08, 0x03, 0x6e, 0x70, 0x70, 0x70, 0x1d, 0x53, 0x07, 0x53, 0x00,
    0x00, 0x03, 0x00, 0x00, 0x00, 0x00, 0x01, 0x1b, 0x01, 0x07, 0x00, 0x12, 0x00, 0x2d, 0x00, 0x3f,
    0x00, 0x00, 0x37, 0x15, 0x37, 0x3e, 0x01, 0x33, 0x37, 0x2e, 0x01, 0x2b, 0x01, 0x22, 0x2f, 0x01,
    0x26, 0x2b, 0x01, 0x22, 0x06, 0x17, 0x22, 0x07, 0x23, 0x2e, 0x01, 0x3d, 0x01, 0x34, 0x36, 0x3b,
    0x01, 0x36, 0x1f, 0x01, 0x33, 0x32, 0x16, 0x17, 0x1e, 0x02, 0x0f, 0x01, 0x0e, 0x01, 0x23, 0x27,
    0x22, 0x06, 0x0f, 0x01, 0x06, 0x1e, 0x01, 0x3b, 0x01, 0x32, 0x36, 0x3f, 0x01, 0x36, 0x2e, 0x01,
    0x23, 0x26, 0x11, 0x07, 0x1a, 0x10, 0x77, 0x03, 0x0e, 0x09, 0x42, 0x04, 0x02, 0x20, 0x03, 0x04,
    0x14, 0x0c, 0x10, 0x5f, 0x01, 0x01, 0x41, 0x14, 0x1b, 0x1b, 0x14, 0x14, 0x0c, 0x08, 0x1d, 0x3e,
    0x11, 0x1a, 0x03, 0x0f, 0x15, 0x04, 0x08, 0x1e, 0x07, 0x1a, 0x10, 0x5c, 0x0b, 0x11, 0x05, 0x1e,
    0x05, 0x04, 0x0f, 0x0b, 0x82, 0x0b, 0x11, 0x05, 0x1e, 0x05, 0x04, 0x0f, 0x0b, 0xd8, 0x57, 0x1e,
    0x0d, 0x0f, 0x01, 0x08, 0x0a, 0x03, 0x20, 0x03, 0x11, 0xbd, 0x01, 0x01, 0x1b, 0x13, 0x84, 0x13,
    0x1b, 0x01, 0x09, 0x1d, 0x16, 0x10, 0x03, 0x16, 0x1f, 0x0e, 0x33, 0x0d, 0x0f, 0x83, 0x0a, 0x09,
    0x33, 0x0a, 0x13, 0x0e, 0x0a, 0x09, 0x34, 0x09, 0x14, 0x0d, 0x00, 0x00, 0x00, 0x03, 0x00, 0x00,
    0x00, 0x00, 0x01, 0x1a, 0x01, 0x07, 0x00, 0x0b, 0x00, 0x1f, 0x00, 0x30, 0x00, 0x00, 0x37, 0x15,
    0x33, 0x32, 0x3f, 0x01, 0x27, 0x26, 0x2b, 0x01, 0x22, 0x06, 0x07, 0x34, 0x36, 0x3b, 0x01, 0x36,
    0x1f, 0x01, 0x33, 0x32, 0x16, 0x1d, 0x01, 0x14, 0x06, 0x2b, 0x01, 0x22, 0x26, 0x35, 0x37, 0x15,
    0x14, 0x16, 0x3b, 0x01, 0x32, 0x36, 0x3d, 0x01, 0x34, 0x26, 0x2b, 0x01, 0x07, 0x06, 0x23, 0x26,
    0x43, 0x04, 0x02, 0x1a, 0x1a, 0x02, 0x04, 0x27, 0x0c, 0x10, 0x13, 0x1b, 0x14, 0x27, 0x0b, 0x09,
    0x1d, 0x50, 0x14, 0x1b, 0x1b, 0x14, 0xa8, 0x14, 0x1b, 0x13, 0x10, 0x0c, 0xa8, 0x0c, 0x11, 0x11,
    0x0c, 0x50, 0x1d, 0x09, 0x0b, 0xd8, 0x1c, 0x02, 0x1a, 0x19, 0x03, 0x11, 0x0b, 0x13, 0x1b, 0x01,
    0x09, 0x1d, 0x1b, 0x14, 0x5e, 0x13, 0x1b, 0x1b, 0x13, 0x55, 0x55, 0x0b, 0x11, 0x11, 0x0b, 0x5e,
    0x0c, 0x10, 0x1d, 0x08, 0x00, 0x01, 0x00, 0x00, 0x00, 0x00, 0x01, 0x07, 0x00, 0xec, 0x00, 0x20,
    0x00, 0x00, 0x37, 0x07, 0x06, 0x14, 0x1e, 0x01, 0x3f, 0x02, 0x07, 0x35, 0x2f, 0x01, 0x26, 0x22,
    0x0e, 0x01, 0x1f, 0x01, 0x23, 0x22, 0x0e, 0x01, 0x07, 0x15, 0x14, 0x16, 0x32, 0x36, 0x35, 0x34,
    0x36, 0x37, 0xe6, 0x32, 0x03, 0x06, 0x06, 0x03, 0x45, 0x02, 0x01, 0x01, 0x44, 0x02, 0x08, 0x05,
    0x01, 0x02, 0x33, 0x50, 0x21, 0x32, 0x1c, 0x01, 0x05, 0x08, 0x05, 0x30, 0x29, 0x96, 0x32, 0x03,
    0x08, 0x05, 0x01, 0x02, 0x46, 0x04, 0x01, 0x02, 0x04, 0x44, 0x03, 0x05, 0x07, 0x03, 0x33, 0x17,
    0x29, 0x1a, 0x04, 0x04, 0x05, 0x05, 0x04, 0x20, 0x2a, 0x01, 0x00, 0x00, 0x00, 0x05, 0x00, 0x00,
    0x00, 0x00, 0x01, 0x2d, 0x00, 0xf4, 0x00, 0x1d, 0x00, 0x26, 0x00, 0x2f, 0x00, 0x43, 0x00, 0x53,
    0x00, 0x00, 0x37, 0x32, 0x16, 0x1d, 0x01, 0x33, 0x32, 0x16, 0x14, 0x06, 0x2b, 0x01, 0x15, 0x14,
    0x06, 0x22, 0x26, 0x3d, 0x01, 0x23, 0x22, 0x26, 0x34, 0x36, 0x3b, 0x01, 0x35, 0x34, 0x36, 0x33,
    0x17, 0x32, 0x16, 0x14, 0x06, 0x22, 0x26, 0x34, 0x36, 0x37, 0x1e, 0x01, 0x14, 0x06, 0x22, 0x26,
    0x34, 0x36, 0x37, 0x32, 0x1e, 0x01, 0x1d, 0x01, 0x14, 0x0e, 0x01, 0x2b, 0x01, 0x06, 0x2e, 0x01,
    0x3d, 0x01, 0x34, 0x3e, 0x01, 0x33, 0x15, 0x22, 0x06, 0x1d, 0x01, 0x14, 0x16, 0x3b, 0x01, 0x32,
    0x36, 0x3d, 0x01, 0x34, 0x26, 0x23, 0x67, 0x04, 0x06, 0x1c, 0x04, 0x05, 0x05, 0x04, 0x1c, 0x06,
    0x08, 0x05, 0x1c, 0x04, 0x06, 0x06, 0x04, 0x1c, 0x05, 0x04, 0x67, 0x08, 0x0b, 0x0b, 0x10, 0x0b,
    0x0b, 0x1b, 0x08, 0x0b, 0x0b, 0x10, 0x0b, 0x0b, 0x08, 0x14, 0x23, 0x14, 0x14, 0x23, 0x14, 0x96,
    0x14, 0x23, 0x14, 0x14, 0x23, 0x14, 0x17, 0x21, 0x21, 0x17, 0x96, 0x17, 0x21, 0x21, 0x17, 0xbc,
    0x06, 0x04, 0x1c, 0x05, 0x08, 0x06, 0x1c, 0x04, 0x05, 0x05, 0x04, 0x1c, 0x06, 0x08, 0x05, 0x1c,
    0x04, 0x05, 0x38, 0x0b, 0x0f, 0x0b, 0x0b, 0x0f, 0x0b, 0x39, 0x01, 0x0a, 0x10, 0x0b, 0x0b, 0x10,
    0x0b, 0x38, 0x14, 0x23, 0x14, 0x38, 0x15, 0x22, 0x14, 0x01, 0x15, 0x22, 0x14, 0x39, 0x14, 0x23,
    0x14, 0x13, 0x21, 0x17, 0x38, 0x18, 0x21, 0x21, 0x18, 0x38, 0x17, 0x21, 0x00, 0x04, 0x00, 0x00,
    0x00, 0x00, 0x01, 0x16, 0x01, 0x1a, 0x00, 0x08, 0x00, 0x11, 0x00, 0x61, 0x00, 0x9a, 0x00, 0x00,
    0x37, 0x22, 0x06, 0x14, 0x16, 0x32, 0x36, 0x34, 0x26, 0x07, 0x22, 0x26, 0x34, 0x36, 0x32, 0x16,
    0x14, 0x06, 0x17, 0x2f, 0x01, 0x26, 0x36, 0x3f, 0x01, 0x36, 0x27, 0x26, 0x27, 0x26, 0x23, 0x0f,
    0x01, 0x23, 0x22, 0x26, 0x2f, 0x01, 0x26, 0x27, 0x26, 0x22, 0x07, 0x06, 0x0f, 0x01, 0x0e, 0x01,
    0x23, 0x22, 0x23, 0x2f, 0x01, 0x22, 0x07, 0x06, 0x07, 0x06, 0x1f, 0x01, 0x16, 0x06, 0x0f, 0x01,
    0x06, 0x17, 0x16, 0x17, 0x16, 0x33, 0x3f, 0x01, 0x33, 0x32, 0x16, 0x1f, 0x01, 0x16, 0x17, 0x16,
    0x32, 0x37, 0x36, 0x3f, 0x01, 0x3e, 0x01, 0x33, 0x32, 0x33, 0x1f, 0x01, 0x32, 0x37, 0x36, 0x37,
    0x36, 0x27, 0x07, 0x27, 0x26, 0x23, 0x22, 0x06, 0x0f, 0x02, 0x06, 0x22, 0x2f, 0x01, 0x2e, 0x01,
    0x2b, 0x01, 0x0f, 0x01, 0x26, 0x27, 0x37, 0x3e, 0x01, 0x2f, 0x02, 0x36, 0x37, 0x17, 0x16, 0x33,
    0x32, 0x36, 0x3f, 0x02, 0x36, 0x32, 0x1f, 0x01, 0x1e, 0x01, 0x3b, 0x01, 0x3f, 0x01, 0x16, 0x17,
    0x07, 0x0e, 0x01, 0x1f, 0x02, 0x06, 0x07, 0x96, 0x10, 0x16, 0x16, 0x20, 0x15, 0x15, 0x10, 0x08,
    0x0b, 0x0b, 0x10, 0x0b, 0x0b, 0x73, 0x18, 0x02, 0x04, 0x01, 0x05, 0x18, 0x04, 0x02, 0x08, 0x13,
    0x02, 0x04, 0x03, 0x20, 0x02, 0x06, 0x09, 0x01, 0x05, 0x01, 0x05, 0x0e, 0x1c, 0x0e, 0x05, 0x01,
    0x06, 0x02, 0x08, 0x04, 0x03, 0x03, 0x1d, 0x03, 0x04, 0x02, 0x13, 0x08, 0x02, 0x04, 0x1a, 0x04,
    0x01, 0x05, 0x18, 0x04, 0x02, 0x08, 0x13, 0x02, 0x04, 0x03, 0x20, 0x03, 0x05, 0x09, 0x01, 0x05,
    0x01, 0x05, 0x0e, 0x1c, 0x0e, 0x05, 0x01, 0x06, 0x02, 0x08, 0x05, 0x02, 0x03, 0x1d, 0x03, 0x04,
    0x02, 0x13, 0x08, 0x02, 0x04, 0x22, 0x17, 0x06, 0x05, 0x0b, 0x12, 0x04, 0x01, 0x04, 0x09, 0x10,
    0x09, 0x04, 0x02, 0x13, 0x0c, 0x07, 0x05, 0x17, 0x0a, 0x06, 0x12, 0x0b, 0x02, 0x09, 0x04, 0x12,
    0x06, 0x0a, 0x17, 0x06, 0x06, 0x0a, 0x12, 0x04, 0x01, 0x04, 0x09, 0x10, 0x09, 0x04, 0x02, 0x13,
    0x0c, 0x07, 0x05, 0x17, 0x0a, 0x06, 0x12, 0x0b, 0x02, 0x09, 0x04, 0x12, 0x06, 0x0a, 0xbc, 0x16,
    0x20, 0x15, 0x15, 0x20, 0x16, 0x39, 0x0b, 0x10, 0x0b, 0x0b, 0x10, 0x0b, 0x0d, 0x14, 0x02, 0x05,
    0x0d, 0x04, 0x14, 0x03, 0x05, 0x1b, 0x15, 0x03, 0x01, 0x0b, 0x07, 0x05, 0x1f, 0x05, 0x01, 0x03,
    0x03, 0x01, 0x05, 0x21, 0x05, 0x05, 0x0b, 0x01, 0x03, 0x15, 0x1b, 0x05, 0x03, 0x16, 0x05, 0x0d,
    0x04, 0x14, 0x04, 0x04, 0x1b, 0x15, 0x03, 0x01, 0x0b, 0x07, 0x05, 0x1f, 0x05, 0x01, 0x03, 0x03,
    0x01, 0x05, 0x21, 0x05, 0x05, 0x0b, 0x01, 0x03, 0x15, 0x1b, 0x04, 0x04, 0x26, 0x08, 0x02, 0x0c,
    0x0a, 0x06, 0x17, 0x01, 0x01, 0x17, 0x0c, 0x10, 0x02, 0x08, 0x0d, 0x0f, 0x10, 0x09, 0x1c, 0x0b,
    0x04, 0x10, 0x0f, 0x0d, 0x08, 0x02, 0x0c, 0x0a, 0x06, 0x17, 0x02, 0x02, 0x17, 0x0c, 0x10, 0x02,
    0x08, 0x0d, 0x0f, 0x10, 0x09, 0x1c, 0x0b, 0x04, 0x0f, 0x10, 0x0d, 0x00, 0x00, 0x07, 0x00, 0x00,
    0x00, 0x00, 0x01, 0x07, 0x01, 0x1a, 0x00, 0x25, 0x00, 0x2f, 0x00, 0x33, 0x00, 0x37, 0x00, 0x3e,
    0x00, 0x45, 0x00, 0x4f, 0x00, 0x00, 0x13, 0x32, 0x17, 0x36, 0x32, 0x16, 0x15, 0x14, 0x07, 0x33,
    0x32, 0x16, 0x1d, 0x01, 0x14, 0x06, 0x23, 0x15, 0x14, 0x06, 0x2b, 0x01, 0x2e, 0x01, 0x3d, 0x01,
    0x22, 0x26, 0x3d, 0x01, 0x34, 0x36, 0x3b, 0x01, 0x26, 0x35, 0x34, 0x36, 0x07, 0x14, 0x16, 0x3b,
    0x01, 0x35, 0x34, 0x26, 0x22, 0x06, 0x17, 0x15, 0x33, 0x35, 0x2b, 0x01, 0x15, 0x33, 0x07, 0x15,
    0x14, 0x16, 0x3b, 0x01, 0x35, 0x17, 0x33, 0x32, 0x36, 0x3d, 0x01, 0x23, 0x37, 0x34, 0x26, 0x22,
    0x06, 0x1d, 0x01, 0x33, 0x32, 0x36, 0x71, 0x10, 0x0c, 0x0b, 0x20, 0x16, 0x05, 0x2b, 0x08, 0x0b,
    0x0b, 0x08, 0x16, 0x10, 0x83, 0x10, 0x16, 0x07, 0x0b, 0x0b, 0x08, 0x2a, 0x05, 0x16, 0x03, 0x0b,
    0x08, 0x12, 0x0b, 0x0f, 0x0b, 0x38, 0x5e, 0x71, 0x5d, 0x5d, 0x4b, 0x0b, 0x08, 0x38, 0x13, 0x38,
    0x08, 0x0b, 0x4b, 0x26, 0x0b, 0x10, 0x0b, 0x13, 0x08, 0x0b, 0x01, 0x19, 0x0c, 0x0c, 0x16, 0x0f,
    0x0a, 0x09, 0x0b, 0x08, 0x25, 0x08, 0x0b, 0x4b, 0x10, 0x16, 0x01, 0x15, 0x10, 0x4b, 0x0b, 0x08,
    0x25, 0x08, 0x0b, 0x09, 0x0a, 0x0f, 0x16, 0x25, 0x08, 0x0b, 0x13, 0x08, 0x0b, 0x0b, 0x2e, 0x25,
    0x25, 0x25, 0x13, 0x4b, 0x08, 0x0b, 0x5e, 0x5e, 0x0b, 0x08, 0x4b, 0x5e, 0x08, 0x0b, 0x0b, 0x08,
    0x13, 0x0b, 0x00, 0x00, 0x00, 0x05, 0x00, 0x00, 0x00, 0x00, 0x01, 0x07, 0x01, 0x1a, 0x00, 0x21,
    0x00, 0x27, 0x00, 0x3f, 0x00, 0x47, 0x00, 0x50, 0x00, 0x00, 0x13, 0x22, 0x06, 0x1d, 0x01, 0x36,
    0x37, 0x35, 0x34, 0x36, 0x3b, 0x01, 0x15, 0x14, 0x16, 0x3b, 0x01, 0x15, 0x14, 0x06, 0x2b, 0x01,
    0x14, 0x07, 0x33, 0x32, 0x36, 0x3d, 0x01, 0x34, 0x2f, 0x01, 0x26, 0x23, 0x17, 0x23, 0x22, 0x26,
    0x3d, 0x01, 0x07, 0x15, 0x23, 0x22, 0x06, 0x1d, 0x01, 0x1e, 0x01, 0x3b, 0x01, 0x32, 0x36, 0x3d,
    0x01, 0x34, 0x26, 0x2b, 0x01, 0x35, 0x34, 0x26, 0x22, 0x06, 0x17, 0x35, 0x34, 0x36, 0x32, 0x16,
    0x1d, 0x01, 0x07, 0x32, 0x16, 0x14, 0x06, 0x22, 0x26, 0x34, 0x36, 0x71, 0x10, 0x16, 0x09, 0x0a,
    0x0b, 0x08, 0x38, 0x10, 0x0c, 0x2f, 0x0b, 0x08, 0x25, 0x06, 0x2b, 0x10, 0x16, 0x09, 0x36, 0x09,
    0x0b, 0x3c, 0x2b, 0x04, 0x05, 0x7a, 0x0a, 0x08, 0x0b, 0x01, 0x0a, 0x08, 0x5e, 0x08, 0x0b, 0x0b,
    0x08, 0x09, 0x16, 0x1f, 0x16, 0x12, 0x0b, 0x10, 0x0b, 0x13, 0x06, 0x08, 0x08, 0x0c, 0x08, 0x08,
    0x01, 0x19, 0x16, 0x0f, 0x2d, 0x05, 0x01, 0x27, 0x08, 0x0b, 0x2f, 0x0c, 0x11, 0x83, 0x08, 0x0a,
    0x0b, 0x08, 0x16, 0x0f, 0x8e, 0x0c, 0x08, 0x37, 0x08, 0x4b, 0x06, 0x04, 0x2b, 0x6d, 0x13, 0x0b,
    0x08, 0x4a, 0x08, 0x0b, 0x0b, 0x07, 0x4c, 0x07, 0x0b, 0x13, 0x10, 0x15, 0x15, 0x23, 0x13, 0x08,
    0x0b, 0x0b, 0x08, 0x13, 0x2a, 0x08, 0x0c, 0x08, 0x08, 0x0c, 0x08, 0x00, 0x00, 0x04, 0x00, 0x00,
    0x00, 0x00, 0x01, 0x07, 0x01, 0x1a, 0x00, 0x22, 0x00, 0x28, 0x00, 0x3d, 0x00, 0x52, 0x00, 0x00,
    0x37, 0x27, 0x26, 0x2b, 0x01, 0x22, 0x06, 0x1d, 0x01, 0x16, 0x17, 0x16, 0x17, 0x35, 0x34, 0x36,
    0x17, 0x33, 0x15, 0x14, 0x16, 0x17, 0x33, 0x15, 0x14, 0x06, 0x07, 0x23, 0x07, 0x33, 0x32, 0x36,
    0x3d, 0x01, 0x34, 0x07, 0x22, 0x26, 0x37, 0x35, 0x17, 0x07, 0x22, 0x2f, 0x01, 0x2e, 0x01, 0x34,
    0x36, 0x3f, 0x01, 0x36, 0x32, 0x16, 0x14, 0x0f, 0x01, 0x17, 0x1e, 0x01, 0x0e, 0x01, 0x33, 0x22,
    0x2e, 0x01, 0x36, 0x3f, 0x01, 0x27, 0x26, 0x34, 0x36, 0x32, 0x1f, 0x01, 0x1e, 0x01, 0x14, 0x06,
    0x0f, 0x01, 0x06, 0xfe, 0x36, 0x09, 0x0b, 0x43, 0x10, 0x16, 0x08, 0x06, 0x03, 0x02, 0x0b, 0x08,
    0x38, 0x10, 0x0c, 0x2f, 0x0b, 0x08, 0x1c, 0x13, 0x2f, 0x10, 0x15, 0x41, 0x04, 0x06, 0x01, 0x34,
    0xaf, 0x04, 0x02, 0x26, 0x01, 0x01, 0x01, 0x01, 0x26, 0x03, 0x08, 0x05, 0x03, 0x1f, 0x1f, 0x02,
    0x01, 0x02, 0x05, 0x49, 0x03, 0x05, 0x02, 0x01, 0x02, 0x1f, 0x1f, 0x03, 0x06, 0x08, 0x02, 0x26,
    0x01, 0x02, 0x02, 0x01, 0x25, 0x03, 0xda, 0x37, 0x08, 0x16, 0x0f, 0x6e, 0x02, 0x06, 0x02, 0x04,
    0x7c, 0x08, 0x0b, 0x01, 0x2e, 0x0c, 0x10, 0x01, 0x83, 0x08, 0x0a, 0x01, 0x12, 0x16, 0x0f, 0x8f,
    0x0b, 0x04, 0x06, 0x04, 0x2b, 0x35, 0xbb, 0x03, 0x25, 0x01, 0x04, 0x03, 0x04, 0x01, 0x26, 0x03,
    0x06, 0x08, 0x03, 0x1e, 0x1f, 0x02, 0x05, 0x06, 0x03, 0x03, 0x06, 0x05, 0x02, 0x1f, 0x1e, 0x03,
    0x08, 0x06, 0x03, 0x26, 0x01, 0x04, 0x03, 0x04, 0x01, 0x25, 0x03, 0x00, 0x00, 0x06, 0x00, 0x00,
    0x00, 0x00, 0x01, 0x2c, 0x01, 0x2d, 0x00, 0x16, 0x00, 0x39, 0x00, 0x42, 0x00, 0x4b, 0x00, 0x58,
    0x00, 0x82, 0x00, 0x00, 0x37, 0x36, 0x37, 0x26, 0x37, 0x34, 0x36, 0x32, 0x16, 0x15, 0x14, 0x07,
    0x16, 0x17, 0x36, 0x35, 0x34, 0x26, 0x22, 0x06, 0x15, 0x14, 0x17, 0x07, 0x31, 0x3e, 0x01, 0x37,
    0x36, 0x37, 0x23, 0x22, 0x07, 0x35, 0x3e, 0x01, 0x35, 0x34, 0x26, 0x22, 0x06, 0x15, 0x06, 0x16,
    0x17, 0x15, 0x0e, 0x01, 0x15, 0x14, 0x16, 0x33, 0x32, 0x36, 0x37, 0x26, 0x35, 0x26, 0x27, 0x34,
    0x36, 0x32, 0x16, 0x14, 0x06, 0x22, 0x26, 0x17, 0x22, 0x26, 0x34, 0x36, 0x32, 0x16, 0x14, 0x06,
    0x37, 0x22, 0x0e, 0x01, 0x14, 0x1e, 0x01, 0x32, 0x3e, 0x01, 0x34, 0x2e, 0x01, 0x17, 0x1e, 0x01,
    0x0e, 0x01, 0x2f, 0x01, 0x15, 0x14, 0x06, 0x22, 0x26, 0x3d, 0x01, 0x07, 0x06, 0x2e, 0x01, 0x36,
    0x3f, 0x01, 0x27, 0x2e, 0x01, 0x3e, 0x01, 0x1f, 0x01, 0x35, 0x34, 0x36, 0x32, 0x16, 0x1d, 0x01,
    0x37, 0x36, 0x1e, 0x01, 0x06, 0x0f, 0x01, 0xad, 0x08, 0x0a, 0x04, 0x01, 0x10, 0x17, 0x11, 0x03,
    0x09, 0x08, 0x04, 0x1b, 0x27, 0x1b, 0x04, 0x4e, 0x02, 0x0c, 0x07, 0x03, 0x05, 0x02, 0x10, 0x0c,
    0x10, 0x15, 0x1b, 0x27, 0x1b, 0x01, 0x16, 0x10, 0x10, 0x15, 0x1b, 0x13, 0x0f, 0x18, 0x05, 0x0f,
    0x09, 0x30, 0x11, 0x17, 0x10, 0x10, 0x17, 0x11, 0x1c, 0x0b, 0x11, 0x11, 0x17, 0x10, 0x10, 0x78,
    0x17, 0x27, 0x17, 0x17, 0x27, 0x2e, 0x26, 0x17, 0x17, 0x26, 0x16, 0x03, 0x02, 0x04, 0x07, 0x03,
    0x1b, 0x05, 0x08, 0x06, 0x1a, 0x04, 0x07, 0x04, 0x02, 0x03, 0x1b, 0x1b, 0x03, 0x02, 0x04, 0x07,
    0x04, 0x1a, 0x06, 0x08, 0x05, 0x1b, 0x03, 0x07, 0x04, 0x02, 0x03, 0x1b, 0xb2, 0x04, 0x02, 0x06,
    0x07, 0x0c, 0x10, 0x10, 0x0c, 0x07, 0x06, 0x02, 0x04, 0x09, 0x0a, 0x13, 0x1c, 0x1c, 0x13, 0x0a,
    0x09, 0x56, 0x08, 0x0a, 0x02, 0x0a, 0x09, 0x09, 0x55, 0x04, 0x19, 0x11, 0x14, 0x1b, 0x1b, 0x14,
    0x11, 0x19, 0x04, 0x72, 0x03, 0x1a, 0x11, 0x13, 0x1c, 0x11, 0x0d, 0x19, 0x1d, 0x06, 0xa3, 0x0c,
    0x10, 0x10, 0x18, 0x10, 0x10, 0xde, 0x10, 0x18, 0x10, 0x10, 0x18, 0x10, 0x96, 0x17, 0x27, 0x2e,
    0x26, 0x17, 0x17, 0x26, 0x2e, 0x27, 0x17, 0x64, 0x02, 0x07, 0x07, 0x02, 0x02, 0x0f, 0x1e, 0x04,
    0x06, 0x06, 0x04, 0x1e, 0x0f, 0x02, 0x02, 0x07, 0x07, 0x02, 0x0f, 0x10, 0x02, 0x07, 0x07, 0x02,
    0x02, 0x0f, 0x1e, 0x04, 0x06, 0x06, 0x04, 0x1e, 0x0f, 0x02, 0x02, 0x07, 0x07, 0x02, 0x10, 0x00,
    0x00, 0x07, 0x00, 0x00, 0xff, 0xff, 0x01, 0x2c, 0x01, 0x2d, 0x00, 0x22, 0x00, 0x2b, 0x00, 0x34,
    0x00, 0x4b, 0x00, 0x58, 0x00, 0x64, 0x00, 0x6d, 0x00, 0x00, 0x37, 0x31, 0x3e, 0x01, 0x37, 0x36,
    0x37, 0x23, 0x22, 0x07, 0x35, 0x3e, 0x01, 0x35, 0x34, 0x26, 0x22, 0x06, 0x15, 0x06, 0x16, 0x17,
    0x15, 0x0e, 0x01, 0x15, 0x14, 0x16, 0x33, 0x32, 0x36, 0x37, 0x26, 0x35, 0x26, 0x27, 0x34, 0x36,
    0x32, 0x16, 0x14, 0x06, 0x22, 0x26, 0x17, 0x22, 0x26, 0x34, 0x36, 0x32, 0x16, 0x14, 0x06, 0x37,
    0x36, 0x37, 0x26, 0x35, 0x34, 0x36, 0x32, 0x16, 0x15, 0x14, 0x07, 0x16, 0x17, 0x36, 0x35, 0x34,
    0x26, 0x22, 0x06, 0x15, 0x14, 0x1f, 0x01, 0x22, 0x0e, 0x01, 0x14, 0x1e, 0x01, 0x32, 0x3e, 0x01,
    0x34, 0x2e, 0x01, 0x07, 0x34, 0x36, 0x32, 0x16, 0x1d, 0x01, 0x14, 0x06, 0x22, 0x26, 0x35, 0x17,
    0x22, 0x26, 0x34, 0x36, 0x32, 0x16, 0x14, 0x06, 0x5f, 0x02, 0x0c, 0x07, 0x03, 0x05, 0x02, 0x10,
    0x0c, 0x10, 0x15, 0x1b, 0x27, 0x1b, 0x01, 0x16, 0x10, 0x10, 0x15, 0x1b, 0x13, 0x0f, 0x18, 0x05,
    0x0f, 0x09, 0x30, 0x11, 0x17, 0x10, 0x10, 0x17, 0x11, 0x1c, 0x0b, 0x11, 0x11, 0x17, 0x10, 0x10,
    0x4d, 0x08, 0x0a, 0x03, 0x10, 0x17, 0x11, 0x03, 0x09, 0x08, 0x04, 0x1b, 0x27, 0x1b, 0x04, 0x2b,
    0x17, 0x27, 0x17, 0x17, 0x27, 0x2e, 0x26, 0x17, 0x17, 0x26, 0x21, 0x06, 0x07, 0x06, 0x05, 0x08,
    0x06, 0x0a, 0x06, 0x08, 0x08, 0x0b, 0x09, 0x09, 0x5c, 0x08, 0x0a, 0x02, 0x0a, 0x09, 0x09, 0x55,
    0x03, 0x1a, 0x11, 0x14, 0x1b, 0x1b, 0x14, 0x11, 0x1a, 0x03, 0x72, 0x03, 0x1a, 0x11, 0x13, 0x1c,
    0x11, 0x0d, 0x19, 0x1d, 0x06, 0xa3, 0x0c, 0x10, 0x10, 0x18, 0x10, 0x10, 0xde, 0x10, 0x17, 0x11,
    0x11, 0x17, 0x10, 0x9f, 0x04, 0x02, 0x06, 0x07, 0x0b, 0x11, 0x11, 0x0b, 0x07, 0x06, 0x02, 0x04,
    0x09, 0x0a, 0x13, 0x1c, 0x1c, 0x13, 0x0a, 0x09, 0x09, 0x17, 0x27, 0x2e, 0x26, 0x17, 0x17, 0x26,
    0x2e, 0x27, 0x17, 0x26, 0x04, 0x06, 0x06, 0x04, 0x2f, 0x04, 0x05, 0x05, 0x04, 0x33, 0x08, 0x0c,
    0x08, 0x08, 0x0c, 0x08, 0x00, 0x06, 0x00, 0x00, 0x00, 0x00, 0x01, 0x2c, 0x01, 0x2c, 0x00, 0x16,
    0x00, 0x39, 0x00, 0x42, 0x00, 0x4b, 0x00, 0x58, 0x00, 0x75, 0x00, 0x00, 0x37, 0x26, 0x35, 0x34,
    0x36, 0x32, 0x16, 0x15, 0x06, 0x07, 0x26, 0x27, 0x36, 0x35, 0x34, 0x26, 0x22, 0x06, 0x15, 0x14,
    0x17, 0x06, 0x0f, 0x01, 0x14, 0x17, 0x0e, 0x01, 0x23, 0x22, 0x26, 0x35, 0x26, 0x36, 0x37, 0x35,
    0x2e, 0x01, 0x35, 0x34, 0x36, 0x32, 0x16, 0x15, 0x14, 0x06, 0x07, 0x15, 0x36, 0x3b, 0x01, 0x06,
    0x07, 0x0e, 0x01, 0x07, 0x16, 0x17, 0x27, 0x32, 0x36, 0x34, 0x26, 0x22, 0x06, 0x14, 0x16, 0x17,
    0x34, 0x26, 0x22, 0x06, 0x14, 0x16, 0x32, 0x36, 0x37, 0x14, 0x0e, 0x01, 0x22, 0x2e, 0x01, 0x34,
    0x3e, 0x01, 0x32, 0x1e, 0x01, 0x07, 0x34, 0x26, 0x2b, 0x01, 0x35, 0x34, 0x26, 0x22, 0x06, 0x1d,
    0x01, 0x23, 0x22, 0x06, 0x14, 0x16, 0x3b, 0x01, 0x15, 0x14, 0x16, 0x32, 0x36, 0x3d, 0x01, 0x33,
    0x32, 0x36, 0xad, 0x04, 0x1b, 0x27, 0x1c, 0x01, 0x04, 0x08, 0x09, 0x03, 0x11, 0x17, 0x10, 0x03,
    0x0a, 0x08, 0x3c, 0x0f, 0x05, 0x18, 0x0f, 0x13, 0x1b, 0x01, 0x16, 0x10, 0x10, 0x15, 0x1b, 0x27,
    0x1b, 0x15, 0x10, 0x0c, 0x10, 0x02, 0x05, 0x03, 0x07, 0x0c, 0x02, 0x09, 0x08, 0x1c, 0x0c, 0x11,
    0x11, 0x17, 0x11, 0x11, 0x28, 0x11, 0x17, 0x11, 0x11, 0x17, 0x11, 0xbb, 0x17, 0x26, 0x2e, 0x27,
    0x17, 0x17, 0x27, 0x2e, 0x26, 0x17, 0x1c, 0x06, 0x04, 0x25, 0x05, 0x08, 0x06, 0x25, 0x04, 0x06,
    0x06, 0x04, 0x25, 0x06, 0x08, 0x05, 0x26, 0x03, 0x06, 0xb2, 0x09, 0x0a, 0x13, 0x1c, 0x1c, 0x13,
    0x0a, 0x09, 0x04, 0x02, 0x06, 0x07, 0x0c, 0x10, 0x10, 0x0c, 0x07, 0x06, 0x02, 0x04, 0x5e, 0x1d,
    0x19, 0x0d, 0x11, 0x1b, 0x14, 0x11, 0x1a, 0x03, 0x72, 0x03, 0x1a, 0x11, 0x13, 0x1c, 0x1c, 0x13,
    0x11, 0x1a, 0x03, 0x55, 0x09, 0x09, 0x0a, 0x02, 0x0a, 0x08, 0x02, 0x06, 0x8d, 0x10, 0x18, 0x10,
    0x10, 0x18, 0x10, 0xb2, 0x0c, 0x10, 0x10, 0x18, 0x10, 0x10, 0x31, 0x17, 0x26, 0x17, 0x17, 0x26,
    0x2e, 0x27, 0x17, 0x17, 0x27, 0x17, 0x04, 0x06, 0x25, 0x04, 0x06, 0x06, 0x04, 0x25, 0x06, 0x08,
    0x05, 0x23, 0x04, 0x06, 0x06, 0x04, 0x23, 0x05, 0x00, 0x04, 0x00, 0x00, 0x00, 0x00, 0x01, 0x07,
    0x01, 0x2d, 0x00, 0x30, 0x00, 0x39, 0x00, 0x42, 0x00, 0x4b, 0x00, 0x00, 0x25, 0x34, 0x26, 0x22,
    0x06, 0x15, 0x14, 0x16, 0x17, 0x0e, 0x01, 0x2b, 0x01, 0x22, 0x07, 0x35, 0x3e, 0x01, 0x35, 0x34,
    0x26, 0x22, 0x06, 0x15, 0x06, 0x16, 0x17, 0x15, 0x0e, 0x01, 0x15, 0x14, 0x16, 0x32, 0x36, 0x35,
    0x34, 0x26, 0x27, 0x3e, 0x01, 0x3b, 0x01, 0x32, 0x36, 0x37, 0x3e, 0x01, 0x35, 0x27, 0x34, 0x36,
    0x32, 0x16, 0x14, 0x06, 0x22, 0x26, 0x17, 0x14, 0x06, 0x22, 0x26, 0x34, 0x36, 0x32, 0x16, 0x37,
    0x22, 0x26, 0x3e, 0x01, 0x32, 0x16, 0x14, 0x06, 0x01, 0x07, 0x1c, 0x27, 0x1b, 0x14, 0x10, 0x03,
    0x0e, 0x0a, 0x38, 0x10, 0x0c, 0x10, 0x15, 0x1b, 0x27, 0x1b, 0x01, 0x16, 0x10, 0x10, 0x15, 0x1b,
    0x27, 0x1b, 0x14, 0x10, 0x03, 0x0e, 0x0a, 0x38, 0x11, 0x1a, 0x03, 0x11, 0x15, 0xce, 0x11, 0x17,
    0x11, 0x11, 0x17, 0x11, 0x39, 0x11, 0x17, 0x11, 0x11, 0x17, 0x11, 0x67, 0x0c, 0x11, 0x01, 0x10,
    0x17, 0x11, 0x11, 0xc5, 0x13, 0x1c, 0x1c, 0x13, 0x11, 0x19, 0x04, 0x08, 0x0c, 0x09, 0x55, 0x03,
    0x1a, 0x11, 0x14, 0x1b, 0x1b, 0x14, 0x11, 0x1a, 0x03, 0x72, 0x03, 0x1a, 0x11, 0x13, 0x1c, 0x1c,
    0x13, 0x10, 0x1a, 0x03, 0x09, 0x0c, 0x15, 0x11, 0x03, 0x1a, 0x11, 0x38, 0x0c, 0x10, 0x10, 0x18,
    0x10, 0x10, 0xc2, 0x0c, 0x10, 0x10, 0x18, 0x10, 0x10, 0x6e, 0x10, 0x18, 0x10, 0x10, 0x18, 0x10,
    0x00, 0x02, 0x00, 0x00, 0x00, 0x00, 0x00, 0xd8, 0x01, 0x1a, 0x00, 0x18, 0x00, 0x21, 0x00, 0x00,
    0x37, 0x34, 0x26, 0x27, 0x35, 0x34, 0x26, 0x22, 0x06, 0x1d, 0x01, 0x0e, 0x01, 0x14, 0x16, 0x17,
    0x15, 0x14, 0x16, 0x32, 0x36, 0x3d, 0x01, 0x3e, 0x01, 0x07, 0x22, 0x26, 0x34, 0x36, 0x32, 0x16,
    0x14, 0x06, 0xd8, 0x21, 0x18, 0x05, 0x08, 0x05, 0x18, 0x21, 0x21, 0x18, 0x05, 0x08, 0x05, 0x18,
    0x21, 0x42, 0x13, 0x1c, 0x1c, 0x26, 0x1c, 0x1c, 0x96, 0x19, 0x25, 0x03, 0x39, 0x04, 0x05, 0x05,
    0x04, 0x39, 0x03, 0x25, 0x32, 0x25, 0x03, 0x39, 0x04, 0x05, 0x05, 0x04, 0x39, 0x03, 0x25, 0x16,
    0x1c, 0x26, 0x1c, 0x1c, 0x26, 0x1c, 0x00, 0x00, 0x00, 0x04, 0x00, 0x00, 0x00, 0x00, 0x01, 0x1a,
    0x01, 0x1a, 0x00, 0x25, 0x00, 0x2e, 0x00, 0x55, 0x00, 0x5e, 0x00, 0x00, 0x37, 0x16, 0x32, 0x36,
    0x34, 0x2f, 0x01, 0x33, 0x32, 0x16, 0x1d, 0x01, 0x0e, 0x01, 0x15, 0x14, 0x16, 0x32, 0x36, 0x35,
    0x34, 0x26, 0x27, 0x35, 0x34, 0x26, 0x2b, 0x01, 0x37, 0x36, 0x34, 0x26, 0x22, 0x0f, 0x01, 0x06,
    0x14, 0x1f, 0x01, 0x14, 0x06, 0x22, 0x26, 0x34, 0x36, 0x32, 0x16, 0x27, 0x14, 0x06, 0x07, 0x15,
    0x14, 0x16, 0x3b, 0x01, 0x27, 0x26, 0x34, 0x36, 0x32, 0x1f, 0x01, 0x16, 0x14, 0x0f, 0x01, 0x06,
    0x22, 0x26, 0x34, 0x3f, 0x01, 0x23, 0x22, 0x26, 0x3d, 0x01, 0x2e, 0x01, 0x35, 0x34, 0x36, 0x32,
    0x16, 0x15, 0x23, 0x34, 0x26, 0x22, 0x06, 0x14, 0x16, 0x32, 0x36, 0xab, 0x03, 0x08, 0x05, 0x02,
    0x16, 0x22, 0x0c, 0x10, 0x10, 0x15, 0x1b, 0x27, 0x1b, 0x15, 0x10, 0x1c, 0x13, 0x22, 0x16, 0x02,
    0x05, 0x08, 0x03, 0x25, 0x03, 0x03, 0x81, 0x11, 0x17, 0x11, 0x11, 0x17, 0x11, 0x96, 0x16, 0x10,
    0x10, 0x0c, 0x22, 0x16, 0x03, 0x06, 0x08, 0x03, 0x25, 0x03, 0x03, 0x25, 0x03, 0x08, 0x06, 0x03,
    0x16, 0x22, 0x13, 0x1c, 0x10, 0x15, 0x1b, 0x27, 0x1b, 0x12, 0x11, 0x17, 0x10, 0x10, 0x17, 0x11,
    0xbe, 0x03, 0x06, 0x08, 0x03, 0x15, 0x10, 0x0c, 0x55, 0x04, 0x1a, 0x10, 0x14, 0x1b, 0x1b, 0x14,
    0x10, 0x1a, 0x04, 0x55, 0x13, 0x1c, 0x15, 0x03, 0x08, 0x05, 0x02, 0x26, 0x03, 0x08, 0x02, 0xa2,
    0x0c, 0x10, 0x10, 0x17, 0x11, 0x11, 0x9d, 0x10, 0x1a, 0x04, 0x55, 0x0c, 0x10, 0x15, 0x03, 0x08,
    0x06, 0x03, 0x26, 0x02, 0x08, 0x03, 0x26, 0x02, 0x05, 0x08, 0x03, 0x15, 0x1c, 0x13, 0x55, 0x04,
    0x1a, 0x10, 0x14, 0x1b, 0x1b, 0x14, 0x0c, 0x11, 0x11, 0x17, 0x11, 0x11, 0x00, 0x03, 0x00, 0x00,
    0x00, 0x00, 0x01, 0x07, 0x01, 0x07, 0x00, 0x18, 0x00, 0x25, 0x00, 0x32, 0x00, 0x00, 0x25, 0x07,
    0x06, 0x22, 0x2f, 0x01, 0x26, 0x34, 0x36, 0x32, 0x1f, 0x01, 0x35, 0x34, 0x36, 0x32, 0x16, 0x1d,
    0x01, 0x37, 0x36, 0x32, 0x16, 0x14, 0x0f, 0x01, 0x32, 0x36, 0x3d, 0x01, 0x34, 0x2e, 0x01, 0x06,
    0x1d, 0x01, 0x14, 0x16, 0x37, 0x32, 0x36, 0x3d, 0x01, 0x34, 0x26, 0x22, 0x06, 0x1d, 0x01, 0x14,
    0x16, 0x01, 0x04, 0x5e, 0x03, 0x07, 0x03, 0x5e, 0x03, 0x06, 0x08, 0x02, 0x4e, 0x05, 0x08, 0x06,
    0x4d, 0x03, 0x08, 0x05, 0x02, 0x65, 0x04, 0x06, 0x06, 0x08, 0x05, 0x05, 0x04, 0x04, 0x06, 0x06,
    0x08, 0x05, 0x05, 0x86, 0x5e, 0x02, 0x02, 0x5e, 0x03, 0x08, 0x05, 0x03, 0x4d, 0x22, 0x04, 0x06,
    0x06, 0x04, 0x22, 0x4d, 0x03, 0x05, 0x08, 0x03, 0x03, 0x06, 0x04, 0x25, 0x04, 0x05, 0x01, 0x06,
    0x04, 0x25, 0x04, 0x06, 0x4b, 0x06, 0x04, 0x25, 0x04, 0x05, 0x05, 0x04, 0x25, 0x04, 0x06, 0x00,
    0x00, 0x04, 0x00, 0x00, 0x00, 0x00, 0x01, 0x08, 0x01, 0x1a, 0x00, 0x24, 0x00, 0x30, 0x00, 0x3c,
    0x00, 0x48, 0x00, 0x00, 0x37, 0x0e, 0x01, 0x07, 0x2e, 0x01, 0x27, 0x3e, 0x01, 0x2e, 0x01, 0x0e,
    0x02, 0x16, 0x17, 0x15, 0x0e, 0x01, 0x1e, 0x01, 0x32, 0x3e, 0x01, 0x26, 0x27, 0x35, 0x16, 0x17,
    0x1e, 0x02, 0x3e, 0x02, 0x2e, 0x01, 0x27, 0x34, 0x3e, 0x01, 0x1e, 0x02, 0x0e, 0x01, 0x23, 0x22,
    0x26, 0x17, 0x14, 0x0e, 0x01, 0x2e, 0x02, 0x3e, 0x01, 0x33, 0x32, 0x16, 0x37, 0x22, 0x2e, 0x01,
    0x3e, 0x02, 0x1e, 0x01, 0x15, 0x14, 0x06, 0xd8, 0x11, 0x1a, 0x03, 0x1b, 0x2a, 0x06, 0x12, 0x14,
    0x04, 0x1c, 0x23, 0x1b, 0x03, 0x15, 0x12, 0x12, 0x15, 0x04, 0x1a, 0x24, 0x1b, 0x04, 0x16, 0x11,
    0x21, 0x2b, 0x02, 0x13, 0x1a, 0x1a, 0x11, 0x04, 0x0c, 0x17, 0xad, 0x0a, 0x0f, 0x11, 0x0c, 0x04,
    0x07, 0x0e, 0x09, 0x0b, 0x11, 0x39, 0x0a, 0x10, 0x10, 0x0d, 0x03, 0x07, 0x0e, 0x08, 0x0c, 0x11,
    0x67, 0x09, 0x0e, 0x07, 0x04, 0x0c, 0x11, 0x0f, 0x0a, 0x11, 0xbc, 0x01, 0x14, 0x11, 0x02, 0x16,
    0x0f, 0x04, 0x1d, 0x24, 0x18, 0x01, 0x18, 0x24, 0x1d, 0x04, 0x4c, 0x04, 0x1d, 0x24, 0x18, 0x18,
    0x24, 0x1d, 0x04, 0x30, 0x1b, 0x01, 0x0e, 0x14, 0x06, 0x08, 0x15, 0x1b, 0x19, 0x0f, 0x2e, 0x09,
    0x0e, 0x07, 0x04, 0x0c, 0x11, 0x0f, 0x0a, 0x11, 0x9d, 0x09, 0x0e, 0x07, 0x04, 0x0c, 0x11, 0x0f,
    0x0a, 0x11, 0x24, 0x09, 0x10, 0x10, 0x0d, 0x03, 0x07, 0x0e, 0x08, 0x0c, 0x10, 0x00, 0x00, 0x00,
    0x00, 0x06, 0x00, 0x00, 0x00, 0x00, 0x01, 0x1a, 0x01, 0x1a, 0x00, 0x11, 0x00, 0x1a, 0x00, 0x32,
    0x00, 0x3b, 0x00, 0x44, 0x00, 0x61, 0x00, 0x00, 0x37, 0x35, 0x34, 0x26, 0x22, 0x06, 0x1d, 0x01,
    0x0e, 0x01, 0x15, 0x14, 0x16, 0x32, 0x36, 0x35, 0x34, 0x26, 0x07, 0x22, 0x26, 0x34, 0x36, 0x32,
    0x16, 0x14, 0x06, 0x27, 0x34, 0x26, 0x22, 0x06, 0x15, 0x14, 0x16, 0x17, 0x15, 0x0e, 0x01, 0x15,
    0x14, 0x16, 0x32, 0x36, 0x35, 0x34, 0x26, 0x27, 0x35, 0x3e, 0x01, 0x07, 0x14, 0x06, 0x22, 0x26,
    0x34, 0x36, 0x32, 0x16, 0x27, 0x22, 0x26, 0x34, 0x36, 0x32, 0x16, 0x14, 0x06, 0x3f, 0x01, 0x27,
    0x26, 0x34, 0x36, 0x32, 0x1f, 0x01, 0x37, 0x36, 0x32, 0x16, 0x14, 0x0f, 0x01, 0x17, 0x16, 0x14,
    0x06, 0x22, 0x2f, 0x01, 0x07, 0x06, 0x22, 0x26, 0x34, 0x37, 0xf4, 0x06, 0x08, 0x05, 0x10, 0x15,
    0x1b, 0x27, 0x1b, 0x15, 0x1a, 0x0b, 0x11, 0x11, 0x17, 0x11, 0x11, 0x85, 0x1c, 0x27, 0x1b, 0x15,
    0x10, 0x10, 0x15, 0x1b, 0x27, 0x1b, 0x15, 0x10, 0x10, 0x16, 0x13, 0x11, 0x17, 0x10, 0x10, 0x17,
    0x11, 0x1c, 0x0c, 0x10, 0x10, 0x17, 0x11, 0x11, 0x7b, 0x15, 0x15, 0x03, 0x05, 0x08, 0x03, 0x15,
    0x16, 0x03, 0x07, 0x06, 0x03, 0x15, 0x15, 0x03, 0x06, 0x07, 0x03, 0x16, 0x15, 0x03, 0x08, 0x05,
    0x03, 0x70, 0x2f, 0x04, 0x06, 0x06, 0x04, 0x2f, 0x04, 0x1a, 0x10, 0x14, 0x1b, 0x1b, 0x14, 0x10,
    0x1a, 0x46, 0x10, 0x17, 0x11, 0x11, 0x17, 0x10, 0xc4, 0x14, 0x1b, 0x1b, 0x14, 0x10, 0x1a, 0x04,
    0x4c, 0x04, 0x1a, 0x10, 0x14, 0x1b, 0x1b, 0x14, 0x10, 0x1a, 0x04, 0x4c, 0x04, 0x1a, 0x98, 0x0c,
    0x10, 0x10, 0x17, 0x11, 0x11, 0x81, 0x11, 0x17, 0x11, 0x11, 0x17, 0x11, 0x07, 0x15, 0x16, 0x03,
    0x07, 0x06, 0x03, 0x15, 0x15, 0x03, 0x06, 0x07, 0x03, 0x16, 0x15, 0x03, 0x08, 0x05, 0x03, 0x15,
    0x15, 0x03, 0x05, 0x08, 0x03, 0x00, 0x00, 0x00, 0x00, 0x06, 0x00, 0x00, 0x00, 0x00, 0x01, 0x2c,
    0x01, 0x1a, 0x00, 0x1c, 0x00, 0x34, 0x00, 0x3d, 0x00, 0x46, 0x00, 0x53, 0x00, 0x70, 0x00, 0x00,
    0x37, 0x26, 0x34, 0x3f, 0x01, 0x36, 0x32, 0x16, 0x14, 0x0f, 0x01, 0x33, 0x32, 0x16, 0x1d, 0x01,
    0x26, 0x27, 0x35, 0x34, 0x26, 0x2b, 0x01, 0x17, 0x16, 0x14, 0x06, 0x22, 0x27, 0x07, 0x15, 0x1e,
    0x01, 0x15, 0x14, 0x06, 0x22, 0x26, 0x35, 0x34, 0x36, 0x37, 0x35, 0x2e, 0x01, 0x35, 0x34, 0x36,
    0x32, 0x16, 0x15, 0x14, 0x06, 0x07, 0x22, 0x06, 0x14, 0x16, 0x32, 0x36, 0x34, 0x26, 0x37, 0x34,
    0x26, 0x22, 0x06, 0x14, 0x16, 0x32, 0x36, 0x17, 0x14, 0x0e, 0x01, 0x22, 0x2e, 0x01, 0x34, 0x3e,
    0x01, 0x32, 0x1e, 0x01, 0x07, 0x34, 0x26, 0x2b, 0x01, 0x35, 0x34, 0x26, 0x22, 0x06, 0x1d, 0x01,
    0x23, 0x22, 0x06, 0x14, 0x16, 0x3b, 0x01, 0x15, 0x14, 0x16, 0x32, 0x36, 0x3d, 0x01, 0x33, 0x32,
    0x36, 0x86, 0x03, 0x03, 0x26, 0x02, 0x08, 0x06, 0x03, 0x16, 0x22, 0x13, 0x1c, 0x0a, 0x09, 0x10,
    0x0c, 0x22, 0x16, 0x03, 0x06, 0x08, 0x02, 0x61, 0x10, 0x16, 0x1c, 0x27, 0x1b, 0x15, 0x10, 0x10,
    0x15, 0x1b, 0x27, 0x1c, 0x16, 0x19, 0x0c, 0x10, 0x10, 0x17, 0x11, 0x11, 0x11, 0x11, 0x17, 0x10,
    0x10, 0x17, 0x11, 0xce, 0x17, 0x26, 0x2e, 0x27, 0x17, 0x17, 0x27, 0x2e, 0x26, 0x17, 0x1c, 0x06,
    0x04, 0x25, 0x05, 0x08, 0x06, 0x25, 0x04, 0x06, 0x06, 0x04, 0x25, 0x06, 0x08, 0x05, 0x26, 0x03,
    0x06, 0xe4, 0x02, 0x08, 0x03, 0x25, 0x03, 0x05, 0x08, 0x03, 0x15, 0x1c, 0x13, 0x0d, 0x02, 0x01,
    0x0a, 0x0c, 0x10, 0x16, 0x02, 0x08, 0x05, 0x02, 0x02, 0x4c, 0x04, 0x1a, 0x10, 0x14, 0x1b, 0x1b,
    0x14, 0x10, 0x1a, 0x04, 0x4c, 0x04, 0x1a, 0x10, 0x14, 0x1b, 0x1b, 0x14, 0x10, 0x1a, 0x62, 0x11,
    0x17, 0x10, 0x10, 0x17, 0x11, 0x8c, 0x0c, 0x11, 0x11, 0x17, 0x11, 0x11, 0x8b, 0x17, 0x26, 0x17,
    0x17, 0x26, 0x2e, 0x27, 0x17, 0x17, 0x27, 0x17, 0x04, 0x06, 0x25, 0x04, 0x06, 0x06, 0x04, 0x25,
    0x06, 0x08, 0x05, 0x25, 0x04, 0x06, 0x06, 0x04, 0x25, 0x05, 0x00, 0x00, 0x00, 0x06, 0x00, 0x00,
    0x00, 0x00, 0x01, 0x2c, 0x01, 0x1a, 0x00, 0x0c, 0x00, 0x1e, 0x00, 0x37, 0x00, 0x40, 0x00, 0x49,
    0x00, 0x66, 0x00, 0x00, 0x37, 0x32, 0x1e, 0x01, 0x14, 0x0e, 0x01, 0x22, 0x2e, 0x01, 0x34, 0x3e,
    0x01, 0x17, 0x26, 0x22, 0x0f, 0x01, 0x27, 0x26, 0x22, 0x06, 0x14, 0x1f, 0x01, 0x16, 0x32, 0x3f,
    0x01, 0x36, 0x34, 0x27, 0x32, 0x16, 0x15, 0x14, 0x06, 0x07, 0x15, 0x1e, 0x01, 0x15, 0x14, 0x06,
    0x22, 0x26, 0x35, 0x34, 0x36, 0x37, 0x35, 0x2e, 0x01, 0x35, 0x34, 0x36, 0x17, 0x22, 0x06, 0x14,
    0x16, 0x32, 0x36, 0x34, 0x26, 0x27, 0x22, 0x06, 0x14, 0x16, 0x32, 0x36, 0x34, 0x26, 0x37, 0x36,
    0x32, 0x16, 0x14, 0x0f, 0x01, 0x33, 0x32, 0x16, 0x1d, 0x01, 0x26, 0x27, 0x35, 0x34, 0x26, 0x2b,
    0x01, 0x17, 0x16, 0x14, 0x06, 0x22, 0x2f, 0x01, 0x26, 0x34, 0x37, 0xd8, 0x17, 0x26, 0x17, 0x17,
    0x26, 0x2e, 0x27, 0x17, 0x17, 0x27, 0x43, 0x03, 0x08, 0x03, 0x28, 0x15, 0x03, 0x08, 0x05, 0x02,
    0x1d, 0x02, 0x08, 0x03, 0x2f, 0x02, 0xc4, 0x13, 0x1c, 0x16, 0x10, 0x10, 0x16, 0x1c, 0x27, 0x1b,
    0x15, 0x10, 0x10, 0x15, 0x1b, 0x14, 0x0c, 0x10, 0x10, 0x17, 0x11, 0x11, 0x0b, 0x0c, 0x10, 0x10,
    0x17, 0x11, 0x11, 0x5f, 0x02, 0x08, 0x05, 0x02, 0x16, 0x22, 0x13, 0x1c, 0x0a, 0x09, 0x10, 0x0c,
    0x22, 0x16, 0x02, 0x05, 0x08, 0x02, 0x26, 0x03, 0x03, 0xa9, 0x17, 0x27, 0x2e, 0x26, 0x17, 0x17,
    0x26, 0x2e, 0x27, 0x17, 0x3b, 0x02, 0x02, 0x28, 0x15, 0x03, 0x06, 0x08, 0x02, 0x1c, 0x03, 0x03,
    0x2e, 0x03, 0x08, 0xae, 0x1b, 0x14, 0x10, 0x1a, 0x04, 0x4c, 0x04, 0x1a, 0x10, 0x14, 0x1b, 0x1b,
    0x14, 0x10, 0x1a, 0x04, 0x4c, 0x04, 0x1a, 0x10, 0x14, 0x1b, 0xbb, 0x11, 0x17, 0x10, 0x10, 0x17,
    0x11, 0xa9, 0x11, 0x17, 0x11, 0x11, 0x17, 0x11, 0x0f, 0x03, 0x05, 0x08, 0x03, 0x15, 0x1c, 0x13,
    0x0d, 0x02, 0x01, 0x0a, 0x0c, 0x10, 0x16, 0x02, 0x08, 0x05, 0x02, 0x26, 0x02, 0x08, 0x03, 0x00,
    0x00, 0x07, 0x00, 0x00, 0x00, 0x00, 0x01, 0x1a, 0x01, 0x1a, 0x00, 0x17, 0x00, 0x20, 0x00, 0x29,
    0x00, 0x33, 0x00, 0x3c, 0x00, 0x45, 0x00, 0x4e, 0x00, 0x00, 0x37, 0x34, 0x26, 0x22, 0x06, 0x15,
    0x14, 0x16, 0x17, 0x15, 0x0e, 0x01, 0x15, 0x14, 0x16, 0x32, 0x36, 0x35, 0x34, 0x26, 0x27, 0x35,
    0x3e, 0x01, 0x07, 0x14, 0x06, 0x22, 0x26, 0x34, 0x36, 0x32, 0x16, 0x27, 0x22, 0x26, 0x34, 0x36,
    0x32, 0x16, 0x14, 0x06, 0x17, 0x22, 0x06, 0x14, 0x16, 0x32, 0x36, 0x34, 0x26, 0x07, 0x15, 0x22,
    0x26, 0x34, 0x36, 0x32, 0x16, 0x14, 0x06, 0x27, 0x34, 0x36, 0x32, 0x16, 0x14, 0x06, 0x22, 0x26,
    0x35, 0x34, 0x36, 0x32, 0x16, 0x14, 0x06, 0x22, 0x26, 0x71, 0x1c, 0x27, 0x1b, 0x15, 0x10, 0x10,
    0x15, 0x1b, 0x27, 0x1b, 0x15, 0x10, 0x10, 0x16, 0x13, 0x11, 0x17, 0x10, 0x10, 0x17, 0x11, 0x1c,
    0x0c, 0x10, 0x10, 0x17, 0x11, 0x11, 0x9d, 0x13, 0x1b, 0x1b, 0x27, 0x1b, 0x1b, 0x14, 0x0b, 0x11,
    0x11, 0x17, 0x11, 0x11, 0x1e, 0x0b, 0x0f, 0x0b, 0x0b, 0x0f, 0x0b, 0x0b, 0x0f, 0x0b, 0x0b, 0x0f,
    0x0b, 0xea, 0x14, 0x1b, 0x1b, 0x14, 0x10, 0x1a, 0x04, 0x4c, 0x04, 0x1a, 0x10, 0x14, 0x1b, 0x1b,
    0x14, 0x10, 0x1a, 0x04, 0x4c, 0x04, 0x1a, 0x98, 0x0c, 0x10, 0x10, 0x17, 0x11, 0x11, 0x81, 0x11,
    0x17, 0x11, 0x11, 0x17, 0x11, 0x5d, 0x1c, 0x27, 0x1b, 0x1b, 0x27, 0x1c, 0x01, 0x4a, 0x10, 0x17,
    0x11, 0x11, 0x17, 0x10, 0x79, 0x08, 0x0b, 0x0b, 0x0f, 0x0b, 0x0b, 0x52, 0x08, 0x0b, 0x0b, 0x0f,
    0x0b, 0x0b, 0x00, 0x00, 0x00, 0x04, 0x00, 0x00, 0x00, 0x00, 0x00, 0xf4, 0x01, 0x2d, 0x00, 0x22,
    0x00, 0x2e, 0x00, 0x4b, 0x00, 0x6e, 0x00, 0x00, 0x13, 0x32, 0x1f, 0x01, 0x16, 0x1d, 0x01, 0x14,
    0x06, 0x2b, 0x01, 0x22, 0x26, 0x3d, 0x01, 0x33, 0x15, 0x14, 0x16, 0x3b, 0x01, 0x32, 0x36, 0x3d,
    0x01, 0x34, 0x2f, 0x01, 0x26, 0x2b, 0x01, 0x35, 0x26, 0x2f, 0x01, 0x17, 0x32, 0x16, 0x14, 0x06,
    0x2b, 0x01, 0x22, 0x26, 0x34, 0x36, 0x33, 0x37, 0x32, 0x16, 0x1d, 0x01, 0x33, 0x32, 0x16, 0x14,
    0x06, 0x2b, 0x01, 0x15, 0x14, 0x06, 0x22, 0x26, 0x3d, 0x01, 0x23, 0x22, 0x26, 0x34, 0x36, 0x3b,
    0x01, 0x35, 0x34, 0x36, 0x27, 0x32, 0x1f, 0x01, 0x1e, 0x01, 0x14, 0x06, 0x0f, 0x01, 0x06, 0x22,
    0x26, 0x34, 0x3f, 0x01, 0x23, 0x22, 0x06, 0x1d, 0x01, 0x14, 0x06, 0x22, 0x26, 0x3d, 0x01, 0x34,
    0x36, 0x3b, 0x01, 0x27, 0x26, 0x34, 0x36, 0xa1, 0x0c, 0x08, 0x36, 0x09, 0x16, 0x10, 0x83, 0x10,
    0x16, 0x13, 0x0b, 0x08, 0x83, 0x08, 0x0b, 0x03, 0x36, 0x03, 0x04, 0x0d, 0x02, 0x04, 0x08, 0x2c,
    0x04, 0x05, 0x05, 0x04, 0x4b, 0x04, 0x05, 0x05, 0x04, 0x26, 0x04, 0x05, 0x1c, 0x04, 0x05, 0x05,
    0x04, 0x1c, 0x05, 0x08, 0x06, 0x1c, 0x04, 0x05, 0x05, 0x04, 0x1c, 0x06, 0x35, 0x04, 0x03, 0x26,
    0x01, 0x01, 0x01, 0x01, 0x26, 0x03, 0x07, 0x06, 0x03, 0x15, 0x34, 0x0c, 0x10, 0x06, 0x08, 0x05,
    0x1b, 0x14, 0x34, 0x15, 0x03, 0x06, 0x01, 0x19, 0x08, 0x37, 0x08, 0x0b, 0x8f, 0x0f, 0x16, 0x16,
    0x0f, 0x96, 0x96, 0x07, 0x0b, 0x0b, 0x07, 0x8f, 0x03, 0x03, 0x37, 0x03, 0x01, 0x05, 0x04, 0x08,
    0xbb, 0x06, 0x07, 0x06, 0x06, 0x07, 0x06, 0x83, 0x05, 0x04, 0x1c, 0x06, 0x08, 0x05, 0x1c, 0x04,
    0x06, 0x06, 0x04, 0x1c, 0x05, 0x08, 0x06, 0x1c, 0x04, 0x05, 0x4b, 0x03, 0x25, 0x02, 0x03, 0x04,
    0x03, 0x02, 0x25, 0x03, 0x06, 0x07, 0x03, 0x16, 0x11, 0x0b, 0x13, 0x04, 0x06, 0x06, 0x04, 0x13,
    0x13, 0x1b, 0x16, 0x03, 0x07, 0x06, 0x00, 0x00, 0x00, 0x04, 0x00, 0x00, 0x00, 0x00, 0x01, 0x1a,
    0x01, 0x1a, 0x00, 0x21, 0x00, 0x3d, 0x00, 0x47, 0x00, 0x50, 0x00, 0x00, 0x37, 0x27, 0x26, 0x2b,
    0x01, 0x22, 0x06, 0x07, 0x15, 0x1e, 0x01, 0x3b, 0x01, 0x26, 0x27, 0x23, 0x22, 0x26, 0x3d, 0x01,
    0x34, 0x36, 0x3b, 0x01, 0x32, 0x1f, 0x01, 0x16, 0x1d, 0x01, 0x32, 0x17, 0x35, 0x34, 0x07, 0x23,
    0x35, 0x34, 0x26, 0x22, 0x06, 0x1d, 0x01, 0x23, 0x22, 0x06, 0x14, 0x16, 0x3b, 0x01, 0x15, 0x14,
    0x16, 0x32, 0x36, 0x3d, 0x01, 0x33, 0x32, 0x3e, 0x01, 0x26, 0x07, 0x14, 0x16, 0x3b, 0x01, 0x34,
    0x37, 0x23, 0x22, 0x06, 0x17, 0x32, 0x36, 0x34, 0x26, 0x22, 0x06, 0x14, 0x16, 0xec, 0x37, 0x08,
    0x0c, 0x56, 0x10, 0x15, 0x01, 0x01, 0x15, 0x10, 0x65, 0x09, 0x07, 0x55, 0x08, 0x0b, 0x0b, 0x08,
    0x56, 0x04, 0x03, 0x36, 0x03, 0x09, 0x0a, 0x42, 0x1c, 0x05, 0x08, 0x06, 0x1c, 0x04, 0x05, 0x05,
    0x04, 0x1c, 0x06, 0x08, 0x05, 0x1c, 0x04, 0x05, 0x01, 0x06, 0x58, 0x05, 0x04, 0x2f, 0x03, 0x32,
    0x04, 0x05, 0x83, 0x17, 0x21, 0x21, 0x2e, 0x21, 0x21, 0xda, 0x37, 0x08, 0x16, 0x0f, 0xbc, 0x0f,
    0x16, 0x08, 0x0b, 0x0b, 0x07, 0xbc, 0x08, 0x0b, 0x03, 0x37, 0x03, 0x03, 0x31, 0x03, 0x33, 0x0c,
    0x16, 0x1c, 0x04, 0x05, 0x05, 0x04, 0x1c, 0x06, 0x08, 0x05, 0x1c, 0x04, 0x06, 0x06, 0x04, 0x1c,
    0x05, 0x08, 0x06, 0x68, 0x03, 0x06, 0x08, 0x0b, 0x06, 0x45, 0x21, 0x2e, 0x21, 0x21, 0x2e, 0x21,
    0x00, 0x05, 0x00, 0x00, 0x00, 0x00, 0x01, 0x1a, 0x01, 0x1a, 0x00, 0x25, 0x00, 0x2e, 0x00, 0x46,
    0x00, 0x4f, 0x00, 0x58, 0x00, 0x00, 0x37, 0x35, 0x34, 0x26, 0x2b, 0x01, 0x37, 0x36, 0x34, 0x26,
    0x22, 0x0f, 0x01, 0x06, 0x14, 0x1f, 0x01, 0x16, 0x32, 0x36, 0x34, 0x2f, 0x01, 0x33, 0x32, 0x16,
    0x1d, 0x01, 0x0e, 0x01, 0x15, 0x14, 0x16, 0x32, 0x36, 0x35, 0x34, 0x26, 0x07, 0x22, 0x26, 0x34,
    0x36, 0x32, 0x16, 0x14, 0x06, 0x27, 0x34, 0x26, 0x22, 0x06, 0x15, 0x14, 0x16, 0x17, 0x15, 0x0e,
    0x01, 0x15, 0x14, 0x16, 0x32, 0x36, 0x35, 0x34, 0x26, 0x27, 0x35, 0x3e, 0x01, 0x27, 0x34, 0x36,
    0x32, 0x16, 0x14, 0x06, 0x22, 0x26, 0x17, 0x14, 0x06, 0x22, 0x26, 0x34, 0x36, 0x32, 0x16, 0xf4,
    0x1c, 0x13, 0x22, 0x16, 0x03, 0x06, 0x08, 0x02, 0x26, 0x03, 0x03, 0x26, 0x02, 0x08, 0x06, 0x03,
    0x16, 0x22, 0x0c, 0x10, 0x10, 0x15, 0x1b, 0x27, 0x1b, 0x15, 0x1a, 0x0b, 0x11, 0x11, 0x17, 0x11,
    0x11, 0x85, 0x1c, 0x27, 0x1b, 0x15, 0x10, 0x10, 0x15, 0x1b, 0x27, 0x1b, 0x15, 0x10, 0x10, 0x16,
    0x4b, 0x10, 0x17, 0x11, 0x11, 0x17, 0x10, 0x38, 0x11, 0x17, 0x10, 0x10, 0x17, 0x11, 0x70, 0x55,
    0x13, 0x1c, 0x15, 0x03, 0x08, 0x05, 0x03, 0x25, 0x03, 0x08, 0x02, 0x26, 0x02, 0x05, 0x08, 0x02,
    0x16, 0x10, 0x0c, 0x55, 0x04, 0x1a, 0x10, 0x14, 0x1b, 0x1b, 0x14, 0x10, 0x1a, 0x46, 0x10, 0x17,
    0x11, 0x11, 0x17, 0x10, 0xc4, 0x14, 0x1b, 0x1b, 0x14, 0x10, 0x1a, 0x04, 0x4c, 0x04, 0x1a, 0x10,
    0x14, 0x1b, 0x1b, 0x14, 0x10, 0x1a, 0x04, 0x4c, 0x04, 0x1a, 0x10, 0x0c, 0x11, 0x11, 0x17, 0x11,
    0x11, 0x9d, 0x0c, 0x10, 0x10, 0x17, 0x11, 0x11, 0x00, 0x05, 0x00, 0x00, 0x00, 0x00, 0x01, 0x1a,
    0x01, 0x1a, 0x00, 0x1b, 0x00, 0x2b, 0x00, 0x44, 0x00, 0x4d, 0x00, 0x56, 0x00, 0x00, 0x25, 0x23,
    0x22, 0x06, 0x15, 0x14, 0x06, 0x22, 0x26, 0x35, 0x34, 0x26, 0x2b, 0x01, 0x22, 0x06, 0x1d, 0x01,
    0x14, 0x16, 0x3b, 0x01, 0x32, 0x36, 0x3d, 0x01, 0x34, 0x26, 0x07, 0x14, 0x06, 0x2b, 0x01, 0x22,
    0x26, 0x3d, 0x01, 0x33, 0x1e, 0x01, 0x32, 0x36, 0x37, 0x33, 0x27, 0x26, 0x34, 0x3f, 0x01, 0x36,
    0x32, 0x1f, 0x01, 0x16, 0x14, 0x06, 0x22, 0x2f, 0x01, 0x15, 0x14, 0x06, 0x22, 0x26, 0x3d, 0x01,
    0x07, 0x06, 0x22, 0x17, 0x14, 0x06, 0x22, 0x26, 0x34, 0x36, 0x32, 0x16, 0x15, 0x14, 0x06, 0x22,
    0x26, 0x34, 0x36, 0x32, 0x16, 0x01, 0x10, 0x4b, 0x04, 0x05, 0x16, 0x20, 0x15, 0x06, 0x04, 0x4b,
    0x04, 0x05, 0x1b, 0x14, 0xa8, 0x14, 0x1b, 0x05, 0x0d, 0x11, 0x0c, 0xa8, 0x0c, 0x10, 0x39, 0x03,
    0x1f, 0x2a, 0x1f, 0x03, 0x3a, 0x9d, 0x03, 0x03, 0x25, 0x03, 0x08, 0x03, 0x25, 0x03, 0x06, 0x07,
    0x03, 0x16, 0x05, 0x08, 0x05, 0x16, 0x03, 0x07, 0x32, 0x05, 0x08, 0x05, 0x05, 0x08, 0x05, 0x05,
    0x08, 0x05, 0x05, 0x08, 0x05, 0x96, 0x05, 0x04, 0x10, 0x16, 0x16, 0x10, 0x04, 0x05, 0x05, 0x04,
    0x4b, 0x14, 0x1b, 0x1b, 0x14, 0x4b, 0x04, 0x05, 0x54, 0x0c, 0x10, 0x10, 0x0c, 0x41, 0x14, 0x1b,
    0x1b, 0x14, 0x61, 0x02, 0x08, 0x03, 0x25, 0x03, 0x03, 0x25, 0x03, 0x08, 0x05, 0x03, 0x15, 0x0f,
    0x04, 0x05, 0x05, 0x04, 0x0f, 0x15, 0x03, 0x1c, 0x04, 0x05, 0x05, 0x08, 0x05, 0x05, 0x2a, 0x04,
    0x05, 0x05, 0x08, 0x06, 0x06, 0x00, 0x00, 0x00, 0x00, 0x03, 0x00, 0x00, 0x00, 0x00, 0x01, 0x1a,
    0x01, 0x1a, 0x00, 0x1b, 0x00, 0x2b, 0x00, 0x43, 0x00, 0x00, 0x37, 0x32, 0x16, 0x15, 0x14, 0x16,
    0x32, 0x36, 0x35, 0x3e, 0x01, 0x3b, 0x01, 0x32, 0x16, 0x1d, 0x01, 0x14, 0x06, 0x2b, 0x01, 0x22,
    0x26, 0x3d, 0x01, 0x34, 0x36, 0x33, 0x17, 0x15, 0x14, 0x16, 0x3b, 0x01, 0x32, 0x36, 0x3d, 0x01,
    0x23, 0x0e, 0x01, 0x22, 0x26, 0x27, 0x37, 0x36, 0x32, 0x1f, 0x01, 0x16, 0x14, 0x06, 0x22, 0x2f,
    0x01, 0x15, 0x14, 0x06, 0x22, 0x26, 0x3d, 0x01, 0x07, 0x06, 0x22, 0x26, 0x34, 0x37, 0x67, 0x04,
    0x06, 0x15, 0x20, 0x15, 0x01, 0x05, 0x04, 0x4b, 0x04, 0x05, 0x1b, 0x14, 0xa8, 0x14, 0x1b, 0x05,
    0x04, 0x0a, 0x10, 0x0c, 0xa8, 0x0c, 0x10, 0x39, 0x03, 0x1f, 0x2a, 0x1f, 0x03, 0x30, 0x03, 0x08,
    0x03, 0x25, 0x03, 0x06, 0x07, 0x03, 0x16, 0x05, 0x08, 0x05, 0x16, 0x03, 0x07, 0x06, 0x03, 0x96,
    0x05, 0x04, 0x10, 0x16, 0x16, 0x10, 0x04, 0x05, 0x05, 0x04, 0x4b, 0x14, 0x1b, 0x1b, 0x14, 0x4b,
    0x04, 0x05, 0x13, 0x41, 0x0c, 0x11, 0x11, 0x0c, 0x41, 0x14, 0x1b, 0x1b, 0x14, 0x94, 0x02, 0x02,
    0x26, 0x03, 0x07, 0x06, 0x03, 0x15, 0x5a, 0x04, 0x05, 0x05, 0x04, 0x5a, 0x15, 0x03, 0x06, 0x07,
    0x03, 0x00, 0x00, 0x00, 0x00, 0x03, 0x00, 0x00, 0x00, 0x00, 0x01, 0x1a, 0x01, 0x1a, 0x00, 0x1b,
    0x00, 0x2b, 0x00, 0x44, 0x00, 0x00, 0x25, 0x23, 0x22, 0x06, 0x15, 0x14, 0x06, 0x22, 0x26, 0x35,
    0x34, 0x26, 0x2b, 0x01, 0x22, 0x06, 0x1d, 0x01, 0x14, 0x16, 0x3b, 0x01, 0x32, 0x36, 0x3d, 0x01,
    0x34, 0x26, 0x07, 0x14, 0x06, 0x2b, 0x01, 0x22, 0x26, 0x3d, 0x01, 0x33, 0x1e, 0x01, 0x32, 0x36,
    0x37, 0x33, 0x27, 0x26, 0x34, 0x36, 0x32, 0x1f, 0x01, 0x35, 0x34, 0x36, 0x32, 0x16, 0x1d, 0x01,
    0x37, 0x36, 0x32, 0x16, 0x14, 0x0f, 0x01, 0x06, 0x22, 0x2f, 0x01, 0x01, 0x10, 0x4b, 0x04, 0x05,
    0x16, 0x20, 0x15, 0x06, 0x04, 0x4b, 0x04, 0x05, 0x1b, 0x14, 0xa8, 0x14, 0x1b, 0x05, 0x0d, 0x11,
    0x0c, 0xa8, 0x0c, 0x10, 0x39, 0x03, 0x1f, 0x2a, 0x1f, 0x03, 0x3a, 0x9d, 0x03, 0x06, 0x07, 0x03,
    0x16, 0x05, 0x08, 0x05, 0x16, 0x03, 0x07, 0x06, 0x03, 0x25, 0x03, 0x08, 0x03, 0x25, 0x96, 0x05,
    0x04, 0x10, 0x16, 0x16, 0x10, 0x04, 0x05, 0x05, 0x04, 0x4b, 0x14, 0x1b, 0x1b, 0x14, 0x4b, 0x04,
    0x05, 0x54, 0x0c, 0x10, 0x10, 0x0c, 0x41, 0x14, 0x1b, 0x1b, 0x14, 0x3b, 0x03, 0x08, 0x05, 0x03,
    0x15, 0x5a, 0x04, 0x05, 0x05, 0x04, 0x5a, 0x15, 0x03, 0x05, 0x08, 0x03, 0x25, 0x03, 0x03, 0x25,
    0x00, 0x04, 0x00, 0x00, 0xff, 0xff, 0x01, 0x22, 0x00, 0xf4, 0x00, 0x1d, 0x00, 0x25, 0x00, 0x2e,
    0x00, 0x45, 0x00, 0x00, 0x37, 0x07, 0x06, 0x17, 0x23, 0x22, 0x26, 0x3d, 0x01, 0x3e, 0x01, 0x3b,
    0x01, 0x32, 0x16, 0x1d, 0x01, 0x27, 0x35, 0x34, 0x26, 0x2b, 0x01, 0x22, 0x06, 0x1d, 0x01, 0x14,
    0x16, 0x33, 0x37, 0x22, 0x26, 0x34, 0x36, 0x3b, 0x01, 0x0f, 0x01, 0x14, 0x16, 0x3b, 0x01, 0x37,
    0x23, 0x22, 0x06, 0x17, 0x32, 0x16, 0x0f, 0x01, 0x06, 0x22, 0x26, 0x3f, 0x01, 0x23, 0x22, 0x26,
    0x3f, 0x01, 0x3e, 0x01, 0x3b, 0x01, 0x32, 0x16, 0x0f, 0x01, 0x98, 0x01, 0x02, 0x03, 0x4d, 0x10,
    0x16, 0x01, 0x15, 0x10, 0x96, 0x10, 0x15, 0x12, 0x0b, 0x08, 0x96, 0x08, 0x0b, 0x0b, 0x08, 0x09,
    0x04, 0x05, 0x05, 0x04, 0x5b, 0x06, 0x5e, 0x05, 0x04, 0x49, 0x06, 0x4f, 0x03, 0x06, 0xcc, 0x06,
    0x05, 0x04, 0x48, 0x06, 0x12, 0x0b, 0x03, 0x0e, 0x12, 0x05, 0x05, 0x01, 0x18, 0x01, 0x04, 0x04,
    0x3a, 0x05, 0x06, 0x02, 0x10, 0x5e, 0x01, 0x09, 0x09, 0x16, 0x0f, 0x5e, 0x10, 0x16, 0x16, 0x10,
    0x13, 0x01, 0x12, 0x08, 0x0b, 0x0b, 0x08, 0x5d, 0x08, 0x0b, 0x38, 0x05, 0x08, 0x06, 0x13, 0x1c,
    0x04, 0x06, 0x13, 0x05, 0x0d, 0x0b, 0x05, 0x5a, 0x07, 0x0f, 0x08, 0x34, 0x08, 0x04, 0x4b, 0x03,
    0x04, 0x08, 0x05, 0x2b, 0x00, 0x01, 0x00, 0x00, 0x00, 0x00, 0x01, 0x0d, 0x01, 0x1b, 0x00, 0x6b,
    0x00, 0x00, 0x37, 0x16, 0x15, 0x14, 0x07, 0x06, 0x07, 0x16, 0x1d, 0x01, 0x14, 0x06, 0x22, 0x26,
    0x3d, 0x01, 0x36, 0x27, 0x37, 0x36, 0x37, 0x36, 0x37, 0x36, 0x35, 0x34, 0x2f, 0x01, 0x36, 0x27,
    0x31, 0x06, 0x0f, 0x01, 0x26, 0x07, 0x27, 0x26, 0x23, 0x06, 0x17, 0x07, 0x0e, 0x01, 0x15, 0x14,
    0x17, 0x16, 0x17, 0x16, 0x1f, 0x01, 0x06, 0x17, 0x15, 0x14, 0x06, 0x22, 0x26, 0x3d, 0x01, 0x06,
    0x27, 0x26, 0x27, 0x26, 0x2f, 0x01, 0x26, 0x23, 0x2e, 0x01, 0x3e, 0x01, 0x17, 0x16, 0x17, 0x16,
    0x1f, 0x01, 0x16, 0x17, 0x16, 0x37, 0x35, 0x26, 0x37, 0x26, 0x27, 0x26, 0x35, 0x34, 0x37, 0x26,
    0x3f, 0x01, 0x36, 0x17, 0x16, 0x17, 0x36, 0x17, 0x36, 0x37, 0x36, 0x1f, 0x01, 0x16, 0xfc, 0x11,
    0x16, 0x11, 0x1f, 0x05, 0x04, 0x07, 0x05, 0x02, 0x0b, 0x06, 0x14, 0x0d, 0x10, 0x09, 0x0b, 0x10,
    0x02, 0x07, 0x06, 0x10, 0x13, 0x06, 0x28, 0x27, 0x07, 0x19, 0x0b, 0x05, 0x07, 0x03, 0x08, 0x08,
    0x0a, 0x08, 0x11, 0x0d, 0x15, 0x04, 0x0a, 0x01, 0x04, 0x08, 0x05, 0x11, 0x0c, 0x0b, 0x08, 0x06,
    0x07, 0x08, 0x04, 0x04, 0x01, 0x02, 0x01, 0x06, 0x03, 0x07, 0x06, 0x03, 0x06, 0x02, 0x0a, 0x07,
    0x0c, 0x14, 0x01, 0x07, 0x1f, 0x11, 0x17, 0x10, 0x05, 0x08, 0x06, 0x04, 0x09, 0x10, 0x14, 0x28,
    0x28, 0x13, 0x10, 0x0a, 0x04, 0x05, 0x09, 0xe6, 0x14, 0x1a, 0x2b, 0x16, 0x11, 0x05, 0x0a, 0x0f,
    0x2d, 0x04, 0x05, 0x05, 0x04, 0x2d, 0x0f, 0x0a, 0x0e, 0x03, 0x05, 0x08, 0x0e, 0x11, 0x1b, 0x16,
    0x11, 0x08, 0x11, 0x10, 0x03, 0x0d, 0x01, 0x09, 0x09, 0x01, 0x0f, 0x12, 0x0f, 0x09, 0x08, 0x14,
    0x0a, 0x1b, 0x11, 0x0e, 0x08, 0x05, 0x03, 0x0e, 0x0b, 0x0d, 0x2e, 0x04, 0x05, 0x05, 0x04, 0x19,
    0x03, 0x03, 0x03, 0x08, 0x04, 0x0a, 0x09, 0x04, 0x02, 0x05, 0x07, 0x03, 0x01, 0x02, 0x05, 0x03,
    0x07, 0x02, 0x0d, 0x04, 0x06, 0x04, 0x05, 0x0d, 0x0c, 0x06, 0x11, 0x16, 0x2a, 0x1a, 0x14, 0x18,
    0x15, 0x04, 0x02, 0x02, 0x03, 0x0c, 0x0a, 0x0a, 0x0d, 0x03, 0x02, 0x02, 0x04, 0x18, 0x00, 0x00,
    0x00, 0x01, 0x00, 0x00, 0x00, 0x00, 0x01, 0x2c, 0x01, 0x2d, 0x00, 0x51, 0x00, 0x00, 0x13, 0x22,
    0x0e, 0x01, 0x15, 0x14, 0x1e, 0x01, 0x17, 0x32, 0x36, 0x3d, 0x01, 0x06, 0x27, 0x26, 0x27, 0x31,
    0x2e, 0x01, 0x2f, 0x01, 0x26, 0x37, 0x36, 0x33, 0x31, 0x1e, 0x01, 0x1f, 0x01, 0x16, 0x17, 0x16,
    0x37, 0x36, 0x37, 0x26, 0x27, 0x26, 0x35, 0x34, 0x37, 0x31, 0x26, 0x37, 0x33, 0x32, 0x17, 0x16,
    0x17, 0x36, 0x33, 0x32, 0x17, 0x36, 0x37, 0x36, 0x3b, 0x01, 0x16, 0x0f, 0x01, 0x16, 0x15, 0x14,
    0x07, 0x06, 0x07, 0x16, 0x1d, 0x01, 0x14, 0x16, 0x33, 0x3e, 0x02, 0x35, 0x34, 0x2e, 0x01, 0x96,
    0x29, 0x45, 0x28, 0x1a, 0x2e, 0x1e, 0x05, 0x05, 0x1a, 0x0f, 0x07, 0x03, 0x02, 0x08, 0x03, 0x03,
    0x09, 0x04, 0x02, 0x04, 0x06, 0x0b, 0x03, 0x03, 0x09, 0x0e, 0x0a, 0x0a, 0x01, 0x08, 0x1e, 0x10,
    0x16, 0x10, 0x06, 0x08, 0x04, 0x06, 0x08, 0x0a, 0x0d, 0x0f, 0x17, 0x11, 0x14, 0x0d, 0x0a, 0x08,
    0x06, 0x04, 0x08, 0x05, 0x01, 0x10, 0x16, 0x0f, 0x1f, 0x0a, 0x05, 0x05, 0x1e, 0x2e, 0x1a, 0x29,
    0x45, 0x01, 0x2c, 0x28, 0x45, 0x29, 0x20, 0x3a, 0x2a, 0x0a, 0x04, 0x04, 0x19, 0x05, 0x0c, 0x06,
    0x07, 0x08, 0x0a, 0x03, 0x01, 0x06, 0x03, 0x01, 0x01, 0x07, 0x04, 0x04, 0x0f, 0x01, 0x01, 0x04,
    0x0c, 0x08, 0x04, 0x0d, 0x13, 0x27, 0x17, 0x11, 0x13, 0x14, 0x03, 0x04, 0x09, 0x05, 0x05, 0x09,
    0x04, 0x03, 0x13, 0x14, 0x01, 0x11, 0x17, 0x27, 0x12, 0x0d, 0x04, 0x08, 0x13, 0x29, 0x04, 0x04,
    0x0a, 0x2a, 0x3a, 0x20, 0x29, 0x45, 0x28, 0x00, 0x00, 0x05, 0x00, 0x00, 0x00, 0x00, 0x01, 0x07,
    0x01, 0x07, 0x00, 0x10, 0x00, 0x17, 0x00, 0x1e, 0x00, 0x25, 0x00, 0x2c, 0x00, 0x00, 0x13, 0x23,
    0x22, 0x06, 0x1d, 0x01, 0x14, 0x16, 0x3b, 0x01, 0x32, 0x36, 0x3d, 0x01, 0x36, 0x26, 0x23, 0x07,
    0x34, 0x36, 0x3b, 0x01, 0x15, 0x23, 0x17, 0x22, 0x26, 0x3d, 0x01, 0x33, 0x15, 0x37, 0x14, 0x06,
    0x2b, 0x01, 0x35, 0x33, 0x35, 0x23, 0x35, 0x33, 0x32, 0x16, 0x15, 0xd8, 0x84, 0x13, 0x1c, 0x1c,
    0x13, 0x84, 0x13, 0x1b, 0x01, 0x1c, 0x13, 0xa0, 0x11, 0x0b, 0x1d, 0x39, 0x1c, 0x0b, 0x11, 0x39,
    0x83, 0x11, 0x0b, 0x55, 0x71, 0x71, 0x55, 0x0b, 0x11, 0x01, 0x07, 0x1c, 0x13, 0x84, 0x13, 0x1c,
    0x1c, 0x13, 0x84, 0x13, 0x1b, 0x2e, 0x0b, 0x11, 0x38, 0x84, 0x11, 0x0b, 0x55, 0x71, 0x1c, 0x0b,
    0x11, 0x71, 0x13, 0x38, 0x11, 0x0b, 0x00, 0x00, 0x00, 0x02, 0xff, 0xfa, 0xff, 0xff, 0x01, 0x21,
    0x01, 0x26, 0x00, 0x0d, 0x00, 0x6f, 0x00, 0x00, 0x13, 0x22, 0x0e, 0x01, 0x1e, 0x02, 0x3e, 0x01,
    0x35, 0x34, 0x2e, 0x02, 0x13, 0x2b, 0x01, 0x2f, 0x01, 0x3d, 0x01, 0x34, 0x26, 0x27, 0x3e, 0x02,
    0x37, 0x36, 0x35, 0x34, 0x26, 0x27, 0x3e, 0x01, 0x34, 0x26, 0x2f, 0x01, 0x0e, 0x01, 0x0f, 0x02,
    0x26, 0x07, 0x2f, 0x01, 0x2e, 0x01, 0x27, 0x07, 0x0e, 0x01, 0x14, 0x16, 0x17, 0x0e, 0x01, 0x15,
    0x14, 0x17, 0x1e, 0x02, 0x17, 0x0e, 0x01, 0x15, 0x06, 0x22, 0x26, 0x2f, 0x02, 0x2e, 0x01, 0x2b,
    0x01, 0x07, 0x1f, 0x01, 0x16, 0x1f, 0x01, 0x1e, 0x01, 0x37, 0x33, 0x37, 0x1d, 0x01, 0x0f, 0x01,
    0x23, 0x2e, 0x03, 0x3e, 0x03, 0x32, 0x1e, 0x03, 0x0e, 0x02, 0x07, 0x90, 0x2c, 0x48, 0x22, 0x11,
    0x3e, 0x56, 0x50, 0x31, 0x16, 0x28, 0x35, 0x09, 0x01, 0x03, 0x02, 0x01, 0x04, 0x05, 0x0d, 0x16,
    0x0f, 0x03, 0x04, 0x07, 0x06, 0x01, 0x02, 0x03, 0x01, 0x03, 0x04, 0x08, 0x04, 0x08, 0x07, 0x1f,
    0x1f, 0x07, 0x08, 0x04, 0x08, 0x04, 0x03, 0x02, 0x02, 0x02, 0x01, 0x06, 0x07, 0x04, 0x03, 0x0f,
    0x16, 0x0c, 0x03, 0x04, 0x07, 0x0f, 0x0b, 0x03, 0x04, 0x04, 0x03, 0x05, 0x03, 0x04, 0x02, 0x01,
    0x08, 0x02, 0x02, 0x06, 0x03, 0x10, 0x0a, 0x06, 0x06, 0x02, 0x02, 0x03, 0x15, 0x23, 0x17, 0x08,
    0x07, 0x15, 0x22, 0x29, 0x2c, 0x29, 0x22, 0x16, 0x06, 0x08, 0x17, 0x23, 0x15, 0x01, 0x25, 0x30,
    0x51, 0x56, 0x3e, 0x11, 0x22, 0x49, 0x2b, 0x1d, 0x35, 0x28, 0x16, 0xfe, 0xfb, 0x01, 0x03, 0x02,
    0x22, 0x06, 0x0c, 0x05, 0x01, 0x08, 0x10, 0x0a, 0x0c, 0x0d, 0x0a, 0x11, 0x07, 0x03, 0x07, 0x09,
    0x09, 0x04, 0x01, 0x01, 0x02, 0x02, 0x04, 0x04, 0x08, 0x08, 0x04, 0x04, 0x02, 0x02, 0x01, 0x01,
    0x04, 0x09, 0x09, 0x07, 0x03, 0x07, 0x11, 0x0a, 0x0d, 0x0c, 0x0a, 0x10, 0x08, 0x01, 0x04, 0x08,
    0x05, 0x03, 0x07, 0x06, 0x05, 0x04, 0x02, 0x02, 0x01, 0x03, 0x07, 0x02, 0x02, 0x0a, 0x09, 0x0a,
    0x01, 0x01, 0x15, 0x02, 0x02, 0x02, 0x07, 0x1b, 0x25, 0x2c, 0x2b, 0x27, 0x1c, 0x10, 0x10, 0x1c,
    0x27, 0x2b, 0x2c, 0x25, 0x1b, 0x07, 0x00, 0x00, 0x00, 0x0a, 0x00, 0x00, 0x00, 0x00, 0x01, 0x1a,
    0x01, 0x1a, 0x00, 0x0c, 0x00, 0x15, 0x00, 0x1e, 0x00, 0x27, 0x00, 0x2f, 0x00, 0x38, 0x00, 0x3e,
    0x00, 0x44, 0x00, 0x4a, 0x00, 0x50, 0x00, 0x00, 0x13, 0x22, 0x0e, 0x01, 0x14, 0x1e, 0x01, 0x32,
    0x3e, 0x01, 0x34, 0x2e, 0x01, 0x07, 0x22, 0x26, 0x27, 0x33, 0x0e, 0x01, 0x23, 0x31, 0x27, 0x26,
    0x36, 0x37, 0x33, 0x16, 0x14, 0x07, 0x23, 0x27, 0x34, 0x37, 0x33, 0x06, 0x14, 0x17, 0x23, 0x26,
    0x37, 0x32, 0x16, 0x17, 0x23, 0x3e, 0x01, 0x1f, 0x01, 0x33, 0x16, 0x14, 0x07, 0x23, 0x36, 0x34,
    0x27, 0x37, 0x23, 0x26, 0x27, 0x1e, 0x01, 0x27, 0x06, 0x07, 0x23, 0x3e, 0x01, 0x07, 0x33, 0x16,
    0x17, 0x2e, 0x01, 0x17, 0x36, 0x37, 0x33, 0x0e, 0x01, 0x96, 0x24, 0x3c, 0x23, 0x23, 0x3c, 0x48,
    0x3c, 0x23, 0x23, 0x3c, 0x24, 0x09, 0x12, 0x05, 0x40, 0x05, 0x12, 0x09, 0x23, 0x03, 0x01, 0x02,
    0x46, 0x02, 0x02, 0x46, 0x4d, 0x06, 0x34, 0x02, 0x02, 0x34, 0x06, 0x70, 0x09, 0x12, 0x05, 0x40,
    0x05, 0x12, 0x09, 0x36, 0x34, 0x07, 0x07, 0x34, 0x02, 0x02, 0x2b, 0x2e, 0x06, 0x0c, 0x15, 0x21,
    0x78, 0x0c, 0x06, 0x2e, 0x0a, 0x21, 0x2b, 0x2e, 0x06, 0x0c, 0x15, 0x21, 0x78, 0x0c, 0x06, 0x2e,
    0x0a, 0x21, 0x01, 0x19, 0x23, 0x3c, 0x48, 0x3c, 0x23, 0x23, 0x3c, 0x48, 0x3c, 0x23, 0xf3, 0x1e,
    0x1a, 0x1a, 0x1f, 0x4c, 0x11, 0x28, 0x12, 0x12, 0x28, 0x12, 0x26, 0x13, 0x12, 0x12, 0x26, 0x12,
    0x12, 0x84, 0x1f, 0x1a, 0x1a, 0x1f, 0x01, 0x4a, 0x13, 0x26, 0x12, 0x12, 0x26, 0x12, 0x13, 0x20,
    0x13, 0x06, 0x1a, 0x20, 0x13, 0x20, 0x13, 0x1a, 0x9d, 0x20, 0x13, 0x06, 0x1a, 0x20, 0x13, 0x20,
    0x13, 0x1a, 0x00, 0x00, 0x00, 0x04, 0x00, 0x00, 0x00, 0x00, 0x01, 0x07, 0x01, 0x2c, 0x00, 0x23,
    0x00, 0x3f, 0x00, 0x4b, 0x00, 0x64, 0x00, 0x00, 0x37, 0x15, 0x14, 0x06, 0x2b, 0x01, 0x22, 0x26,
    0x27, 0x35, 0x34, 0x36, 0x3b, 0x01, 0x32, 0x16, 0x14, 0x06, 0x2b, 0x01, 0x22, 0x06, 0x1d, 0x01,
    0x14, 0x16, 0x3b, 0x01, 0x3e, 0x01, 0x3d, 0x01, 0x34, 0x3e, 0x01, 0x16, 0x27, 0x34, 0x26, 0x22,
    0x06, 0x1d, 0x01, 0x23, 0x22, 0x06, 0x14, 0x16, 0x3b, 0x01, 0x15, 0x14, 0x16, 0x32, 0x36, 0x3d,
    0x01, 0x33, 0x32, 0x3e, 0x01, 0x26, 0x2b, 0x01, 0x17, 0x23, 0x22, 0x06, 0x14, 0x16, 0x3b, 0x01,
    0x32, 0x3e, 0x01, 0x26, 0x37, 0x23, 0x22, 0x06, 0x14, 0x16, 0x3b, 0x01, 0x07, 0x06, 0x14, 0x16,
    0x32, 0x3f, 0x01, 0x15, 0x14, 0x16, 0x32, 0x36, 0x3d, 0x01, 0x34, 0x26, 0x23, 0xf4, 0x16, 0x10,
    0x83, 0x10, 0x15, 0x01, 0x16, 0x10, 0x42, 0x04, 0x05, 0x05, 0x04, 0x42, 0x08, 0x0b, 0x0b, 0x08,
    0x83, 0x08, 0x0b, 0x05, 0x08, 0x06, 0x5e, 0x05, 0x08, 0x06, 0x1c, 0x04, 0x05, 0x05, 0x04, 0x1c,
    0x06, 0x08, 0x05, 0x1c, 0x04, 0x05, 0x01, 0x06, 0x04, 0x1c, 0x1c, 0x4b, 0x04, 0x05, 0x05, 0x04,
    0x4b, 0x04, 0x05, 0x01, 0x06, 0x47, 0x38, 0x04, 0x05, 0x05, 0x04, 0x21, 0x28, 0x02, 0x05, 0x08,
    0x03, 0x28, 0x05, 0x08, 0x06, 0x06, 0x04, 0xb2, 0x7a, 0x0f, 0x16, 0x16, 0x0f, 0xbc, 0x0f, 0x16,
    0x05, 0x08, 0x05, 0x0b, 0x08, 0xbc, 0x08, 0x0b, 0x01, 0x0a, 0x08, 0x7a, 0x04, 0x05, 0x01, 0x06,
    0x22, 0x04, 0x05, 0x05, 0x04, 0x1c, 0x06, 0x08, 0x05, 0x1c, 0x04, 0x06, 0x06, 0x04, 0x1c, 0x05,
    0x08, 0x06, 0x5e, 0x06, 0x07, 0x06, 0x06, 0x07, 0x06, 0xce, 0x05, 0x08, 0x06, 0x28, 0x03, 0x08,
    0x05, 0x03, 0x28, 0x22, 0x04, 0x05, 0x05, 0x04, 0x39, 0x04, 0x05, 0x00, 0x00, 0x03, 0x00, 0x00,
    0x00, 0x00, 0x00, 0xf4, 0x01, 0x2d, 0x00, 0x21, 0x00, 0x27, 0x00, 0x4a, 0x00, 0x00, 0x13, 0x32,
    0x1f, 0x01, 0x16, 0x1d, 0x01, 0x14, 0x06, 0x2b, 0x01, 0x22, 0x26, 0x3d, 0x01, 0x33, 0x15, 0x14,
    0x16, 0x3b, 0x01, 0x32, 0x36, 0x3d, 0x01, 0x23, 0x22, 0x26, 0x3d, 0x01, 0x27, 0x26, 0x2f, 0x01,
    0x17, 0x14, 0x16, 0x3b, 0x01, 0x2f, 0x01, 0x32, 0x1f, 0x01, 0x1e, 0x01, 0x14, 0x06, 0x0f, 0x01,
    0x06, 0x22, 0x26, 0x34, 0x3f, 0x01, 0x23, 0x22, 0x06, 0x1d, 0x01, 0x14, 0x06, 0x22, 0x26, 0x3d,
    0x01, 0x34, 0x36, 0x3b, 0x01, 0x27, 0x26, 0x34, 0x36, 0xa1, 0x0c, 0x08, 0x37, 0x08, 0x16, 0x10,
    0x70, 0x10, 0x16, 0x13, 0x0b, 0x08, 0x70, 0x08, 0x0b, 0x2f, 0x0c, 0x10, 0x01, 0x02, 0x04, 0x08,
    0x22, 0x05, 0x04, 0x2b, 0x34, 0x55, 0x04, 0x03, 0x26, 0x01, 0x01, 0x01, 0x01, 0x26, 0x03, 0x07,
    0x06, 0x03, 0x15, 0x34, 0x0c, 0x10, 0x06, 0x08, 0x05, 0x1b, 0x14, 0x34, 0x15, 0x03, 0x06, 0x01,
    0x19, 0x08, 0x37, 0x08, 0x0c, 0x8e, 0x0f, 0x16, 0x16, 0x0f, 0x83, 0x83, 0x08, 0x0b, 0x0b, 0x08,
    0x83, 0x11, 0x0c, 0x2e, 0x02, 0x05, 0x04, 0x08, 0x41, 0x04, 0x06, 0x35, 0x29, 0x03, 0x25, 0x02,
    0x03, 0x04, 0x03, 0x02, 0x25, 0x03, 0x06, 0x07, 0x03, 0x16, 0x11, 0x0b, 0x13, 0x04, 0x06, 0x06,
    0x04, 0x13, 0x13, 0x1b, 0x16, 0x03, 0x07, 0x06, 0x00, 0x02, 0x00, 0x00, 0x00, 0x00, 0x01, 0x07,
    0x01, 0x2d, 0x00, 0x25, 0x00, 0x48, 0x00, 0x00, 0x13, 0x1e, 0x01, 0x15, 0x14, 0x07, 0x17, 0x16,
    0x14, 0x06, 0x22, 0x2f, 0x01, 0x06, 0x23, 0x22, 0x2e, 0x01, 0x35, 0x34, 0x37, 0x33, 0x17, 0x06,
    0x15, 0x14, 0x1e, 0x01, 0x32, 0x3e, 0x01, 0x35, 0x34, 0x26, 0x27, 0x37, 0x36, 0x35, 0x27, 0x32,
    0x1f, 0x01, 0x1e, 0x01, 0x14, 0x06, 0x0f, 0x01, 0x06, 0x22, 0x26, 0x34, 0x3f, 0x01, 0x23, 0x22,
    0x06, 0x1d, 0x01, 0x14, 0x06, 0x22, 0x26, 0x3d, 0x01, 0x34, 0x36, 0x3b, 0x01, 0x27, 0x26, 0x34,
    0x36, 0x96, 0x19, 0x1f, 0x12, 0x48, 0x03, 0x06, 0x08, 0x02, 0x48, 0x18, 0x1d, 0x17, 0x27, 0x16,
    0x05, 0x0f, 0x03, 0x05, 0x12, 0x1e, 0x24, 0x1e, 0x12, 0x18, 0x12, 0x02, 0x02, 0x42, 0x04, 0x03,
    0x26, 0x01, 0x01, 0x01, 0x01, 0x26, 0x03, 0x07, 0x06, 0x03, 0x15, 0x34, 0x0c, 0x10, 0x06, 0x08,
    0x05, 0x1b, 0x14, 0x34, 0x15, 0x03, 0x06, 0x01, 0x01, 0x08, 0x2c, 0x1b, 0x1d, 0x18, 0x47, 0x03,
    0x08, 0x05, 0x02, 0x48, 0x12, 0x16, 0x27, 0x17, 0x0e, 0x0e, 0x05, 0x0c, 0x0b, 0x12, 0x1e, 0x11,
    0x11, 0x1e, 0x12, 0x15, 0x21, 0x07, 0x03, 0x06, 0x05, 0x2f, 0x03, 0x25, 0x02, 0x03, 0x04, 0x03,
    0x02, 0x25, 0x03, 0x06, 0x07, 0x03, 0x16, 0x11, 0x0b, 0x13, 0x04, 0x06, 0x06, 0x04, 0x13, 0x13,
    0x1b, 0x16, 0x03, 0x07, 0x06, 0x00, 0x00, 0x00, 0x00, 0x02, 0x00, 0x00, 0x00, 0x00, 0x01, 0x07,
    0x00, 0xbc, 0x00, 0x0d, 0x00, 0x1b, 0x00, 0x00, 0x37, 0x33, 0x32, 0x16, 0x14, 0x06, 0x2b, 0x01,
    0x22, 0x26, 0x3e, 0x01, 0x37, 0x33, 0x27, 0x33, 0x1e, 0x01, 0x14, 0x06, 0x07, 0x23, 0x22, 0x26,
    0x34, 0x36, 0x33, 0x37, 0x2f, 0xce, 0x04, 0x06, 0x05, 0x03, 0xd0, 0x04, 0x06, 0x01, 0x04, 0x03,
    0xd0, 0xce, 0xce, 0x04, 0x06, 0x05, 0x03, 0xd0, 0x04, 0x05, 0x04, 0x03, 0xd0, 0x83, 0x05, 0x08,
    0x05, 0x05, 0x07, 0x05, 0x01, 0x39, 0x01, 0x05, 0x07, 0x05, 0x01, 0x05, 0x08, 0x05, 0x01, 0x00,
    0x00, 0x07, 0x00, 0x00, 0x00, 0x00, 0x01, 0x1a, 0x01, 0x23, 0x00, 0x0f, 0x00, 0x13, 0x00, 0x23,
    0x00, 0x27, 0x00, 0x37, 0x00, 0x3b, 0x00, 0x53, 0x00, 0x00, 0x37, 0x23, 0x22, 0x06, 0x1d, 0x01,
    0x14, 0x16, 0x3b, 0x01, 0x32, 0x36, 0x3d, 0x01, 0x34, 0x26, 0x07, 0x23, 0x35, 0x33, 0x37, 0x23,
    0x22, 0x06, 0x1d, 0x01, 0x14, 0x16, 0x3b, 0x01, 0x32, 0x36, 0x3d, 0x01, 0x34, 0x26, 0x07, 0x23,
    0x35, 0x33, 0x37, 0x23, 0x22, 0x06, 0x1d, 0x01, 0x14, 0x16, 0x3b, 0x01, 0x32, 0x36, 0x3d, 0x01,
    0x34, 0x26, 0x07, 0x23, 0x35, 0x33, 0x27, 0x33, 0x32, 0x36, 0x34, 0x26, 0x2b, 0x01, 0x37, 0x36,
    0x34, 0x26, 0x22, 0x0f, 0x01, 0x06, 0x14, 0x1f, 0x01, 0x16, 0x32, 0x36, 0x34, 0x27, 0x75, 0x1c,
    0x06, 0x08, 0x08, 0x06, 0x1c, 0x06, 0x08, 0x08, 0x0a, 0x13, 0x13, 0x4f, 0x1c, 0x06, 0x08, 0x08,
    0x06, 0x1c, 0x06, 0x08, 0x08, 0x0a, 0x13, 0x13, 0x4f, 0x1c, 0x06, 0x08, 0x08, 0x06, 0x1c, 0x06,
    0x08, 0x08, 0x0a, 0x13, 0x13, 0xd4, 0xdd, 0x04, 0x05, 0x05, 0x04, 0xdd, 0x0c, 0x03, 0x06, 0x08,
    0x02, 0x1d, 0x02, 0x02, 0x1d, 0x02, 0x08, 0x06, 0x03, 0xce, 0x08, 0x06, 0x9f, 0x06, 0x08, 0x08,
    0x06, 0x9f, 0x06, 0x08, 0xa8, 0x96, 0x12, 0x08, 0x06, 0x7a, 0x05, 0x09, 0x09, 0x05, 0x7a, 0x06,
    0x08, 0x83, 0x71, 0x12, 0x08, 0x06, 0x54, 0x06, 0x08, 0x08, 0x06, 0x54, 0x06, 0x08, 0x5d, 0x4b,
    0x38, 0x05, 0x08, 0x06, 0x0c, 0x02, 0x08, 0x06, 0x03, 0x1c, 0x03, 0x08, 0x03, 0x1c, 0x02, 0x05,
    0x08, 0x03, 0x00, 0x00, 0x00, 0x01, 0x00, 0x00, 0x00, 0x00, 0x01, 0x1a, 0x01, 0x1a, 0x00, 0x27,
    0x00, 0x00, 0x37, 0x33, 0x32, 0x36, 0x34, 0x26, 0x2b, 0x01, 0x35, 0x37, 0x17, 0x16, 0x32, 0x3f,
    0x01, 0x17, 0x16, 0x32, 0x36, 0x34, 0x2f, 0x01, 0x26, 0x22, 0x0f, 0x01, 0x27, 0x26, 0x22, 0x0f,
    0x01, 0x35, 0x2e, 0x01, 0x22, 0x06, 0x1d, 0x01, 0x14, 0x16, 0x1c, 0xf4, 0x04, 0x05, 0x05, 0x04,
    0xea, 0x38, 0x1f, 0x02, 0x08, 0x03, 0x4e, 0x1e, 0x03, 0x08, 0x05, 0x02, 0x26, 0x03, 0x07, 0x03,
    0x4e, 0x1f, 0x02, 0x08, 0x03, 0x31, 0x01, 0x05, 0x08, 0x05, 0x05, 0x13, 0x05, 0x08, 0x06, 0x50,
    0x38, 0x1f, 0x02, 0x02, 0x4e, 0x1f, 0x03, 0x06, 0x08, 0x02, 0x26, 0x03, 0x03, 0x4e, 0x1f, 0x03,
    0x03, 0x31, 0x7f, 0x04, 0x05, 0x05, 0x04, 0xf4, 0x04, 0x05, 0x00, 0x00, 0x00, 0x07, 0x00, 0x00,
    0x00, 0x00, 0x01, 0x1a, 0x01, 0x1a, 0x00, 0x10, 0x00, 0x19, 0x00, 0x22, 0x00, 0x2c, 0x00, 0x35,
    0x00, 0x3f, 0x00, 0x49, 0x00, 0x00, 0x37, 0x14, 0x16, 0x3b, 0x01, 0x32, 0x36, 0x34, 0x26, 0x2b,
    0x01, 0x35, 0x2e, 0x01, 0x22, 0x06, 0x15, 0x17, 0x14, 0x16, 0x32, 0x3e, 0x01, 0x2e, 0x01, 0x06,
    0x17, 0x34, 0x36, 0x32, 0x16, 0x14, 0x06, 0x22, 0x26, 0x07, 0x22, 0x26, 0x34, 0x36, 0x32, 0x16,
    0x14, 0x06, 0x23, 0x37, 0x22, 0x06, 0x14, 0x16, 0x32, 0x36, 0x34, 0x26, 0x17, 0x14, 0x16, 0x32,
    0x36, 0x34, 0x26, 0x22, 0x06, 0x15, 0x37, 0x34, 0x36, 0x32, 0x16, 0x14, 0x06, 0x22, 0x26, 0x35,
    0x13, 0x05, 0x04, 0xf4, 0x04, 0x05, 0x05, 0x04, 0xea, 0x01, 0x05, 0x08, 0x05, 0xa9, 0x15, 0x20,
    0x15, 0x01, 0x16, 0x20, 0x15, 0x12, 0x0b, 0x10, 0x0b, 0x0b, 0x10, 0x0b, 0x5d, 0x10, 0x16, 0x16,
    0x1f, 0x16, 0x16, 0x10, 0x01, 0x08, 0x0b, 0x0b, 0x0f, 0x0b, 0x0b, 0x1e, 0x16, 0x1f, 0x16, 0x16,
    0x1f, 0x16, 0x13, 0x0b, 0x0f, 0x0b, 0x0b, 0x0f, 0x0b, 0x1c, 0x04, 0x05, 0x05, 0x08, 0x06, 0xea,
    0x04, 0x05, 0x05, 0x04, 0x2f, 0x10, 0x15, 0x15, 0x20, 0x15, 0x01, 0x16, 0x10, 0x08, 0x0b, 0x0b,
    0x10, 0x0b, 0x0b, 0x43, 0x16, 0x1f, 0x16, 0x16, 0x1f, 0x16, 0x38, 0x0b, 0x0f, 0x0b, 0x0b, 0x0f,
    0x0b, 0x5d, 0x10, 0x16, 0x16, 0x1f, 0x16, 0x16, 0x10, 0x01, 0x07, 0x0b, 0x0b, 0x0f, 0x0b, 0x0b,
    0x07, 0x00, 0x00, 0x00, 0x00, 0x06, 0x00, 0x00, 0x00, 0x00, 0x01, 0x1a, 0x01, 0x1a, 0x00, 0x0f,
    0x00, 0x1f, 0x00, 0x2f, 0x00, 0x3f, 0x00, 0x4f, 0x00, 0x5f, 0x00, 0x00, 0x37, 0x33, 0x32, 0x36,
    0x3d, 0x01, 0x34, 0x26, 0x2b, 0x01, 0x22, 0x06, 0x1d, 0x01, 0x14, 0x16, 0x37, 0x34, 0x36, 0x3b,
    0x01, 0x32, 0x16, 0x1d, 0x01, 0x0e, 0x01, 0x23, 0x27, 0x22, 0x26, 0x35, 0x07, 0x23, 0x22, 0x26,
    0x37, 0x35, 0x34, 0x36, 0x3b, 0x01, 0x32, 0x16, 0x1d, 0x01, 0x14, 0x06, 0x27, 0x0e, 0x01, 0x1d,
    0x01, 0x14, 0x16, 0x33, 0x37, 0x32, 0x36, 0x3d, 0x01, 0x34, 0x26, 0x0f, 0x01, 0x23, 0x22, 0x26,
    0x3d, 0x01, 0x34, 0x36, 0x3b, 0x01, 0x32, 0x16, 0x1d, 0x01, 0x14, 0x06, 0x27, 0x22, 0x06, 0x15,
    0x17, 0x06, 0x16, 0x33, 0x37, 0x32, 0x36, 0x3d, 0x01, 0x34, 0x26, 0x23, 0xe6, 0x1c, 0x0a, 0x0d,
    0x0d, 0x0a, 0x1c, 0x0a, 0x0e, 0x0e, 0x05, 0x03, 0x02, 0x1c, 0x02, 0x03, 0x01, 0x02, 0x02, 0x1c,
    0x02, 0x03, 0x3d, 0x1c, 0x0a, 0x0e, 0x01, 0x0d, 0x0a, 0x1c, 0x0a, 0x0e, 0x0e, 0x26, 0x02, 0x03,
    0x03, 0x02, 0x1c, 0x02, 0x03, 0x03, 0x02, 0x5e, 0x1c, 0x0a, 0x0d, 0x0d, 0x0a, 0x1c, 0x0a, 0x0e,
    0x0e, 0x26, 0x02, 0x03, 0x01, 0x01, 0x03, 0x02, 0x1c, 0x02, 0x03, 0x03, 0x02, 0x13, 0x0d, 0x0a,
    0xd8, 0x0a, 0x0d, 0x0d, 0x0a, 0xd8, 0x0a, 0x0d, 0xef, 0x02, 0x03, 0x03, 0x02, 0xd8, 0x02, 0x03,
    0x01, 0x02, 0x02, 0x17, 0x0d, 0x0a, 0x8d, 0x0a, 0x0d, 0x0d, 0x0a, 0x8d, 0x0a, 0x0d, 0xa9, 0x01,
    0x02, 0x02, 0x8d, 0x02, 0x03, 0x01, 0x02, 0x02, 0x8d, 0x02, 0x03, 0x01, 0xa8, 0x0d, 0x0a, 0x67,
    0x0a, 0x0e, 0x0e, 0x0a, 0x67, 0x0a, 0x0d, 0x83, 0x03, 0x02, 0x67, 0x02, 0x03, 0x01, 0x02, 0x02,
    0x67, 0x02, 0x03, 0x00, 0x00, 0x06, 0x00, 0x00, 0x00, 0x00, 0x00, 0xcf, 0x00, 0xf4, 0x00, 0x08,
    0x00, 0x11, 0x00, 0x1b, 0x00, 0x24, 0x00, 0x2e, 0x00, 0x37, 0x00, 0x00, 0x37, 0x14, 0x06, 0x22,
    0x26, 0x34, 0x36, 0x32, 0x16, 0x37, 0x22, 0x06, 0x14, 0x16, 0x32, 0x36, 0x34, 0x26, 0x07, 0x22,
    0x06, 0x14, 0x16, 0x32, 0x36, 0x34, 0x26, 0x23, 0x33, 0x22, 0x06, 0x14, 0x16, 0x32, 0x36, 0x34,
    0x26, 0x07, 0x22, 0x06, 0x14, 0x16, 0x32, 0x36, 0x34, 0x26, 0x23, 0x33, 0x22, 0x06, 0x14, 0x16,
    0x32, 0x36, 0x34, 0x26, 0x83, 0x0b, 0x0f, 0x0b, 0x0b, 0x0f, 0x0b, 0x39, 0x08, 0x0b, 0x0b, 0x0f,
    0x0b, 0x0b, 0x52, 0x08, 0x0b, 0x0b, 0x0f, 0x0b, 0x0b, 0x08, 0x4c, 0x08, 0x0b, 0x0b, 0x0f, 0x0b,
    0x0b, 0x52, 0x08, 0x0b, 0x0b, 0x0f, 0x0b, 0x0b, 0x08, 0x4c, 0x08, 0x0b, 0x0b, 0x0f, 0x0b, 0x0b,
    0xe1, 0x08, 0x0b, 0x0b, 0x10, 0x0b, 0x0b, 0x0b, 0x0b, 0x10, 0x0b, 0x0b, 0x10, 0x0b, 0x4b, 0x0b,
    0x10, 0x0b, 0x0b, 0x10, 0x0b, 0x0b, 0x10, 0x0b, 0x0b, 0x10, 0x0b, 0x4b, 0x0b, 0x10, 0x0b, 0x0b,
    0x10, 0x0b, 0x0b, 0x10, 0x0b, 0x0b, 0x10, 0x0b, 0x00, 0x07, 0x00, 0x00, 0x00, 0x00, 0x01, 0x1a,
    0x01, 0x1a, 0x00, 0x23, 0x00, 0x27, 0x00, 0x2b, 0x00, 0x4f, 0x00, 0x53, 0x00, 0x57, 0x00, 0x81,
    0x00, 0x00, 0x01, 0x23, 0x22, 0x06, 0x1d, 0x01, 0x23, 0x35, 0x34, 0x26, 0x2b, 0x01, 0x22, 0x06,
    0x1d, 0x01, 0x14, 0x16, 0x3b, 0x01, 0x32, 0x36, 0x3d, 0x01, 0x33, 0x15, 0x06, 0x16, 0x3b, 0x01,
    0x32, 0x36, 0x3d, 0x01, 0x34, 0x26, 0x07, 0x23, 0x35, 0x33, 0x17, 0x23, 0x35, 0x33, 0x15, 0x23,
    0x22, 0x06, 0x1d, 0x01, 0x23, 0x35, 0x34, 0x26, 0x2b, 0x01, 0x22, 0x06, 0x1d, 0x01, 0x14, 0x16,
    0x3b, 0x01, 0x32, 0x36, 0x3d, 0x01, 0x33, 0x15, 0x06, 0x16, 0x3b, 0x01, 0x32, 0x36, 0x3d, 0x01,
    0x34, 0x26, 0x07, 0x23, 0x35, 0x33, 0x17, 0x23, 0x35, 0x33, 0x07, 0x14, 0x06, 0x23, 0x22, 0x26,
    0x3d, 0x01, 0x34, 0x26, 0x27, 0x26, 0x34, 0x37, 0x3e, 0x01, 0x3d, 0x01, 0x34, 0x36, 0x33, 0x32,
    0x16, 0x14, 0x06, 0x23, 0x22, 0x06, 0x1d, 0x01, 0x14, 0x06, 0x07, 0x1e, 0x01, 0x1d, 0x01, 0x14,
    0x16, 0x33, 0x32, 0x16, 0x01, 0x07, 0x39, 0x08, 0x0b, 0x25, 0x08, 0x06, 0x1c, 0x06, 0x08, 0x08,
    0x06, 0x1c, 0x06, 0x08, 0x26, 0x01, 0x0b, 0x08, 0x39, 0x07, 0x0b, 0x0b, 0x8b, 0x12, 0x12, 0x84,
    0x39, 0x39, 0x39, 0x08, 0x0b, 0x25, 0x08, 0x06, 0x1c, 0x06, 0x08, 0x08, 0x06, 0x1c, 0x06, 0x08,
    0x26, 0x01, 0x0b, 0x08, 0x39, 0x07, 0x0b, 0x0b, 0x8b, 0x12, 0x12, 0x84, 0x39, 0x39, 0xb3, 0x05,
    0x04, 0x10, 0x15, 0x04, 0x0a, 0x05, 0x05, 0x0a, 0x03, 0x16, 0x10, 0x04, 0x05, 0x05, 0x04, 0x08,
    0x0b, 0x05, 0x06, 0x06, 0x05, 0x0b, 0x08, 0x04, 0x05, 0x01, 0x06, 0x0a, 0x08, 0x13, 0x05, 0x05,
    0x09, 0x09, 0x05, 0x1c, 0x06, 0x09, 0x09, 0x06, 0x04, 0x13, 0x07, 0x0b, 0x0b, 0x07, 0x39, 0x08,
    0x0a, 0x38, 0x13, 0x26, 0x39, 0x5e, 0x0b, 0x08, 0x12, 0x04, 0x06, 0x08, 0x08, 0x06, 0x1c, 0x06,
    0x08, 0x08, 0x06, 0x05, 0x13, 0x08, 0x0b, 0x0b, 0x08, 0x38, 0x08, 0x0b, 0x38, 0x13, 0x26, 0x38,
    0x54, 0x04, 0x06, 0x16, 0x10, 0x25, 0x18, 0x0a, 0x05, 0x03, 0x0b, 0x03, 0x05, 0x09, 0x0f, 0x2f,
    0x0f, 0x16, 0x05, 0x08, 0x06, 0x0a, 0x08, 0x30, 0x11, 0x0f, 0x05, 0x05, 0x0e, 0x1a, 0x27, 0x08,
    0x0b, 0x05, 0x00, 0x00, 0x00, 0x01, 0x00, 0x00, 0x00, 0x00, 0x01, 0x1a, 0x01, 0x07, 0x00, 0x1d,
    0x00, 0x00, 0x37, 0x22, 0x2f, 0x01, 0x26, 0x27, 0x26, 0x34, 0x3e, 0x01, 0x33, 0x32, 0x16, 0x1f,
    0x01, 0x37, 0x3e, 0x01, 0x33, 0x32, 0x17, 0x16, 0x17, 0x16, 0x14, 0x06, 0x0f, 0x01, 0x06, 0x23,
    0x96, 0x03, 0x03, 0x69, 0x09, 0x05, 0x06, 0x10, 0x20, 0x16, 0x0e, 0x1a, 0x0a, 0x0b, 0x0b, 0x0a,
    0x1a, 0x0e, 0x19, 0x12, 0x0e, 0x07, 0x06, 0x0a, 0x0a, 0x68, 0x03, 0x04, 0x24, 0x03, 0x68, 0x09,
    0x0c, 0x0e, 0x20, 0x20, 0x14, 0x0a, 0x0a, 0x0b, 0x0b, 0x0a, 0x0a, 0x0d, 0x0b, 0x13, 0x0e, 0x1b,
    0x19, 0x0a, 0x68, 0x03, 0x00, 0x02, 0x00, 0x00, 0x00, 0x00, 0x01, 0x1a, 0x01, 0x07, 0x00, 0x1d,
    0x00, 0x30, 0x00, 0x00, 0x37, 0x22, 0x2f, 0x01, 0x26, 0x27, 0x26, 0x34, 0x3e, 0x01, 0x33, 0x32,
    0x16, 0x1f, 0x01, 0x37, 0x3e, 0x01, 0x33, 0x32, 0x17, 0x16, 0x17, 0x16, 0x14, 0x06, 0x0f, 0x01,
    0x06, 0x23, 0x27, 0x22, 0x06, 0x14, 0x1f, 0x01, 0x37, 0x36, 0x34, 0x26, 0x22, 0x0f, 0x01, 0x06,
    0x22, 0x2f, 0x01, 0x26, 0x23, 0x96, 0x03, 0x03, 0x69, 0x09, 0x05, 0x06, 0x10, 0x20, 0x16, 0x0e,
    0x1a, 0x0a, 0x0b, 0x0b, 0x0a, 0x1a, 0x0e, 0x19, 0x12, 0x0e, 0x07, 0x06, 0x0a, 0x0a, 0x68, 0x03,
    0x04, 0x3d, 0x16, 0x1e, 0x10, 0x61, 0x62, 0x0e, 0x1d, 0x2c, 0x0f, 0x11, 0x03, 0x08, 0x03, 0x12,
    0x0f, 0x15, 0x24, 0x03, 0x68, 0x09, 0x0c, 0x0e, 0x20, 0x20, 0x14, 0x0a, 0x0a, 0x0b, 0x0b, 0x0a,
    0x0a, 0x0d, 0x0b, 0x13, 0x0e, 0x1b, 0x19, 0x0a, 0x68, 0x03, 0xd0, 0x1e, 0x2a, 0x0f, 0x62, 0x61,
    0x0f, 0x2a, 0x1f, 0x0f, 0x12, 0x02, 0x02, 0x12, 0x0f, 0x00, 0x00, 0x00, 0x00, 0x02, 0x00, 0x00,
    0x00, 0x00, 0x01, 0x07, 0x01, 0x07, 0x00, 0x2f, 0x00, 0x40, 0x00, 0x00, 0x37, 0x32, 0x1e, 0x01,
    0x14, 0x0e, 0x01, 0x22, 0x2e, 0x01, 0x27, 0x2e, 0x01, 0x22, 0x06, 0x15, 0x1e, 0x02, 0x32, 0x3e,
    0x01, 0x34, 0x2e, 0x01, 0x07, 0x26, 0x06, 0x07, 0x35, 0x34, 0x26, 0x22, 0x06, 0x1d, 0x01, 0x14,
    0x16, 0x17, 0x37, 0x32, 0x36, 0x34, 0x26, 0x2b, 0x01, 0x3e, 0x01, 0x17, 0x34, 0x26, 0x22, 0x06,
    0x1d, 0x01, 0x14, 0x16, 0x3b, 0x01, 0x32, 0x36, 0x34, 0x26, 0x2b, 0x01, 0x96, 0x19, 0x2c, 0x19,
    0x19, 0x2c, 0x31, 0x29, 0x1a, 0x02, 0x01, 0x06, 0x07, 0x05, 0x02, 0x20, 0x31, 0x3c, 0x33, 0x1e,
    0x1e, 0x33, 0x1f, 0x19, 0x2c, 0x0f, 0x06, 0x08, 0x05, 0x05, 0x04, 0x38, 0x04, 0x06, 0x06, 0x04,
    0x25, 0x0d, 0x27, 0x17, 0x06, 0x07, 0x06, 0x06, 0x04, 0x25, 0x04, 0x05, 0x05, 0x04, 0x1c, 0xf4,
    0x19, 0x2c, 0x32, 0x2c, 0x19, 0x17, 0x27, 0x17, 0x04, 0x05, 0x06, 0x04, 0x1d, 0x2e, 0x1b, 0x1e,
    0x33, 0x3e, 0x33, 0x1f, 0x01, 0x01, 0x15, 0x12, 0x1d, 0x04, 0x06, 0x06, 0x04, 0x38, 0x04, 0x05,
    0x01, 0x01, 0x05, 0x08, 0x05, 0x12, 0x14, 0x2f, 0x04, 0x05, 0x05, 0x04, 0x38, 0x04, 0x06, 0x06,
    0x08, 0x05, 0x00, 0x00, 0x00, 0x02, 0x00, 0x00, 0x00, 0x00, 0x01, 0x07, 0x01, 0x1a, 0x00, 0x21,
    0x00, 0x40, 0x00, 0x00, 0x13, 0x36, 0x32, 0x1f, 0x01, 0x16, 0x07, 0x15, 0x16, 0x06, 0x2b, 0x01,
    0x22, 0x26, 0x3d, 0x01, 0x34, 0x26, 0x2b, 0x01, 0x22, 0x06, 0x1d, 0x01, 0x14, 0x06, 0x2b, 0x01,
    0x22, 0x26, 0x3d, 0x01, 0x34, 0x3f, 0x01, 0x07, 0x06, 0x1d, 0x01, 0x14, 0x16, 0x3b, 0x01, 0x32,
    0x36, 0x3d, 0x01, 0x34, 0x36, 0x3b, 0x01, 0x32, 0x16, 0x1d, 0x01, 0x14, 0x16, 0x3b, 0x01, 0x32,
    0x36, 0x3d, 0x01, 0x34, 0x27, 0x89, 0x06, 0x0e, 0x06, 0x5b, 0x09, 0x01, 0x01, 0x11, 0x0c, 0x25,
    0x0c, 0x10, 0x06, 0x04, 0x12, 0x04, 0x06, 0x10, 0x0c, 0x25, 0x0c, 0x10, 0x08, 0x68, 0x5b, 0x03,
    0x06, 0x04, 0x25, 0x04, 0x06, 0x10, 0x0c, 0x12, 0x0c, 0x11, 0x05, 0x04, 0x25, 0x04, 0x06, 0x03,
    0x01, 0x14, 0x05, 0x05, 0x56, 0x08, 0x0c, 0x68, 0x0c, 0x11, 0x11, 0x0c, 0x2e, 0x04, 0x06, 0x06,
    0x04, 0x2e, 0x0c, 0x11, 0x11, 0x0c, 0x68, 0x0c, 0x08, 0x49, 0x56, 0x03, 0x04, 0x68, 0x04, 0x06,
    0x06, 0x04, 0x2e, 0x0c, 0x11, 0x11, 0x0c, 0x2e, 0x04, 0x06, 0x06, 0x04, 0x68, 0x04, 0x03, 0x00,
    0x00, 0x04, 0x00, 0x00, 0x00, 0x00, 0x01, 0x10, 0x00, 0xf4, 0x00, 0x0c, 0x00, 0x29, 0x00, 0x4d,
    0x00, 0x55, 0x00, 0x00, 0x25, 0x14, 0x06, 0x2b, 0x01, 0x22, 0x26, 0x34, 0x36, 0x3b, 0x01, 0x32,
    0x16, 0x27, 0x32, 0x36, 0x3d, 0x01, 0x33, 0x15, 0x14, 0x16, 0x32, 0x36, 0x3d, 0x01, 0x34, 0x26,
    0x22, 0x06, 0x1d, 0x01, 0x23, 0x35, 0x34, 0x26, 0x22, 0x06, 0x1d, 0x01, 0x14, 0x16, 0x37, 0x35,
    0x34, 0x36, 0x3b, 0x01, 0x32, 0x16, 0x17, 0x14, 0x06, 0x07, 0x16, 0x17, 0x16, 0x1f, 0x01, 0x16,
    0x14, 0x06, 0x23, 0x22, 0x27, 0x26, 0x27, 0x31, 0x26, 0x27, 0x26, 0x2b, 0x01, 0x15, 0x14, 0x06,
    0x22, 0x26, 0x37, 0x33, 0x32, 0x36, 0x34, 0x26, 0x2b, 0x01, 0x01, 0x10, 0x06, 0x04, 0xe0, 0x04,
    0x06, 0x06, 0x04, 0xe1, 0x03, 0x06, 0xe1, 0x04, 0x05, 0x39, 0x05, 0x08, 0x05, 0x05, 0x08, 0x06,
    0x38, 0x05, 0x08, 0x05, 0x05, 0x7e, 0x05, 0x04, 0x2a, 0x12, 0x18, 0x01, 0x0e, 0x0a, 0x07, 0x06,
    0x03, 0x04, 0x03, 0x05, 0x05, 0x04, 0x07, 0x04, 0x02, 0x04, 0x06, 0x06, 0x09, 0x0e, 0x12, 0x06,
    0x08, 0x05, 0x13, 0x20, 0x0a, 0x0e, 0x0e, 0x0a, 0x20, 0x2f, 0x04, 0x05, 0x05, 0x08, 0x05, 0x05,
    0x2b, 0x05, 0x04, 0x38, 0x38, 0x04, 0x05, 0x05, 0x04, 0x83, 0x04, 0x06, 0x06, 0x04, 0x38, 0x38,
    0x04, 0x06, 0x06, 0x04, 0x83, 0x04, 0x05, 0x09, 0x83, 0x04, 0x06, 0x19, 0x11, 0x0d, 0x14, 0x05,
    0x09, 0x0d, 0x07, 0x0d, 0x0b, 0x02, 0x0a, 0x05, 0x06, 0x04, 0x0c, 0x15, 0x09, 0x0d, 0x38, 0x04,
    0x05, 0x05, 0x4f, 0x0e, 0x13, 0x0e, 0x00, 0x00, 0x00, 0x05, 0x00, 0x00, 0x00, 0x00, 0x01, 0x07,
    0x01, 0x1a, 0x00, 0x0c, 0x00, 0x10, 0x00, 0x14, 0x00, 0x3b, 0x00, 0x44, 0x00, 0x00, 0x37, 0x1e,
    0x01, 0x37, 0x31, 0x36, 0x37, 0x17, 0x0e, 0x01, 0x22, 0x26, 0x27, 0x37, 0x23, 0x35, 0x3b, 0x01,
    0x15, 0x23, 0x35, 0x27, 0x32, 0x16, 0x15, 0x14, 0x06, 0x07, 0x15, 0x33, 0x17, 0x15, 0x33, 0x17,
    0x15, 0x07, 0x23, 0x15, 0x07, 0x23, 0x07, 0x27, 0x35, 0x23, 0x27, 0x35, 0x23, 0x27, 0x35, 0x37,
    0x33, 0x35, 0x37, 0x33, 0x35, 0x2e, 0x01, 0x35, 0x34, 0x36, 0x07, 0x17, 0x33, 0x15, 0x3f, 0x01,
    0x33, 0x35, 0x23, 0x72, 0x09, 0x18, 0x0d, 0x0e, 0x0b, 0x0d, 0x09, 0x19, 0x1c, 0x19, 0x0a, 0x15,
    0x13, 0x13, 0x4b, 0x13, 0x1c, 0x08, 0x0b, 0x06, 0x04, 0x4b, 0x09, 0x0a, 0x0a, 0x0a, 0x0a, 0x09,
    0x3a, 0x2f, 0x10, 0x2f, 0x0a, 0x09, 0x09, 0x09, 0x09, 0x0a, 0x4b, 0x04, 0x06, 0x0b, 0x43, 0x2f,
    0x09, 0x22, 0x07, 0x35, 0x96, 0x8d, 0x09, 0x08, 0x03, 0x03, 0x0a, 0x0d, 0x09, 0x0b, 0x0b, 0x09,
    0x20, 0x13, 0x13, 0x13, 0x67, 0x0b, 0x08, 0x04, 0x09, 0x02, 0x16, 0x09, 0x26, 0x0a, 0x12, 0x09,
    0x39, 0x09, 0x34, 0x07, 0x2d, 0x0c, 0x36, 0x09, 0x12, 0x0a, 0x28, 0x07, 0x15, 0x03, 0x08, 0x05,
    0x08, 0x0b, 0xb9, 0x02, 0x29, 0x26, 0x03, 0x70, 0x00, 0x03, 0x00, 0x00, 0x00, 0x00, 0x01, 0x1a,
    0x01, 0x1a, 0x00, 0x0f, 0x00, 0x2a, 0x00, 0x41, 0x00, 0x00, 0x13, 0x22, 0x06, 0x1d, 0x01, 0x14,
    0x16, 0x3b, 0x01, 0x32, 0x36, 0x3d, 0x01, 0x34, 0x26, 0x23, 0x17, 0x2b, 0x01, 0x0e, 0x01, 0x15,
    0x07, 0x06, 0x07, 0x06, 0x22, 0x27, 0x26, 0x2f, 0x01, 0x36, 0x26, 0x2b, 0x01, 0x35, 0x34, 0x36,
    0x3b, 0x01, 0x32, 0x16, 0x15, 0x07, 0x33, 0x15, 0x16, 0x17, 0x1e, 0x01, 0x32, 0x36, 0x3f, 0x01,
    0x36, 0x37, 0x35, 0x33, 0x15, 0x14, 0x06, 0x2b, 0x01, 0x22, 0x26, 0x35, 0x42, 0x14, 0x1b, 0x1b,
    0x14, 0xa8, 0x14, 0x1b, 0x1b, 0x14, 0x1d, 0x42, 0x02, 0x03, 0x04, 0x01, 0x01, 0x03, 0x09, 0x30,
    0x09, 0x03, 0x01, 0x01, 0x01, 0x06, 0x04, 0x41, 0x10, 0x0c, 0xa8, 0x0c, 0x11, 0xe1, 0x39, 0x02,
    0x04, 0x06, 0x19, 0x24, 0x19, 0x06, 0x02, 0x02, 0x02, 0x3a, 0x11, 0x0c, 0xa8, 0x0c, 0x10, 0x01,
    0x19, 0x1b, 0x14, 0xa8, 0x14, 0x1b, 0x1b, 0x14, 0xa8, 0x14, 0x1b, 0x83, 0x01, 0x05, 0x03, 0x06,
    0x08, 0x06, 0x12, 0x12, 0x06, 0x08, 0x06, 0x04, 0x05, 0x54, 0x0c, 0x11, 0x11, 0x0c, 0x67, 0x03,
    0x08, 0x07, 0x0e, 0x0f, 0x0f, 0x0e, 0x04, 0x05, 0x06, 0x03, 0x41, 0x0c, 0x10, 0x10, 0x0c, 0x00,
    0x00, 0x01, 0x00, 0x00, 0x00, 0x00, 0x01, 0x07, 0x00, 0xf4, 0x00, 0x21, 0x00, 0x00, 0x37, 0x32,
    0x16, 0x1d, 0x01, 0x14, 0x16, 0x3b, 0x01, 0x27, 0x26, 0x34, 0x36, 0x32, 0x1f, 0x01, 0x16, 0x14,
    0x0f, 0x01, 0x06, 0x22, 0x26, 0x34, 0x3f, 0x01, 0x23, 0x22, 0x26, 0x3d, 0x01, 0x34, 0x36, 0x33,
    0x2f, 0x04, 0x05, 0x11, 0x0b, 0x92, 0x31, 0x03, 0x06, 0x07, 0x03, 0x42, 0x03, 0x03, 0x42, 0x03,
    0x07, 0x06, 0x03, 0x31, 0x92, 0x13, 0x1c, 0x06, 0x04, 0xf4, 0x06, 0x04, 0x38, 0x0c, 0x10, 0x32,
    0x02, 0x08, 0x06, 0x03, 0x42, 0x02, 0x08, 0x03, 0x42, 0x02, 0x05, 0x08, 0x03, 0x31, 0x1c, 0x13,
    0x38, 0x04, 0x06, 0x00, 0x00, 0x04, 0x00, 0x00, 0x00, 0x00, 0x01, 0x1a, 0x01, 0x07, 0x00, 0x0c,
    0x00, 0x19, 0x00, 0x35, 0x00, 0x51, 0x00, 0x00, 0x37, 0x22, 0x06, 0x1d, 0x01, 0x14, 0x16, 0x32,
    0x36, 0x3d, 0x01, 0x34, 0x26, 0x17, 0x14, 0x06, 0x22, 0x26, 0x3d, 0x01, 0x34, 0x36, 0x32, 0x16,
    0x1d, 0x01, 0x27, 0x15, 0x14, 0x16, 0x3b, 0x01, 0x32, 0x16, 0x14, 0x06, 0x2b, 0x01, 0x22, 0x26,
    0x3d, 0x01, 0x34, 0x36, 0x3b, 0x01, 0x32, 0x16, 0x14, 0x06, 0x2b, 0x01, 0x22, 0x06, 0x17, 0x15,
    0x14, 0x06, 0x2b, 0x01, 0x06, 0x26, 0x34, 0x36, 0x3b, 0x01, 0x32, 0x36, 0x3d, 0x01, 0x34, 0x26,
    0x2b, 0x01, 0x22, 0x26, 0x34, 0x36, 0x3b, 0x01, 0x36, 0x16, 0x96, 0x17, 0x21, 0x21, 0x2e, 0x21,
    0x21, 0x0f, 0x16, 0x20, 0x15, 0x15, 0x20, 0x15, 0x95, 0x05, 0x04, 0x09, 0x04, 0x06, 0x06, 0x04,
    0x09, 0x0c, 0x10, 0x10, 0x0c, 0x09, 0x04, 0x06, 0x06, 0x04, 0x09, 0x04, 0x05, 0xf3, 0x10, 0x0c,
    0x09, 0x04, 0x06, 0x06, 0x04, 0x09, 0x04, 0x06, 0x06, 0x04, 0x09, 0x04, 0x06, 0x06, 0x04, 0x09,
    0x0c, 0x10, 0xe1, 0x21, 0x17, 0x26, 0x17, 0x21, 0x21, 0x17, 0x26, 0x17, 0x21, 0x5e, 0x0f, 0x16,
    0x16, 0x0f, 0x26, 0x0f, 0x16, 0x16, 0x0f, 0x26, 0x67, 0xa8, 0x04, 0x06, 0x05, 0x08, 0x05, 0x10,
    0x0c, 0xa8, 0x0c, 0x11, 0x06, 0x08, 0x05, 0x06, 0x04, 0xa8, 0x0c, 0x10, 0x01, 0x06, 0x08, 0x05,
    0x06, 0x04, 0xa8, 0x04, 0x06, 0x05, 0x08, 0x05, 0x01, 0x11, 0x00, 0x00, 0x00, 0x04, 0x00, 0x00,
    0x00, 0x00, 0x01, 0x1a, 0x01, 0x1a, 0x00, 0x0b, 0x00, 0x14, 0x00, 0x21, 0x00, 0x2e, 0x00, 0x00,
    0x37, 0x34, 0x26, 0x22, 0x06, 0x1d, 0x01, 0x14, 0x16, 0x32, 0x36, 0x35, 0x37, 0x14, 0x06, 0x22,
    0x26, 0x34, 0x36, 0x32, 0x16, 0x27, 0x22, 0x0e, 0x01, 0x14, 0x1e, 0x01, 0x32, 0x3e, 0x01, 0x34,
    0x2e, 0x01, 0x07, 0x26, 0x3e, 0x01, 0x32, 0x1e, 0x01, 0x14, 0x0e, 0x02, 0x2e, 0x01, 0x9f, 0x05,
    0x08, 0x05, 0x05, 0x08, 0x05, 0x05, 0x08, 0x0c, 0x08, 0x08, 0x0c, 0x08, 0x0e, 0x24, 0x3c, 0x23,
    0x23, 0x3c, 0x48, 0x3c, 0x23, 0x23, 0x3c, 0x94, 0x01, 0x1f, 0x33, 0x3e, 0x33, 0x1f, 0x1f, 0x33,
    0x3e, 0x33, 0x1e, 0x9f, 0x04, 0x06, 0x06, 0x04, 0x38, 0x04, 0x05, 0x05, 0x04, 0x5e, 0x06, 0x08,
    0x08, 0x0c, 0x08, 0x08, 0x4e, 0x23, 0x3c, 0x48, 0x3c, 0x23, 0x23, 0x3c, 0x48, 0x3c, 0x23, 0x83,
    0x1f, 0x33, 0x1f, 0x1f, 0x33, 0x3e, 0x33, 0x1e, 0x01, 0x1f, 0x33, 0x00, 0x00, 0x05, 0x00, 0x00,
    0x00, 0x00, 0x01, 0x1a, 0x01, 0x1a, 0x00, 0x0f, 0x00, 0x13, 0x00, 0x24, 0x00, 0x28, 0x00, 0x53,
    0x00, 0x00, 0x37, 0x33, 0x32, 0x36, 0x3d, 0x01, 0x34, 0x26, 0x2b, 0x01, 0x22, 0x06, 0x1d, 0x01,
    0x14, 0x16, 0x37, 0x35, 0x33, 0x15, 0x07, 0x33, 0x32, 0x36, 0x3d, 0x01, 0x34, 0x26, 0x2b, 0x01,
    0x22, 0x06, 0x1d, 0x01, 0x14, 0x16, 0x33, 0x3d, 0x01, 0x33, 0x15, 0x27, 0x17, 0x31, 0x16, 0x14,
    0x0f, 0x01, 0x06, 0x22, 0x26, 0x34, 0x3f, 0x01, 0x23, 0x15, 0x14, 0x06, 0x2b, 0x01, 0x22, 0x26,
    0x34, 0x36, 0x3b, 0x01, 0x35, 0x23, 0x22, 0x26, 0x34, 0x36, 0x3b, 0x01, 0x32, 0x16, 0x1d, 0x01,
    0x33, 0x27, 0x26, 0x34, 0x36, 0x32, 0xce, 0x39, 0x07, 0x0b, 0x0b, 0x08, 0x38, 0x07, 0x0b, 0x0b,
    0x07, 0x39, 0x39, 0x39, 0x07, 0x0b, 0x0b, 0x08, 0x38, 0x07, 0x0b, 0x0b, 0x07, 0x39, 0x74, 0x26,
    0x03, 0x03, 0x26, 0x02, 0x08, 0x06, 0x03, 0x15, 0x50, 0x0b, 0x08, 0x25, 0x04, 0x06, 0x06, 0x04,
    0x25, 0x25, 0x04, 0x06, 0x06, 0x04, 0x25, 0x08, 0x0b, 0x50, 0x15, 0x03, 0x06, 0x08, 0xbc, 0x0b,
    0x07, 0x39, 0x07, 0x0b, 0x0b, 0x08, 0x38, 0x07, 0x0b, 0x12, 0x39, 0x39, 0xa8, 0x0b, 0x07, 0x39,
    0x07, 0x0b, 0x0b, 0x07, 0x39, 0x07, 0x0c, 0x13, 0x39, 0x39, 0x94, 0x26, 0x03, 0x07, 0x03, 0x26,
    0x02, 0x05, 0x08, 0x03, 0x15, 0x13, 0x07, 0x0b, 0x05, 0x08, 0x05, 0x39, 0x05, 0x08, 0x05, 0x0b,
    0x07, 0x13, 0x15, 0x03, 0x08, 0x05, 0x00, 0x00, 0x00, 0x03, 0x00, 0x00, 0x00, 0x00, 0x01, 0x1a,
    0x01, 0x07, 0x00, 0x23, 0x00, 0x32, 0x00, 0x38, 0x00, 0x00, 0x37, 0x34, 0x36, 0x3b, 0x01, 0x36,
    0x16, 0x1d, 0x01, 0x14, 0x06, 0x07, 0x26, 0x2f, 0x01, 0x3e, 0x01, 0x27, 0x37, 0x34, 0x26, 0x2b,
    0x01, 0x22, 0x06, 0x15, 0x17, 0x14, 0x16, 0x3b, 0x01, 0x15, 0x23, 0x22, 0x26, 0x35, 0x37, 0x26,
    0x06, 0x1d, 0x01, 0x14, 0x1e, 0x01, 0x36, 0x3f, 0x01, 0x33, 0x32, 0x36, 0x27, 0x07, 0x35, 0x17,
    0x23, 0x22, 0x07, 0x13, 0x16, 0x0f, 0xbc, 0x0f, 0x16, 0x0c, 0x0a, 0x02, 0x03, 0x08, 0x07, 0x0a,
    0x01, 0x01, 0x0b, 0x08, 0xbc, 0x08, 0x0b, 0x01, 0x0a, 0x08, 0x4b, 0x4b, 0x0f, 0x16, 0x93, 0x04,
    0x0c, 0x04, 0x05, 0x06, 0x02, 0x19, 0x2a, 0x07, 0x04, 0x04, 0x48, 0x2b, 0x18, 0x05, 0x03, 0xe1,
    0x10, 0x15, 0x01, 0x16, 0x10, 0x70, 0x0c, 0x12, 0x05, 0x04, 0x04, 0x08, 0x01, 0x0a, 0x08, 0x70,
    0x08, 0x0b, 0x0b, 0x08, 0x70, 0x08, 0x0b, 0x13, 0x16, 0x10, 0x22, 0x05, 0x05, 0x06, 0x71, 0x03,
    0x05, 0x02, 0x02, 0x03, 0x21, 0x0c, 0x04, 0x10, 0x3e, 0x2b, 0x04, 0x00, 0x00, 0x09, 0x00, 0x00,
    0x00, 0x00, 0x01, 0x1a, 0x01, 0x1c, 0x00, 0x0f, 0x00, 0x1f, 0x00, 0x31, 0x00, 0x43, 0x00, 0x53,
    0x00, 0x63, 0x00, 0x76, 0x00, 0x8a, 0x00, 0x93, 0x00, 0x00, 0x13, 0x22, 0x23, 0x26, 0x07, 0x06,
    0x2e, 0x01, 0x36, 0x37, 0x36, 0x17, 0x1e, 0x01, 0x0e, 0x01, 0x17, 0x16, 0x32, 0x3e, 0x01, 0x27,
    0x2e, 0x01, 0x27, 0x26, 0x0e, 0x01, 0x16, 0x17, 0x1e, 0x01, 0x07, 0x22, 0x2e, 0x01, 0x37, 0x3e,
    0x01, 0x37, 0x36, 0x1e, 0x01, 0x06, 0x07, 0x0e, 0x01, 0x07, 0x06, 0x23, 0x07, 0x22, 0x26, 0x27,
    0x26, 0x34, 0x37, 0x3e, 0x01, 0x1e, 0x01, 0x07, 0x06, 0x14, 0x17, 0x16, 0x06, 0x07, 0x17, 0x16,
    0x32, 0x36, 0x26, 0x27, 0x2e, 0x01, 0x27, 0x2e, 0x01, 0x0e, 0x01, 0x17, 0x1e, 0x01, 0x17, 0x22,
    0x27, 0x2e, 0x01, 0x3e, 0x01, 0x17, 0x16, 0x37, 0x36, 0x1e, 0x01, 0x06, 0x07, 0x06, 0x37, 0x16,
    0x33, 0x31, 0x32, 0x37, 0x3e, 0x01, 0x37, 0x36, 0x2e, 0x01, 0x06, 0x07, 0x0e, 0x01, 0x07, 0x0e,
    0x01, 0x37, 0x22, 0x31, 0x2e, 0x01, 0x37, 0x36, 0x34, 0x27, 0x26, 0x3e, 0x01, 0x16, 0x17, 0x16,
    0x14, 0x07, 0x0e, 0x01, 0x23, 0x27, 0x14, 0x06, 0x22, 0x26, 0x34, 0x36, 0x32, 0x16, 0xaf, 0x01,
    0x01, 0x17, 0x17, 0x03, 0x07, 0x02, 0x05, 0x04, 0x1a, 0x1a, 0x04, 0x05, 0x02, 0x05, 0x41, 0x03,
    0x08, 0x06, 0x01, 0x02, 0x07, 0x12, 0x0b, 0x03, 0x07, 0x05, 0x02, 0x03, 0x09, 0x0f, 0xbc, 0x03,
    0x06, 0x01, 0x02, 0x07, 0x12, 0x0b, 0x03, 0x07, 0x05, 0x02, 0x03, 0x09, 0x0f, 0x06, 0x03, 0x05,
    0x12, 0x04, 0x05, 0x01, 0x02, 0x02, 0x01, 0x07, 0x07, 0x05, 0x01, 0x02, 0x02, 0x01, 0x05, 0x04,
    0x2d, 0x02, 0x08, 0x05, 0x02, 0x03, 0x09, 0x0f, 0x06, 0x02, 0x08, 0x07, 0x01, 0x02, 0x07, 0x12,
    0x54, 0x0d, 0x0d, 0x04, 0x05, 0x02, 0x06, 0x04, 0x17, 0x17, 0x04, 0x06, 0x02, 0x05, 0x04, 0x0d,
    0x2f, 0x03, 0x05, 0x03, 0x02, 0x0b, 0x12, 0x07, 0x02, 0x01, 0x07, 0x08, 0x02, 0x06, 0x0f, 0x09,
    0x03, 0x02, 0x3d, 0x01, 0x04, 0x05, 0x01, 0x03, 0x03, 0x01, 0x05, 0x07, 0x07, 0x01, 0x02, 0x02,
    0x01, 0x05, 0x04, 0x64, 0x0b, 0x10, 0x0b, 0x0b, 0x10, 0x0b, 0x01, 0x04, 0x05, 0x05, 0x01, 0x05,
    0x07, 0x07, 0x01, 0x05, 0x05, 0x01, 0x07, 0x07, 0x04, 0x2f, 0x04, 0x04, 0x07, 0x03, 0x0b, 0x12,
    0x07, 0x02, 0x01, 0x07, 0x08, 0x02, 0x06, 0x0f, 0x0d, 0x04, 0x07, 0x03, 0x0b, 0x12, 0x07, 0x02,
    0x01, 0x07, 0x08, 0x02, 0x06, 0x0f, 0x09, 0x04, 0x5d, 0x04, 0x04, 0x0d, 0x1a, 0x0d, 0x04, 0x05,
    0x02, 0x07, 0x03, 0x0c, 0x17, 0x0b, 0x03, 0x07, 0x01, 0x4b, 0x01, 0x07, 0x08, 0x02, 0x06, 0x0f,
    0x09, 0x03, 0x02, 0x05, 0x07, 0x03, 0x0b, 0x12, 0x1d, 0x02, 0x01, 0x07, 0x07, 0x05, 0x01, 0x05,
    0x05, 0x01, 0x05, 0x07, 0x07, 0x01, 0x02, 0x19, 0x04, 0x01, 0x07, 0x12, 0x0b, 0x03, 0x07, 0x05,
    0x02, 0x03, 0x09, 0x0f, 0x06, 0x02, 0x08, 0x45, 0x01, 0x07, 0x03, 0x0b, 0x18, 0x0b, 0x03, 0x07,
    0x02, 0x05, 0x04, 0x0d, 0x1a, 0x0d, 0x04, 0x04, 0x22, 0x08, 0x0b, 0x0b, 0x10, 0x0b, 0x0b, 0x00,
    0x00, 0x03, 0x00, 0x00, 0x00, 0x00, 0x01, 0x1a, 0x01, 0x1a, 0x00, 0x08, 0x00, 0x2a, 0x00, 0x4c,
    0x00, 0x00, 0x37, 0x32, 0x36, 0x34, 0x26, 0x22, 0x06, 0x14, 0x16, 0x27, 0x33, 0x32, 0x36, 0x34,
    0x26, 0x2b, 0x01, 0x3e, 0x01, 0x32, 0x1e, 0x01, 0x15, 0x06, 0x16, 0x32, 0x36, 0x35, 0x34, 0x2e,
    0x01, 0x22, 0x06, 0x07, 0x35, 0x34, 0x26, 0x22, 0x06, 0x1d, 0x01, 0x14, 0x16, 0x17, 0x23, 0x22,
    0x06, 0x14, 0x16, 0x3b, 0x01, 0x0e, 0x01, 0x22, 0x2e, 0x01, 0x35, 0x2e, 0x01, 0x22, 0x06, 0x15,
    0x14, 0x1e, 0x01, 0x32, 0x36, 0x37, 0x15, 0x14, 0x1e, 0x01, 0x36, 0x3d, 0x01, 0x34, 0x26, 0x96,
    0x08, 0x0b, 0x0b, 0x10, 0x0b, 0x0b, 0x72, 0x38, 0x04, 0x06, 0x06, 0x04, 0x1f, 0x0f, 0x34, 0x3d,
    0x33, 0x1f, 0x01, 0x06, 0x08, 0x05, 0x23, 0x3c, 0x47, 0x3c, 0x12, 0x05, 0x08, 0x05, 0x05, 0xf8,
    0x38, 0x04, 0x06, 0x06, 0x04, 0x1f, 0x0f, 0x34, 0x3d, 0x33, 0x1e, 0x01, 0x05, 0x08, 0x05, 0x23,
    0x3c, 0x47, 0x3c, 0x12, 0x05, 0x08, 0x05, 0x05, 0x83, 0x0b, 0x10, 0x0b, 0x0b, 0x10, 0x0b, 0x39,
    0x05, 0x08, 0x05, 0x1a, 0x1f, 0x1f, 0x33, 0x1f, 0x04, 0x05, 0x05, 0x04, 0x24, 0x3c, 0x23, 0x22,
    0x1d, 0x23, 0x04, 0x06, 0x06, 0x04, 0x38, 0x04, 0x05, 0x4b, 0x06, 0x08, 0x05, 0x1a, 0x1e, 0x1e,
    0x33, 0x1f, 0x04, 0x05, 0x05, 0x04, 0x24, 0x3c, 0x23, 0x22, 0x1d, 0x23, 0x04, 0x05, 0x01, 0x06,
    0x04, 0x38, 0x04, 0x06, 0x00, 0x03, 0x00, 0x00, 0x00, 0x00, 0x01, 0x1a, 0x01, 0x1a, 0x00, 0x08,
    0x00, 0x15, 0x00, 0x22, 0x00, 0x00, 0x37, 0x14, 0x06, 0x22, 0x26, 0x34, 0x36, 0x32, 0x16, 0x07,
    0x14, 0x1e, 0x01, 0x32, 0x3e, 0x01, 0x34, 0x2e, 0x01, 0x22, 0x0e, 0x01, 0x17, 0x34, 0x3e, 0x01,
    0x32, 0x1e, 0x01, 0x14, 0x0e, 0x01, 0x22, 0x2e, 0x01, 0xa9, 0x0b, 0x10, 0x0b, 0x0b, 0x10, 0x0b,
    0x96, 0x23, 0x3c, 0x48, 0x3c, 0x23, 0x23, 0x3c, 0x48, 0x3c, 0x23, 0x13, 0x1e, 0x33, 0x3e, 0x33,
    0x1f, 0x1f, 0x33, 0x3e, 0x33, 0x1e, 0x96, 0x08, 0x0b, 0x0b, 0x10, 0x0b, 0x0b, 0x08, 0x24, 0x3c,
    0x23, 0x23, 0x3c, 0x48, 0x3c, 0x23, 0x23, 0x3c, 0x24, 0x1f, 0x33, 0x1f, 0x1f, 0x33, 0x3e, 0x33,
    0x1e, 0x1e, 0x33, 0x00, 0x00, 0x01, 0x00, 0x00, 0x00, 0x00, 0x00, 0xfe, 0x01, 0x07, 0x00, 0x1b,
    0x00, 0x00, 0x13, 0x23, 0x22, 0x06, 0x14, 0x16, 0x3b, 0x01, 0x07, 0x23, 0x22, 0x06, 0x14, 0x16,
    0x3b, 0x01, 0x32, 0x36, 0x34, 0x26, 0x2b, 0x01, 0x37, 0x33, 0x32, 0x36, 0x34, 0x26, 0xf4, 0x71,
    0x04, 0x05, 0x05, 0x04, 0x2f, 0x48, 0x32, 0x04, 0x05, 0x05, 0x04, 0x71, 0x04, 0x05, 0x05, 0x04,
    0x2b, 0x48, 0x2e, 0x04, 0x05, 0x05, 0x01, 0x06, 0x05, 0x08, 0x05, 0xbc, 0x05, 0x08, 0x06, 0x06,
    0x08, 0x05, 0xbc, 0x05, 0x08, 0x05, 0x00, 0x00, 0x00, 0x02, 0x00, 0x00, 0x00, 0x00, 0x01, 0x1a,
    0x01, 0x0c, 0x00, 0x26, 0x00, 0x3a, 0x00, 0x00, 0x37, 0x23, 0x22, 0x26, 0x3d, 0x01, 0x23, 0x22,
    0x26, 0x2f, 0x01, 0x26, 0x36, 0x3f, 0x01, 0x36, 0x16, 0x17, 0x1e, 0x01, 0x32, 0x36, 0x37, 0x3e,
    0x01, 0x1f, 0x01, 0x1e, 0x01, 0x0f, 0x01, 0x0e, 0x01, 0x2b, 0x01, 0x15, 0x14, 0x06, 0x23, 0x27,
    0x33, 0x35, 0x34, 0x36, 0x3b, 0x01, 0x37, 0x27, 0x0e, 0x01, 0x22, 0x26, 0x27, 0x07, 0x17, 0x33,
    0x32, 0x16, 0x15, 0xd8, 0x84, 0x04, 0x05, 0x21, 0x03, 0x05, 0x01, 0x0e, 0x01, 0x04, 0x03, 0x4e,
    0x03, 0x07, 0x02, 0x04, 0x13, 0x18, 0x13, 0x04, 0x02, 0x07, 0x03, 0x4e, 0x03, 0x04, 0x01, 0x0e,
    0x01, 0x05, 0x03, 0x21, 0x05, 0x04, 0x7a, 0x70, 0x06, 0x04, 0x23, 0x0a, 0x3e, 0x07, 0x1a, 0x20,
    0x1a, 0x07, 0x3e, 0x0a, 0x23, 0x04, 0x06, 0x26, 0x05, 0x04, 0x7a, 0x04, 0x03, 0x33, 0x04, 0x06,
    0x02, 0x1b, 0x01, 0x03, 0x04, 0x0c, 0x0e, 0x0e, 0x0c, 0x04, 0x03, 0x01, 0x1b, 0x02, 0x06, 0x04,
    0x33, 0x03, 0x04, 0x7a, 0x04, 0x05, 0x12, 0x7a, 0x04, 0x05, 0x25, 0x15, 0x0d, 0x10, 0x10, 0x0d,
    0x15, 0x24, 0x06, 0x04, 0x00, 0x02, 0x00, 0x00, 0x00, 0x00, 0x01, 0x07, 0x01, 0x07, 0x00, 0x28,
    0x00, 0x51, 0x00, 0x00, 0x13, 0x22, 0x06, 0x1d, 0x01, 0x14, 0x06, 0x07, 0x06, 0x14, 0x17, 0x1e,
    0x01, 0x1d, 0x01, 0x14, 0x16, 0x33, 0x3e, 0x01, 0x34, 0x26, 0x23, 0x22, 0x26, 0x3d, 0x01, 0x34,
    0x26, 0x27, 0x3e, 0x01, 0x3d, 0x01, 0x34, 0x36, 0x33, 0x32, 0x36, 0x34, 0x26, 0x33, 0x32, 0x16,
    0x1d, 0x01, 0x14, 0x16, 0x17, 0x16, 0x14, 0x07, 0x0e, 0x01, 0x1d, 0x01, 0x14, 0x06, 0x23, 0x2e,
    0x01, 0x34, 0x36, 0x33, 0x32, 0x36, 0x3d, 0x01, 0x34, 0x36, 0x37, 0x2e, 0x01, 0x3d, 0x01, 0x34,
    0x26, 0x23, 0x22, 0x26, 0x34, 0x36, 0x5e, 0x10, 0x16, 0x04, 0x09, 0x05, 0x05, 0x09, 0x04, 0x16,
    0x10, 0x04, 0x05, 0x05, 0x04, 0x08, 0x0b, 0x06, 0x05, 0x05, 0x06, 0x0b, 0x08, 0x04, 0x05, 0x05,
    0x6c, 0x10, 0x16, 0x04, 0x09, 0x06, 0x06, 0x09, 0x04, 0x16, 0x10, 0x04, 0x05, 0x05, 0x04, 0x08,
    0x0b, 0x06, 0x05, 0x05, 0x06, 0x0b, 0x08, 0x04, 0x05, 0x05, 0x01, 0x07, 0x16, 0x10, 0x26, 0x0e,
    0x0a, 0x05, 0x02, 0x0c, 0x02, 0x05, 0x0a, 0x0e, 0x26, 0x10, 0x16, 0x01, 0x05, 0x08, 0x05, 0x0b,
    0x08, 0x27, 0x11, 0x0e, 0x05, 0x05, 0x0e, 0x11, 0x27, 0x08, 0x0b, 0x05, 0x08, 0x06, 0x16, 0x10,
    0x26, 0x0e, 0x0a, 0x05, 0x02, 0x0c, 0x02, 0x05, 0x0a, 0x0e, 0x26, 0x10, 0x16, 0x01, 0x05, 0x08,
    0x05, 0x0b, 0x08, 0x27, 0x11, 0x0e, 0x05, 0x05, 0x0e, 0x11, 0x27, 0x08, 0x0b, 0x05, 0x08, 0x06,
    0x00, 0x03, 0x00, 0x00, 0x00, 0x00, 0x00, 0xa9, 0x00, 0xf4, 0x00, 0x08, 0x00, 0x11, 0x00, 0x1a,
    0x00, 0x00, 0x37, 0x22, 0x26, 0x34, 0x36, 0x32, 0x16, 0x14, 0x06, 0x07, 0x22, 0x26, 0x34, 0x36,
    0x32, 0x16, 0x14, 0x06, 0x07, 0x14, 0x16, 0x32, 0x36, 0x34, 0x26, 0x22, 0x06, 0x96, 0x08, 0x0b,
    0x0b, 0x10, 0x0b, 0x0b, 0x08, 0x08, 0x0b, 0x0b, 0x10, 0x0b, 0x0b, 0x1b, 0x0b, 0x10, 0x0b, 0x0b,
    0x10, 0x0b, 0xce, 0x0b, 0x10, 0x0b, 0x0b, 0x10, 0x0b, 0x4b, 0x0b, 0x10, 0x0b, 0x0b, 0x10, 0x0b,
    0x38, 0x08, 0x0b, 0x0b, 0x10, 0x0b, 0x0b, 0x00, 0x00, 0x03, 0x00, 0x00, 0x00, 0x00, 0x01, 0x1a,
    0x01, 0x1a, 0x00, 0x08, 0x00, 0x30, 0x00, 0x51, 0x00, 0x00, 0x37, 0x14, 0x06, 0x22, 0x2e, 0x01,
    0x36, 0x32, 0x16, 0x17, 0x14, 0x0e, 0x01, 0x2b, 0x01, 0x0f, 0x01, 0x06, 0x2b, 0x01, 0x15, 0x14,
    0x0f, 0x01, 0x06, 0x2b, 0x01, 0x15, 0x14, 0x0f, 0x01, 0x06, 0x2b, 0x01, 0x22, 0x26, 0x3d, 0x01,
    0x34, 0x3f, 0x01, 0x26, 0x27, 0x34, 0x3e, 0x01, 0x32, 0x1e, 0x01, 0x07, 0x34, 0x2e, 0x01, 0x22,
    0x0e, 0x01, 0x15, 0x14, 0x17, 0x16, 0x0f, 0x01, 0x15, 0x33, 0x35, 0x34, 0x36, 0x3b, 0x01, 0x35,
    0x34, 0x36, 0x3b, 0x01, 0x37, 0x36, 0x3b, 0x01, 0x32, 0x3e, 0x01, 0x35, 0xe1, 0x0b, 0x10, 0x0a,
    0x01, 0x0b, 0x10, 0x0b, 0x38, 0x16, 0x27, 0x17, 0x19, 0x0f, 0x06, 0x02, 0x02, 0x10, 0x02, 0x04,
    0x03, 0x04, 0x18, 0x03, 0x04, 0x03, 0x03, 0x2b, 0x08, 0x0b, 0x05, 0x5c, 0x03, 0x01, 0x17, 0x27,
    0x2e, 0x27, 0x16, 0x12, 0x12, 0x1e, 0x24, 0x1e, 0x12, 0x05, 0x02, 0x05, 0x5f, 0x25, 0x05, 0x04,
    0x1d, 0x05, 0x04, 0x17, 0x11, 0x03, 0x03, 0x1d, 0x12, 0x1e, 0x12, 0xce, 0x08, 0x0b, 0x0b, 0x10,
    0x0b, 0x0b, 0x11, 0x17, 0x27, 0x16, 0x0f, 0x03, 0x01, 0x18, 0x04, 0x03, 0x04, 0x03, 0x18, 0x04,
    0x03, 0x03, 0x03, 0x0b, 0x08, 0x1d, 0x08, 0x06, 0x5b, 0x0c, 0x0d, 0x17, 0x27, 0x16, 0x16, 0x27,
    0x17, 0x12, 0x1e, 0x12, 0x12, 0x1e, 0x12, 0x0c, 0x0c, 0x05, 0x05, 0x60, 0x1d, 0x1c, 0x04, 0x05,
    0x1c, 0x04, 0x06, 0x10, 0x02, 0x12, 0x1e, 0x12, 0x00, 0x02, 0x00, 0x00, 0x00, 0x00, 0x01, 0x1a,
    0x00, 0xf4, 0x00, 0x21, 0x00, 0x2f, 0x00, 0x00, 0x37, 0x32, 0x16, 0x1d, 0x01, 0x14, 0x16, 0x3b,
    0x01, 0x27, 0x26, 0x34, 0x36, 0x32, 0x1f, 0x01, 0x16, 0x14, 0x0f, 0x01, 0x06, 0x22, 0x26, 0x34,
    0x3f, 0x01, 0x23, 0x22, 0x26, 0x3d, 0x01, 0x34, 0x36, 0x33, 0x17, 0x1d, 0x01, 0x14, 0x16, 0x32,
    0x36, 0x3d, 0x01, 0x2e, 0x01, 0x0e, 0x01, 0x15, 0x1c, 0x04, 0x06, 0x10, 0x0c, 0x92, 0x32, 0x03,
    0x06, 0x08, 0x02, 0x42, 0x03, 0x03, 0x42, 0x02, 0x08, 0x06, 0x03, 0x32, 0x92, 0x14, 0x1b, 0x05,
    0x04, 0xeb, 0x06, 0x07, 0x05, 0x01, 0x05, 0x08, 0x05, 0xf4, 0x06, 0x04, 0x38, 0x0c, 0x10, 0x32,
    0x02, 0x08, 0x06, 0x03, 0x42, 0x02, 0x08, 0x03, 0x42, 0x02, 0x05, 0x08, 0x03, 0x31, 0x1c, 0x13,
    0x38, 0x04, 0x06, 0x13, 0xa9, 0x01, 0x04, 0x04, 0x06, 0x03, 0xab, 0x03, 0x05, 0x01, 0x05, 0x04,
    0x00, 0x02, 0x00, 0x00, 0x00, 0x00, 0x01, 0x1a, 0x00, 0xfe, 0x00, 0x21, 0x00, 0x2f, 0x00, 0x00,
    0x37, 0x32, 0x36, 0x3d, 0x01, 0x34, 0x36, 0x3b, 0x01, 0x07, 0x06, 0x14, 0x16, 0x32, 0x3f, 0x01,
    0x36, 0x34, 0x2f, 0x01, 0x26, 0x22, 0x06, 0x14, 0x1f, 0x01, 0x23, 0x22, 0x06, 0x1d, 0x01, 0x14,
    0x16, 0x33, 0x37, 0x1d, 0x01, 0x14, 0x16, 0x3e, 0x01, 0x3d, 0x01, 0x2e, 0x01, 0x22, 0x06, 0x15,
    0x1c, 0x04, 0x06, 0x10, 0x0c, 0x92, 0x32, 0x03, 0x06, 0x08, 0x02, 0x42, 0x03, 0x03, 0x42, 0x02,
    0x08, 0x06, 0x03, 0x32, 0x92, 0x14, 0x1b, 0x05, 0x04, 0xeb, 0x06, 0x07, 0x05, 0x01, 0x05, 0x08,
    0x05, 0x38, 0x06, 0x04, 0x38, 0x0c, 0x10, 0x32, 0x02, 0x08, 0x06, 0x03, 0x42, 0x02, 0x08, 0x03,
    0x42, 0x02, 0x05, 0x08, 0x03, 0x31, 0x1c, 0x13, 0x38, 0x04, 0x06, 0xbc, 0xa9, 0x02, 0x03, 0x05,
    0x01, 0x05, 0x04, 0xaa, 0x04, 0x04, 0x06, 0x03, 0x00, 0x02, 0x00, 0x00, 0x00, 0x00, 0x01, 0x1a,
    0x00, 0xfe, 0x00, 0x0c, 0x00, 0x28, 0x00, 0x00, 0x25, 0x35, 0x26, 0x36, 0x32, 0x16, 0x17, 0x15,
    0x14, 0x0e, 0x01, 0x26, 0x35, 0x27, 0x35, 0x26, 0x36, 0x37, 0x33, 0x27, 0x2e, 0x01, 0x3f, 0x01,
    0x36, 0x32, 0x1f, 0x01, 0x1e, 0x01, 0x0f, 0x01, 0x06, 0x22, 0x2e, 0x01, 0x3f, 0x01, 0x23, 0x22,
    0x26, 0x01, 0x07, 0x01, 0x05, 0x08, 0x05, 0x01, 0x05, 0x07, 0x06, 0xe1, 0x01, 0x05, 0x03, 0xa7,
    0x33, 0x02, 0x01, 0x02, 0x01, 0x03, 0x07, 0x02, 0x44, 0x02, 0x01, 0x02, 0x43, 0x03, 0x07, 0x06,
    0x01, 0x02, 0x34, 0xa5, 0x04, 0x05, 0x4b, 0xa9, 0x03, 0x06, 0x04, 0x04, 0xaa, 0x04, 0x05, 0x01,
    0x05, 0x03, 0x55, 0x01, 0x04, 0x05, 0x01, 0x32, 0x02, 0x07, 0x03, 0x01, 0x03, 0x02, 0x43, 0x02,
    0x07, 0x03, 0x44, 0x02, 0x04, 0x07, 0x03, 0x34, 0x04, 0x00, 0x00, 0x00, 0x00, 0x06, 0x00, 0x00,
    0x00, 0x00, 0x01, 0x1a, 0x01, 0x07, 0x00, 0x2f, 0x00, 0x32, 0x00, 0x39, 0x00, 0x46, 0x00, 0x4d,
    0x00, 0x50, 0x00, 0x00, 0x37, 0x31, 0x15, 0x14, 0x16, 0x32, 0x36, 0x35, 0x27, 0x33, 0x32, 0x36,
    0x34, 0x26, 0x2b, 0x01, 0x22, 0x06, 0x14, 0x16, 0x3b, 0x01, 0x07, 0x15, 0x14, 0x16, 0x32, 0x36,
    0x35, 0x27, 0x33, 0x15, 0x23, 0x22, 0x06, 0x14, 0x16, 0x3b, 0x01, 0x32, 0x36, 0x34, 0x26, 0x2b,
    0x01, 0x35, 0x33, 0x07, 0x27, 0x17, 0x23, 0x17, 0x22, 0x26, 0x27, 0x33, 0x0e, 0x01, 0x17, 0x14,
    0x06, 0x2b, 0x01, 0x22, 0x26, 0x34, 0x36, 0x3b, 0x01, 0x32, 0x16, 0x37, 0x22, 0x26, 0x27, 0x33,
    0x0e, 0x01, 0x27, 0x37, 0x17, 0xbc, 0x1b, 0x27, 0x1b, 0x21, 0x0f, 0x03, 0x06, 0x06, 0x03, 0xcf,
    0x04, 0x05, 0x05, 0x04, 0x0f, 0x21, 0x1b, 0x27, 0x1b, 0x21, 0x34, 0x2f, 0x0b, 0x11, 0x11, 0x0b,
    0x71, 0x0b, 0x11, 0x11, 0x0b, 0x2f, 0x34, 0x21, 0x68, 0x18, 0x2f, 0x17, 0x09, 0x0e, 0x03, 0x35,
    0x03, 0x0f, 0x84, 0x05, 0x04, 0x71, 0x04, 0x05, 0x05, 0x04, 0x71, 0x04, 0x05, 0x09, 0x09, 0x0e,
    0x03, 0x35, 0x03, 0x0f, 0x20, 0x17, 0x18, 0xa3, 0x04, 0x13, 0x1b, 0x1b, 0x13, 0x55, 0x05, 0x08,
    0x06, 0x06, 0x08, 0x05, 0x51, 0x04, 0x13, 0x1b, 0x1b, 0x13, 0x55, 0x96, 0x11, 0x17, 0x10, 0x10,
    0x17, 0x11, 0x96, 0x51, 0x41, 0x3b, 0x26, 0x0b, 0x08, 0x08, 0x0b, 0x41, 0x04, 0x06, 0x06, 0x07,
    0x06, 0x06, 0x3e, 0x0b, 0x08, 0x08, 0x0b, 0x26, 0x3b, 0x3b, 0x00, 0x00, 0x00, 0x06, 0x00, 0x00,
    0x00, 0x00, 0x01, 0x2c, 0x01, 0x1a, 0x00, 0x13, 0x00, 0x17, 0x00, 0x29, 0x00, 0x37, 0x00, 0x40,
    0x00, 0x52, 0x00, 0x00, 0x37, 0x17, 0x16, 0x32, 0x3f, 0x01, 0x3e, 0x01, 0x34, 0x26, 0x2f, 0x01,
    0x26, 0x22, 0x0f, 0x01, 0x0e, 0x01, 0x1e, 0x01, 0x37, 0x17, 0x07, 0x27, 0x17, 0x07, 0x27, 0x06,
    0x1e, 0x01, 0x1f, 0x01, 0x16, 0x32, 0x3f, 0x01, 0x36, 0x3f, 0x01, 0x3e, 0x01, 0x34, 0x07, 0x27,
    0x06, 0x14, 0x16, 0x1f, 0x01, 0x16, 0x32, 0x3f, 0x01, 0x27, 0x34, 0x3f, 0x01, 0x22, 0x06, 0x14,
    0x16, 0x32, 0x36, 0x34, 0x26, 0x17, 0x07, 0x06, 0x22, 0x2f, 0x01, 0x26, 0x34, 0x36, 0x32, 0x1f,
    0x01, 0x37, 0x36, 0x32, 0x16, 0x14, 0x07, 0x2f, 0x5d, 0x05, 0x0a, 0x05, 0x5d, 0x05, 0x04, 0x04,
    0x05, 0x5d, 0x05, 0x0a, 0x05, 0x5d, 0x05, 0x05, 0x01, 0x04, 0x6c, 0x5e, 0x5e, 0x5e, 0xcc, 0x6e,
    0x6e, 0x03, 0x01, 0x04, 0x05, 0x5d, 0x05, 0x0a, 0x05, 0x19, 0x12, 0x1c, 0x16, 0x05, 0x05, 0x71,
    0x6e, 0x02, 0x04, 0x05, 0x5d, 0x05, 0x0a, 0x05, 0x0a, 0x01, 0x01, 0x4a, 0x18, 0x20, 0x20, 0x2f,
    0x21, 0x21, 0x07, 0x21, 0x03, 0x07, 0x03, 0x13, 0x03, 0x06, 0x08, 0x02, 0x0c, 0x1b, 0x02, 0x08,
    0x06, 0x03, 0xbe, 0x38, 0x03, 0x03, 0x38, 0x03, 0x08, 0x0a, 0x09, 0x02, 0x39, 0x02, 0x02, 0x39,
    0x02, 0x09, 0x0a, 0x08, 0x46, 0x39, 0x38, 0x38, 0x25, 0x42, 0x42, 0x05, 0x09, 0x09, 0x03, 0x38,
    0x03, 0x03, 0x0f, 0x17, 0x05, 0x0d, 0x03, 0x09, 0x09, 0x6c, 0x42, 0x04, 0x0a, 0x09, 0x03, 0x38,
    0x02, 0x02, 0x06, 0x0a, 0x05, 0x07, 0x2d, 0x21, 0x2f, 0x21, 0x21, 0x2f, 0x21, 0x31, 0x21, 0x03,
    0x03, 0x13, 0x02, 0x08, 0x06, 0x03, 0x0c, 0x1a, 0x03, 0x06, 0x08, 0x02, 0x00, 0x05, 0x00, 0x00,
    0x00, 0x00, 0x01, 0x2c, 0x01, 0x1a, 0x00, 0x13, 0x00, 0x17, 0x00, 0x29, 0x00, 0x37, 0x00, 0x40,
    0x00, 0x00, 0x37, 0x17, 0x16, 0x32, 0x3f, 0x01, 0x3e, 0x01, 0x34, 0x26, 0x2f, 0x01, 0x26, 0x22,
    0x0f, 0x01, 0x0e, 0x01, 0x1e, 0x01, 0x37, 0x17, 0x07, 0x27, 0x17, 0x07, 0x27, 0x06, 0x1e, 0x01,
    0x1f, 0x01, 0x16, 0x32, 0x3f, 0x01, 0x36, 0x3f, 0x01, 0x3e, 0x01, 0x34, 0x07, 0x27, 0x06, 0x14,
    0x16, 0x1f, 0x01, 0x16, 0x32, 0x3f, 0x01, 0x27, 0x34, 0x37, 0x17, 0x32, 0x36, 0x34, 0x26, 0x22,
    0x06, 0x14, 0x16, 0x2f, 0x5d, 0x05, 0x0a, 0x05, 0x5d, 0x05, 0x04, 0x04, 0x05, 0x5d, 0x05, 0x0a,
    0x05, 0x5d, 0x05, 0x05, 0x01, 0x04, 0x6c, 0x5e, 0x5e, 0x5e, 0xcc, 0x6e, 0x6e, 0x03, 0x01, 0x04,
    0x05, 0x5d, 0x05, 0x0a, 0x05, 0x19, 0x12, 0x1c, 0x16, 0x05, 0x05, 0x71, 0x6e, 0x02, 0x04, 0x05,
    0x5d, 0x05, 0x0a, 0x05, 0x0a, 0x01, 0x01, 0x4a, 0x17, 0x21, 0x21, 0x2f, 0x20, 0x20, 0xbe, 0x38,
    0x03, 0x03, 0x38, 0x03, 0x08, 0x0a, 0x09, 0x02, 0x39, 0x02, 0x02, 0x39, 0x02, 0x09, 0x0a, 0x08,
    0x46, 0x39, 0x38, 0x38, 0x25, 0x42, 0x42, 0x05, 0x09, 0x09, 0x03, 0x38, 0x03, 0x03, 0x0f, 0x17,
    0x05, 0x0d, 0x03, 0x09, 0x09, 0x6c, 0x42, 0x04, 0x0a, 0x09, 0x03, 0x38, 0x02, 0x02, 0x06, 0x0a,
    0x05, 0x07, 0x44, 0x21, 0x2f, 0x20, 0x20, 0x2f, 0x21, 0x00, 0x00, 0x00, 0x00, 0x04, 0x00, 0x00,
    0x00, 0x00, 0x01, 0x07, 0x01, 0x1a, 0x00, 0x14, 0x00, 0x18, 0x00, 0x27, 0x00, 0x36, 0x00, 0x00,
    0x37, 0x22, 0x2f, 0x01, 0x2e, 0x01, 0x34, 0x36, 0x3f, 0x01, 0x36, 0x32, 0x1f, 0x01, 0x1e, 0x01,
    0x14, 0x06, 0x0f, 0x01, 0x06, 0x27, 0x07, 0x17, 0x37, 0x07, 0x17, 0x37, 0x16, 0x0e, 0x01, 0x0f,
    0x01, 0x06, 0x22, 0x2f, 0x01, 0x2e, 0x01, 0x36, 0x1f, 0x01, 0x37, 0x16, 0x14, 0x06, 0x0f, 0x01,
    0x06, 0x22, 0x2f, 0x01, 0x2e, 0x01, 0x36, 0x96, 0x05, 0x05, 0x5d, 0x05, 0x04, 0x04, 0x05, 0x5d,
    0x05, 0x0a, 0x05, 0x5d, 0x05, 0x04, 0x04, 0x05, 0x5d, 0x05, 0x05, 0x5e, 0x5e, 0x5e, 0xcc, 0x6e,
    0x6e, 0x03, 0x01, 0x04, 0x05, 0x5d, 0x05, 0x0a, 0x05, 0x5d, 0x05, 0x05, 0x01, 0x02, 0x6e, 0x6e,
    0x03, 0x05, 0x05, 0x5d, 0x05, 0x0a, 0x05, 0x5d, 0x05, 0x05, 0x01, 0x83, 0x03, 0x38, 0x03, 0x08,
    0x0a, 0x09, 0x02, 0x39, 0x02, 0x02, 0x39, 0x02, 0x09, 0x0a, 0x08, 0x03, 0x38, 0x03, 0x84, 0x39,
    0x38, 0x38, 0x25, 0x42, 0x42, 0x05, 0x0a, 0x08, 0x03, 0x38, 0x03, 0x03, 0x38, 0x03, 0x08, 0x0a,
    0x2a, 0x42, 0x42, 0x04, 0x0a, 0x09, 0x03, 0x38, 0x03, 0x03, 0x38, 0x03, 0x09, 0x0a, 0x00, 0x00,
    0x00, 0x02, 0x00, 0x00, 0x00, 0x00, 0x01, 0x1a, 0x01, 0x1a, 0x00, 0x0f, 0x00, 0x1a, 0x00, 0x00,
    0x13, 0x23, 0x22, 0x06, 0x1d, 0x01, 0x14, 0x16, 0x3b, 0x01, 0x32, 0x36, 0x3d, 0x01, 0x34, 0x26,
    0x07, 0x35, 0x33, 0x32, 0x16, 0x1d, 0x01, 0x16, 0x06, 0x07, 0x23, 0xea, 0xa8, 0x14, 0x1b, 0x1b,
    0x14, 0xa8, 0x14, 0x1b, 0x1b, 0xb3, 0x9f, 0x0c, 0x10, 0x01, 0x11, 0x0c, 0x9f, 0x01, 0x19, 0x1b,
    0x14, 0xa8, 0x14, 0x1b, 0x1b, 0x14, 0xa8, 0x14, 0x1b, 0xf3, 0xe1, 0x11, 0x0c, 0xa8, 0x0c, 0x10,
    0x01, 0x00, 0x00, 0x00, 0x00, 0x02, 0x00, 0x00, 0x00, 0x00, 0x01, 0x1a, 0x01, 0x1a, 0x00, 0x0f,
    0x00, 0x19, 0x00, 0x00, 0x37, 0x15, 0x14, 0x16, 0x3b, 0x01, 0x32, 0x36, 0x3d, 0x01, 0x34, 0x26,
    0x2b, 0x01, 0x22, 0x06, 0x17, 0x22, 0x26, 0x3d, 0x01, 0x3e, 0x01, 0x17, 0x33, 0x15, 0x13, 0x1b,
    0x14, 0xa8, 0x14, 0x1b, 0x1b, 0x14, 0xa8, 0x14, 0x1b, 0x2f, 0x0c, 0x11, 0x01, 0x10, 0x0c, 0x9f,
    0xea, 0xa8, 0x14, 0x1b, 0x1b, 0x14, 0xa8, 0x14, 0x1b, 0x1b, 0xd8, 0x10, 0x0c, 0xa8, 0x0c, 0x11,
    0x01, 0xe0, 0x00, 0x00, 0x00, 0x03, 0x00, 0x00, 0x00, 0x00, 0x01, 0x1a, 0x01, 0x1a, 0x00, 0x0f,
    0x00, 0x19, 0x00, 0x23, 0x00, 0x00, 0x13, 0x33, 0x32, 0x16, 0x1d, 0x01, 0x14, 0x06, 0x2b, 0x01,
    0x22, 0x26, 0x3d, 0x01, 0x34, 0x36, 0x07, 0x15, 0x14, 0x16, 0x3b, 0x01, 0x35, 0x23, 0x22, 0x06,
    0x17, 0x32, 0x36, 0x3d, 0x01, 0x34, 0x26, 0x2b, 0x01, 0x15, 0x42, 0xa8, 0x14, 0x1b, 0x1b, 0x14,
    0xa8, 0x14, 0x1b, 0x1b, 0x08, 0x10, 0x0c, 0x2f, 0x2f, 0x0c, 0x10, 0xc4, 0x0c, 0x11, 0x11, 0x0c,
    0x2e, 0x01, 0x19, 0x1b, 0x14, 0xa8, 0x14, 0x1b, 0x1b, 0x14, 0xa8, 0x14, 0x1b, 0x2f, 0xa8, 0x0c,
    0x10, 0xe1, 0x11, 0xd0, 0x10, 0x0c, 0xa8, 0x0c, 0x11, 0xe1, 0x00, 0x00, 0x00, 0x05, 0x00, 0x00,
    0x00, 0x00, 0x01, 0x1a, 0x01, 0x1a, 0x00, 0x0b, 0x00, 0x17, 0x00, 0x23, 0x00, 0x33, 0x00, 0x44,
    0x00, 0x00, 0x37, 0x32, 0x16, 0x14, 0x06, 0x2b, 0x01, 0x22, 0x26, 0x34, 0x36, 0x3b, 0x01, 0x32,
    0x16, 0x14, 0x06, 0x2b, 0x01, 0x22, 0x26, 0x3e, 0x01, 0x3b, 0x01, 0x32, 0x16, 0x14, 0x06, 0x2b,
    0x01, 0x22, 0x26, 0x34, 0x36, 0x33, 0x37, 0x32, 0x16, 0x1d, 0x01, 0x14, 0x06, 0x2b, 0x01, 0x22,
    0x26, 0x3d, 0x01, 0x34, 0x36, 0x33, 0x15, 0x22, 0x06, 0x07, 0x15, 0x1e, 0x01, 0x3b, 0x01, 0x3e,
    0x01, 0x27, 0x35, 0x36, 0x26, 0x2b, 0x01, 0x54, 0x04, 0x06, 0x06, 0x04, 0x12, 0x04, 0x06, 0x06,
    0x04, 0x4b, 0x04, 0x05, 0x05, 0x04, 0x13, 0x04, 0x06, 0x01, 0x05, 0x04, 0x4b, 0x04, 0x05, 0x05,
    0x04, 0x13, 0x04, 0x05, 0x05, 0x04, 0x38, 0x14, 0x1b, 0x1b, 0x14, 0xa8, 0x14, 0x1b, 0x1b, 0x14,
    0x0c, 0x10, 0x01, 0x01, 0x10, 0x0c, 0xa8, 0x0c, 0x11, 0x01, 0x01, 0x11, 0x0c, 0xa8, 0xf4, 0x06,
    0x08, 0x05, 0x05, 0x08, 0x06, 0x06, 0x08, 0x05, 0x05, 0x08, 0x06, 0x06, 0x08, 0x05, 0x05, 0x08,
    0x06, 0x25, 0x1b, 0x14, 0xa8, 0x14, 0x1b, 0x1b, 0x14, 0xa8, 0x14, 0x1b, 0x12, 0x11, 0x0c, 0xa8,
    0x0c, 0x11, 0x01, 0x10, 0x0c, 0xa8, 0x0c, 0x10, 0x00, 0x04, 0x00, 0x00, 0x00, 0x00, 0x01, 0x1a,
    0x01, 0x1a, 0x00, 0x0f, 0x00, 0x19, 0x00, 0x1d, 0x00, 0x27, 0x00, 0x00, 0x13, 0x23, 0x22, 0x06,
    0x1d, 0x01, 0x14, 0x16, 0x3b, 0x01, 0x32, 0x36, 0x3d, 0x01, 0x34, 0x26, 0x07, 0x35, 0x34, 0x36,
    0x3b, 0x01, 0x15, 0x23, 0x22, 0x26, 0x37, 0x35, 0x33, 0x15, 0x17, 0x14, 0x06, 0x2b, 0x01, 0x35,
    0x33, 0x32, 0x16, 0x15, 0xea, 0xa8, 0x14, 0x1b, 0x1b, 0x14, 0xa8, 0x14, 0x1b, 0x1b, 0xd8, 0x10,
    0x0c, 0x09, 0x09, 0x0c, 0x10, 0x38, 0x70, 0x39, 0x11, 0x0c, 0x09, 0x09, 0x0c, 0x11, 0x01, 0x19,
    0x1b, 0x14, 0xa8, 0x14, 0x1b, 0x1b, 0x14, 0xa8, 0x14, 0x1b, 0xd7, 0xa8, 0x0c, 0x11, 0xe1, 0x10,
    0x3b, 0x96, 0x96, 0x2f, 0x0c, 0x10, 0xe1, 0x11, 0x0c, 0x00, 0x00, 0x00, 0x00, 0x03, 0x00, 0x00,
    0x00, 0x00, 0x01, 0x1a, 0x01, 0x1a, 0x00, 0x19, 0x00, 0x29, 0x00, 0x34, 0x00, 0x00, 0x37, 0x32,
    0x16, 0x1d, 0x01, 0x37, 0x36, 0x32, 0x1e, 0x01, 0x0f, 0x01, 0x06, 0x22, 0x27, 0x31, 0x27, 0x26,
    0x34, 0x36, 0x32, 0x1f, 0x01, 0x35, 0x34, 0x36, 0x37, 0x32, 0x16, 0x1d, 0x01, 0x14, 0x06, 0x2b,
    0x01, 0x22, 0x26, 0x3d, 0x01, 0x34, 0x36, 0x33, 0x15, 0x22, 0x06, 0x07, 0x15, 0x33, 0x35, 0x34,
    0x26, 0x2b, 0x01, 0x96, 0x04, 0x05, 0x0c, 0x03, 0x08, 0x05, 0x01, 0x03, 0x1c, 0x03, 0x08, 0x03,
    0x1c, 0x02, 0x05, 0x08, 0x03, 0x0c, 0x05, 0x58, 0x14, 0x1b, 0x1b, 0x14, 0xa8, 0x14, 0x1b, 0x1b,
    0x14, 0x0c, 0x10, 0x01, 0xe2, 0x11, 0x0c, 0xa8, 0xf4, 0x06, 0x04, 0x47, 0x0c, 0x03, 0x05, 0x08,
    0x03, 0x1c, 0x03, 0x03, 0x1c, 0x03, 0x08, 0x05, 0x03, 0x0c, 0x47, 0x04, 0x06, 0x25, 0x1b, 0x14,
    0xa8, 0x14, 0x1b, 0x1b, 0x14, 0xa8, 0x14, 0x1b, 0x12, 0x11, 0x0c, 0x79, 0x79, 0x0c, 0x10, 0x00,
    0x00, 0x04, 0x00, 0x00, 0x00, 0x00, 0x01, 0x1a, 0x01, 0x1a, 0x00, 0x0f, 0x00, 0x16, 0x00, 0x1a,
    0x00, 0x21, 0x00, 0x00, 0x13, 0x23, 0x22, 0x06, 0x1d, 0x01, 0x14, 0x16, 0x3b, 0x01, 0x32, 0x36,
    0x3d, 0x01, 0x34, 0x26, 0x17, 0x15, 0x23, 0x35, 0x33, 0x32, 0x16, 0x07, 0x33, 0x35, 0x2b, 0x01,
    0x15, 0x23, 0x35, 0x34, 0x36, 0x33, 0xea, 0xa8, 0x14, 0x1b, 0x1b, 0x14, 0xa8, 0x14, 0x1b, 0x1b,
    0x09, 0x26, 0x09, 0x0c, 0x11, 0xa9, 0x70, 0x70, 0x13, 0x25, 0x10, 0x0c, 0x01, 0x19, 0x1b, 0x14,
    0xa8, 0x14, 0x1b, 0x1b, 0x14, 0xa8, 0x14, 0x1b, 0x2f, 0x79, 0x96, 0x11, 0x85, 0x96, 0x96, 0x79,
    0x0c, 0x11, 0x00, 0x00, 0x00, 0x03, 0x00, 0x00, 0x00, 0x00, 0x01, 0x1a, 0x01, 0x1a, 0x00, 0x0f,
    0x00, 0x16, 0x00, 0x20, 0x00, 0x00, 0x37, 0x15, 0x14, 0x16, 0x3b, 0x01, 0x32, 0x36, 0x3d, 0x01,
    0x34, 0x26, 0x2b, 0x01, 0x22, 0x06, 0x37, 0x15, 0x23, 0x35, 0x34, 0x36, 0x3b, 0x02, 0x32, 0x16,
    0x1d, 0x01, 0x14, 0x06, 0x2b, 0x01, 0x13, 0x1b, 0x14, 0xa8, 0x14, 0x1b, 0x1b, 0x14, 0xa8, 0x14,
    0x1b, 0x96, 0x83, 0x10, 0x0c, 0x7a, 0x2e, 0x0c, 0x11, 0x11, 0x0c, 0x2e, 0xea, 0xa8, 0x14, 0x1b,
    0x1b, 0x14, 0xa8, 0x14, 0x1b, 0x1b, 0x09, 0x96, 0x79, 0x0c, 0x11, 0x11, 0x0c, 0xa8, 0x0c, 0x10,
    0x00, 0x03, 0x00, 0x00, 0x00, 0x00, 0x01, 0x1a, 0x01, 0x1a, 0x00, 0x0f, 0x00, 0x19, 0x00, 0x23,
    0x00, 0x00, 0x13, 0x23, 0x22, 0x06, 0x1d, 0x01, 0x14, 0x16, 0x3b, 0x01, 0x32, 0x36, 0x3d, 0x01,
    0x34, 0x26, 0x17, 0x14, 0x06, 0x2b, 0x01, 0x22, 0x26, 0x3d, 0x01, 0x33, 0x35, 0x23, 0x35, 0x34,
    0x36, 0x3b, 0x01, 0x32, 0x16, 0x15, 0xea, 0xa8, 0x14, 0x1b, 0x1b, 0x14, 0xa8, 0x14, 0x1b, 0x1b,
    0x09, 0x11, 0x0c, 0xa8, 0x0c, 0x10, 0xe1, 0xe1, 0x10, 0x0c, 0xa8, 0x0c, 0x11, 0x01, 0x19, 0x1b,
    0x14, 0xa8, 0x14, 0x1b, 0x1b, 0x14, 0xa8, 0x14, 0x1b, 0xd7, 0x0c, 0x10, 0x10, 0x0c, 0x1c, 0x13,
    0x79, 0x0c, 0x11, 0x11, 0x0c, 0x00, 0x00, 0x00, 0x00, 0x03, 0x00, 0x00, 0x00, 0x00, 0x01, 0x1a,
    0x01, 0x1a, 0x00, 0x0f, 0x00, 0x16, 0x00, 0x20, 0x00, 0x00, 0x13, 0x23, 0x22, 0x06, 0x1d, 0x01,
    0x14, 0x16, 0x3b, 0x01, 0x32, 0x36, 0x3d, 0x01, 0x34, 0x26, 0x07, 0x32, 0x16, 0x1d, 0x01, 0x23,
    0x35, 0x07, 0x23, 0x22, 0x26, 0x3d, 0x01, 0x34, 0x36, 0x3b, 0x01, 0xea, 0xa8, 0x14, 0x1b, 0x1b,
    0x14, 0xa8, 0x14, 0x1b, 0x1b, 0x14, 0x0c, 0x11, 0x84, 0x12, 0x2f, 0x0c, 0x10, 0x10, 0x0c, 0x2f,
    0x01, 0x19, 0x1b, 0x14, 0xa8, 0x14, 0x1b, 0x1b, 0x14, 0xa8, 0x14, 0x1b, 0x12, 0x11, 0x0c, 0x79,
    0x96, 0xe1, 0x10, 0x0c, 0xa8, 0x0c, 0x11, 0x00, 0x00, 0x02, 0x00, 0x00, 0x00, 0x00, 0x01, 0x1a,
    0x01, 0x1a, 0x00, 0x0f, 0x00, 0x1a, 0x00, 0x00, 0x25, 0x14, 0x06, 0x2b, 0x01, 0x22, 0x26, 0x3d,
    0x01, 0x34, 0x36, 0x3b, 0x01, 0x32, 0x16, 0x15, 0x07, 0x33, 0x35, 0x34, 0x26, 0x2b, 0x01, 0x26,
    0x06, 0x07, 0x15, 0x01, 0x19, 0x1b, 0x14, 0xa8, 0x14, 0x1b, 0x1b, 0x14, 0xa8, 0x14, 0x1b, 0xf3,
    0xe1, 0x11, 0x0c, 0xa8, 0x0c, 0x10, 0x01, 0x42, 0x14, 0x1b, 0x1b, 0x14, 0xa8, 0x14, 0x1b, 0x1b,
    0x14, 0x79, 0x79, 0x0c, 0x10, 0x01, 0x11, 0x0c, 0x79, 0x00, 0x00, 0x00, 0x00, 0x03, 0x00, 0x00,
    0x00, 0x00, 0x01, 0x1a, 0x01, 0x1a, 0x00, 0x19, 0x00, 0x29, 0x00, 0x33, 0x00, 0x00, 0x37, 0x26,
    0x22, 0x0f, 0x01, 0x31, 0x06, 0x14, 0x1f, 0x01, 0x16, 0x32, 0x36, 0x34, 0x2f, 0x01, 0x33, 0x32,
    0x36, 0x34, 0x26, 0x2b, 0x01, 0x37, 0x36, 0x34, 0x27, 0x22, 0x06, 0x1d, 0x01, 0x14, 0x16, 0x3b,
    0x01, 0x32, 0x36, 0x3d, 0x01, 0x34, 0x26, 0x23, 0x15, 0x32, 0x16, 0x15, 0x17, 0x14, 0x06, 0x07,
    0x23, 0x35, 0xaf, 0x02, 0x08, 0x03, 0x1c, 0x03, 0x03, 0x1c, 0x03, 0x08, 0x05, 0x03, 0x0c, 0x47,
    0x04, 0x06, 0x06, 0x04, 0x47, 0x0c, 0x03, 0x70, 0x14, 0x1b, 0x1b, 0x14, 0xa8, 0x14, 0x1b, 0x1b,
    0x14, 0x0c, 0x10, 0x01, 0x11, 0x0c, 0x79, 0xb9, 0x02, 0x02, 0x1c, 0x03, 0x08, 0x03, 0x1c, 0x02,
    0x05, 0x08, 0x03, 0x0c, 0x05, 0x08, 0x05, 0x0c, 0x03, 0x08, 0x63, 0x1b, 0x14, 0xa8, 0x14, 0x1b,
    0x1b, 0x14, 0xa8, 0x14, 0x1b, 0x12, 0x11, 0x0c, 0xa8, 0x0c, 0x10, 0x01, 0xe2, 0x00, 0x00, 0x00,
    0x00, 0x03, 0x00, 0x00, 0x00, 0x00, 0x01, 0x1a, 0x01, 0x1a, 0x00, 0x0f, 0x00, 0x19, 0x00, 0x23,
    0x00, 0x00, 0x37, 0x15, 0x14, 0x16, 0x3b, 0x01, 0x32, 0x36, 0x3d, 0x01, 0x34, 0x26, 0x2b, 0x01,
    0x22, 0x06, 0x17, 0x23, 0x35, 0x33, 0x32, 0x16, 0x1d, 0x01, 0x14, 0x06, 0x27, 0x34, 0x36, 0x3b,
    0x01, 0x15, 0x23, 0x22, 0x26, 0x35, 0x13, 0x1b, 0x14, 0xa8, 0x14, 0x1b, 0x1b, 0x14, 0xa8, 0x14,
    0x1b, 0xd7, 0x67, 0x67, 0x0c, 0x11, 0x11, 0xd0, 0x10, 0x0c, 0x2f, 0x2f, 0x0c, 0x10, 0xea, 0xa8,
    0x14, 0x1b, 0x1b, 0x14, 0xa8, 0x14, 0x1b, 0x1b, 0xd8, 0xe1, 0x11, 0x0c, 0xa8, 0x0c, 0x10, 0xc4,
    0x0c, 0x11, 0xe1, 0x10, 0x0c, 0x00, 0x00, 0x00, 0x00, 0x02, 0x00, 0x00, 0x00, 0x00, 0x01, 0x1a,
    0x01, 0x1a, 0x00, 0x0f, 0x00, 0x19, 0x00, 0x00, 0x13, 0x32, 0x16, 0x1d, 0x01, 0x14, 0x06, 0x2b,
    0x01, 0x22, 0x26, 0x3d, 0x01, 0x34, 0x36, 0x33, 0x17, 0x32, 0x36, 0x27, 0x35, 0x36, 0x26, 0x2b,
    0x01, 0x15, 0xea, 0x14, 0x1b, 0x1b, 0x14, 0xa8, 0x14, 0x1b, 0x1b, 0x14, 0xa8, 0x0c, 0x11, 0x01,
    0x01, 0x11, 0x0c, 0x67, 0x01, 0x19, 0x1b, 0x14, 0xa8, 0x14, 0x1b, 0x1b, 0x14, 0xa8, 0x14, 0x1b,
    0xf3, 0x10, 0x0c, 0xa8, 0x0c, 0x10, 0xe0, 0x00, 0x00, 0x03, 0x00, 0x00, 0x00, 0x00, 0x01, 0x1a,
    0x01, 0x1a, 0x00, 0x19, 0x00, 0x29, 0x00, 0x33, 0x00, 0x00, 0x37, 0x36, 0x32, 0x1f, 0x01, 0x31,
    0x16, 0x14, 0x0f, 0x01, 0x06, 0x22, 0x26, 0x34, 0x3f, 0x01, 0x23, 0x22, 0x26, 0x34, 0x36, 0x3b,
    0x01, 0x27, 0x26, 0x34, 0x37, 0x32, 0x16, 0x1d, 0x01, 0x14, 0x06, 0x2b, 0x01, 0x22, 0x26, 0x3d,
    0x01, 0x34, 0x36, 0x33, 0x15, 0x22, 0x06, 0x07, 0x17, 0x14, 0x16, 0x3b, 0x01, 0x35, 0x7d, 0x02,
    0x08, 0x03, 0x1c, 0x03, 0x03, 0x1c, 0x03, 0x08, 0x05, 0x03, 0x0c, 0x47, 0x04, 0x06, 0x06, 0x04,
    0x47, 0x0c, 0x03, 0x70, 0x14, 0x1b, 0x1b, 0x14, 0xa8, 0x14, 0x1b, 0x1b, 0x14, 0x0c, 0x10, 0x01,
    0x01, 0x10, 0x0c, 0x7a, 0xb9, 0x02, 0x02, 0x1c, 0x03, 0x08, 0x03, 0x1c, 0x02, 0x05, 0x08, 0x03,
    0x0c, 0x05, 0x08, 0x05, 0x0c, 0x03, 0x08, 0x63, 0x1b, 0x14, 0xa8, 0x14, 0x1b, 0x1b, 0x14, 0xa8,
    0x14, 0x1b, 0x12, 0x11, 0x0c, 0xa8, 0x0c, 0x11, 0xe2, 0x00, 0x00, 0x00, 0x00, 0x03, 0x00, 0x00,
    0x00, 0x00, 0x01, 0x1a, 0x01, 0x1a, 0x00, 0x0f, 0x00, 0x19, 0x00, 0x23, 0x00, 0x00, 0x13, 0x23,
    0x22, 0x06, 0x1d, 0x01, 0x14, 0x16, 0x3b, 0x01, 0x32, 0x36, 0x3d, 0x01, 0x34, 0x26, 0x07, 0x35,
    0x34, 0x36, 0x3b, 0x01, 0x15, 0x23, 0x22, 0x26, 0x37, 0x14, 0x06, 0x2b, 0x01, 0x35, 0x33, 0x32,
    0x16, 0x15, 0xea, 0xa8, 0x14, 0x1b, 0x1b, 0x14, 0xa8, 0x14, 0x1b, 0x1b, 0xd8, 0x10, 0x0c, 0x67,
    0x67, 0x0c, 0x10, 0xe1, 0x11, 0x0c, 0x2e, 0x2e, 0x0c, 0x11, 0x01, 0x19, 0x1b, 0x14, 0xa8, 0x14,
    0x1b, 0x1b, 0x14, 0xa8, 0x14, 0x1b, 0xd7, 0xa8, 0x0c, 0x11, 0xe1, 0x10, 0x0c, 0x0c, 0x10, 0xe1,
    0x11, 0x0c, 0x00, 0x00, 0x00, 0x02, 0x00, 0x00, 0x00, 0x00, 0x01, 0x1a, 0x01, 0x1a, 0x00, 0x0f,
    0x00, 0x1a, 0x00, 0x00, 0x13, 0x32, 0x16, 0x1d, 0x01, 0x14, 0x06, 0x2b, 0x01, 0x22, 0x26, 0x3d,
    0x01, 0x34, 0x36, 0x33, 0x17, 0x35, 0x23, 0x22, 0x06, 0x07, 0x15, 0x1e, 0x01, 0x3b, 0x01, 0xea,
    0x14, 0x1b, 0x1b, 0x14, 0xa8, 0x14, 0x1b, 0x1b, 0x14, 0x67, 0x67, 0x0c, 0x10, 0x01, 0x01, 0x10,
    0x0c, 0x67, 0x01, 0x19, 0x1b, 0x14, 0xa8, 0x14, 0x1b, 0x1b, 0x14, 0xa8, 0x14, 0x1b, 0xf3, 0xe1,
    0x11, 0x0c, 0xa8, 0x0c, 0x11, 0x00, 0x00, 0x00, 0x00, 0x02, 0x00, 0x00, 0x00, 0x00, 0x01, 0x1a,
    0x01, 0x1a, 0x00, 0x0f, 0x00, 0x1a, 0x00, 0x00, 0x37, 0x15, 0x14, 0x16, 0x3b, 0x01, 0x32, 0x36,
    0x3d, 0x01, 0x34, 0x26, 0x2b, 0x01, 0x22, 0x06, 0x17, 0x23, 0x35, 0x34, 0x36, 0x17, 0x33, 0x36,
    0x16, 0x1d, 0x01, 0x13, 0x1b, 0x14, 0xa8, 0x14, 0x1b, 0x1b, 0x14, 0xa8, 0x14, 0x1b, 0xf4, 0xe1,
    0x10, 0x0c, 0xa8, 0x0c, 0x10, 0xea, 0xa8, 0x14, 0x1b, 0x1b, 0x14, 0xa8, 0x14, 0x1b, 0x1b, 0xb3,
    0x9f, 0x0c, 0x11, 0x01, 0x01, 0x11, 0x0c, 0x9f, 0x00, 0x06, 0x00, 0x00, 0x00, 0x00, 0x01, 0x1a,
    0x01, 0x1a, 0x00, 0x0f, 0x00, 0x1f, 0x00, 0x2f, 0x00, 0x3f, 0x00, 0x4f, 0x00, 0x5f, 0x00, 0x00,
    0x13, 0x32, 0x16, 0x1d, 0x01, 0x14, 0x06, 0x2b, 0x01, 0x22, 0x26, 0x3d, 0x01, 0x34, 0x36, 0x33,
    0x15, 0x22, 0x06, 0x1d, 0x01, 0x14, 0x16, 0x3b, 0x01, 0x32, 0x36, 0x3d, 0x01, 0x34, 0x26, 0x23,
    0x17, 0x32, 0x16, 0x1d, 0x01, 0x14, 0x06, 0x2b, 0x01, 0x22, 0x26, 0x3d, 0x01, 0x34, 0x36, 0x33,
    0x15, 0x22, 0x06, 0x1d, 0x01, 0x14, 0x16, 0x3b, 0x01, 0x32, 0x36, 0x3d, 0x01, 0x34, 0x26, 0x23,
    0x35, 0x32, 0x16, 0x1d, 0x01, 0x14, 0x06, 0x2b, 0x01, 0x22, 0x26, 0x3d, 0x01, 0x34, 0x36, 0x33,
    0x15, 0x22, 0x06, 0x1d, 0x01, 0x14, 0x16, 0x3b, 0x01, 0x32, 0x36, 0x3d, 0x01, 0x34, 0x26, 0x23,
    0x67, 0x0c, 0x10, 0x10, 0x0c, 0x38, 0x0c, 0x10, 0x10, 0x0c, 0x04, 0x05, 0x05, 0x04, 0x38, 0x04,
    0x06, 0x06, 0x04, 0x96, 0x0c, 0x10, 0x10, 0x0c, 0x38, 0x0c, 0x10, 0x10, 0x0c, 0x04, 0x05, 0x05,
    0x04, 0x38, 0x04, 0x06, 0x06, 0x04, 0x0c, 0x10, 0x10, 0x0c, 0x38, 0x0c, 0x10, 0x10, 0x0c, 0x04,
    0x05, 0x05, 0x04, 0x38, 0x04, 0x06, 0x06, 0x04, 0x01, 0x19, 0x10, 0x0c, 0xce, 0x0c, 0x10, 0x10,
    0x0c, 0xce, 0x0c, 0x10, 0x12, 0x06, 0x04, 0xce, 0x04, 0x05, 0x05, 0x04, 0xce, 0x04, 0x06, 0x84,
    0x10, 0x0c, 0x38, 0x0c, 0x10, 0x10, 0x0c, 0x38, 0x0c, 0x10, 0x12, 0x06, 0x04, 0x38, 0x04, 0x05,
    0x05, 0x04, 0x38, 0x04, 0x06, 0xa8, 0x10, 0x0c, 0x38, 0x0c, 0x10, 0x10, 0x0c, 0x38, 0x0c, 0x10,
    0x12, 0x06, 0x04, 0x38, 0x04, 0x05, 0x05, 0x04, 0x38, 0x04, 0x06, 0x00, 0x00, 0x06, 0x00, 0x00,
    0x00, 0x00, 0x01, 0x1c, 0x01, 0x07, 0x00, 0x0f, 0x00, 0x1f, 0x00, 0x2f, 0x00, 0x3f, 0x00, 0x4f,
    0x00, 0x5f, 0x00, 0x00, 0x37, 0x34, 0x36, 0x3b, 0x01, 0x36, 0x16, 0x1d, 0x01, 0x14, 0x06, 0x2b,
    0x01, 0x22, 0x26, 0x35, 0x37, 0x22, 0x06, 0x1d, 0x01, 0x14, 0x16, 0x3b, 0x01, 0x32, 0x36, 0x3d,
    0x01, 0x34, 0x26, 0x23, 0x17, 0x34, 0x36, 0x3b, 0x01, 0x36, 0x16, 0x1d, 0x01, 0x14, 0x06, 0x2b,
    0x01, 0x22, 0x26, 0x35, 0x37, 0x22, 0x06, 0x1d, 0x01, 0x14, 0x16, 0x3b, 0x01, 0x32, 0x36, 0x3d,
    0x01, 0x34, 0x26, 0x23, 0x17, 0x2e, 0x01, 0x0f, 0x01, 0x0e, 0x01, 0x1f, 0x01, 0x1e, 0x01, 0x3f,
    0x01, 0x3e, 0x01, 0x2f, 0x01, 0x36, 0x16, 0x1f, 0x01, 0x16, 0x06, 0x0f, 0x01, 0x06, 0x26, 0x35,
    0x27, 0x34, 0x36, 0x33, 0x13, 0x0d, 0x0a, 0x0a, 0x09, 0x0e, 0x0e, 0x09, 0x0a, 0x0a, 0x0d, 0x17,
    0x02, 0x03, 0x03, 0x02, 0x0a, 0x01, 0x03, 0x03, 0x01, 0x2a, 0x0d, 0x0a, 0x09, 0x0a, 0x0e, 0x0e,
    0x0a, 0x09, 0x0a, 0x0d, 0x17, 0x02, 0x03, 0x03, 0x02, 0x09, 0x02, 0x03, 0x03, 0x02, 0x62, 0x03,
    0x11, 0x09, 0x0b, 0x09, 0x09, 0x04, 0x37, 0x04, 0x11, 0x09, 0x0b, 0x09, 0x08, 0x03, 0x4f, 0x02,
    0x03, 0x01, 0x37, 0x01, 0x02, 0x02, 0x0b, 0x01, 0x04, 0x38, 0x01, 0x02, 0xef, 0x0a, 0x0d, 0x01,
    0x0e, 0x0a, 0xb2, 0x0a, 0x0d, 0x0d, 0x0a, 0xb7, 0x03, 0x02, 0xb2, 0x02, 0x03, 0x03, 0x02, 0xb2,
    0x02, 0x03, 0x05, 0x0a, 0x0d, 0x01, 0x0e, 0x0a, 0xb2, 0x0a, 0x0d, 0x0d, 0x0a, 0xb7, 0x03, 0x02,
    0xb2, 0x02, 0x03, 0x03, 0x02, 0xb2, 0x02, 0x03, 0x22, 0x09, 0x08, 0x03, 0x04, 0x03, 0x13, 0x09,
    0x89, 0x09, 0x07, 0x03, 0x04, 0x03, 0x12, 0x09, 0x85, 0x01, 0x02, 0x02, 0x88, 0x02, 0x04, 0x01,
    0x03, 0x01, 0x01, 0x02, 0x89, 0x02, 0x04, 0x00, 0x00, 0x03, 0x00, 0x00, 0x00, 0x00, 0x01, 0x2c,
    0x01, 0x07, 0x00, 0x0c, 0x00, 0x2b, 0x00, 0x59, 0x00, 0x00, 0x37, 0x22, 0x0e, 0x01, 0x14, 0x1e,
    0x01, 0x32, 0x3e, 0x01, 0x34, 0x2e, 0x01, 0x17, 0x07, 0x17, 0x16, 0x0e, 0x01, 0x2f, 0x01, 0x07,
    0x06, 0x2e, 0x01, 0x3f, 0x01, 0x27, 0x2e, 0x01, 0x36, 0x3b, 0x01, 0x37, 0x3e, 0x01, 0x16, 0x1f,
    0x01, 0x33, 0x32, 0x16, 0x06, 0x0f, 0x01, 0x22, 0x26, 0x2f, 0x01, 0x33, 0x3d, 0x01, 0x23, 0x2f,
    0x01, 0x2e, 0x01, 0x27, 0x34, 0x3e, 0x02, 0x32, 0x1e, 0x02, 0x15, 0x36, 0x37, 0x26, 0x27, 0x2e,
    0x02, 0x22, 0x0e, 0x02, 0x15, 0x31, 0x1e, 0x01, 0x1f, 0x01, 0x1e, 0x01, 0x3b, 0x01, 0x26, 0x27,
    0xd8, 0x17, 0x27, 0x17, 0x17, 0x27, 0x2e, 0x26, 0x17, 0x17, 0x26, 0x1d, 0x17, 0x09, 0x01, 0x04,
    0x08, 0x04, 0x17, 0x18, 0x03, 0x08, 0x05, 0x02, 0x09, 0x18, 0x03, 0x01, 0x05, 0x05, 0x1d, 0x09,
    0x01, 0x08, 0x07, 0x02, 0x08, 0x1d, 0x05, 0x05, 0x01, 0x03, 0xa7, 0x04, 0x04, 0x01, 0x03, 0x18,
    0x1d, 0x06, 0x02, 0x0c, 0x0f, 0x02, 0x0a, 0x13, 0x18, 0x1a, 0x18, 0x12, 0x0a, 0x09, 0x0a, 0x01,
    0x06, 0x06, 0x18, 0x1f, 0x21, 0x1f, 0x18, 0x0d, 0x02, 0x11, 0x0e, 0x0d, 0x03, 0x0e, 0x0a, 0x17,
    0x05, 0x03, 0xa9, 0x17, 0x27, 0x2e, 0x26, 0x17, 0x17, 0x26, 0x2e, 0x27, 0x17, 0x52, 0x11, 0x1d,
    0x04, 0x08, 0x02, 0x03, 0x12, 0x12, 0x03, 0x02, 0x08, 0x04, 0x1d, 0x11, 0x03, 0x09, 0x06, 0x1d,
    0x04, 0x03, 0x03, 0x04, 0x1d, 0x06, 0x09, 0x03, 0x1f, 0x04, 0x02, 0x0d, 0x09, 0x0a, 0x1b, 0x02,
    0x0a, 0x1c, 0x10, 0x0d, 0x19, 0x13, 0x0a, 0x0a, 0x12, 0x17, 0x0d, 0x04, 0x02, 0x0d, 0x0d, 0x0f,
    0x17, 0x0d, 0x0d, 0x18, 0x20, 0x11, 0x13, 0x22, 0x0c, 0x38, 0x08, 0x0a, 0x09, 0x09, 0x00, 0x00,
    0x00, 0x03, 0x00, 0x00, 0x00, 0x00, 0x00, 0xeb, 0x01, 0x07, 0x00, 0x13, 0x00, 0x1d, 0x00, 0x39,
    0x00, 0x00, 0x37, 0x34, 0x3e, 0x01, 0x32, 0x1e, 0x01, 0x15, 0x14, 0x06, 0x07, 0x06, 0x0f, 0x01,
    0x23, 0x27, 0x26, 0x27, 0x2e, 0x01, 0x17, 0x33, 0x07, 0x0e, 0x01, 0x2b, 0x01, 0x22, 0x26, 0x27,
    0x37, 0x22, 0x0e, 0x01, 0x15, 0x14, 0x16, 0x17, 0x16, 0x1f, 0x01, 0x1e, 0x01, 0x3b, 0x01, 0x32,
    0x36, 0x3f, 0x01, 0x36, 0x37, 0x3e, 0x01, 0x35, 0x34, 0x2e, 0x01, 0x23, 0x54, 0x12, 0x1e, 0x24,
    0x1e, 0x12, 0x0b, 0x09, 0x06, 0x02, 0x07, 0x3e, 0x07, 0x02, 0x06, 0x09, 0x0b, 0x28, 0x34, 0x03,
    0x01, 0x05, 0x03, 0x1c, 0x03, 0x05, 0x01, 0x17, 0x17, 0x27, 0x16, 0x0d, 0x0c, 0x02, 0x01, 0x0f,
    0x03, 0x0f, 0x09, 0x1c, 0x09, 0x0f, 0x03, 0x0f, 0x01, 0x02, 0x0c, 0x0d, 0x16, 0x27, 0x17, 0xb2,
    0x12, 0x1e, 0x12, 0x12, 0x1e, 0x12, 0x0d, 0x19, 0x09, 0x06, 0x07, 0x18, 0x18, 0x07, 0x06, 0x09,
    0x19, 0x5a, 0x0c, 0x03, 0x04, 0x04, 0x03, 0xc8, 0x17, 0x27, 0x17, 0x11, 0x1f, 0x0c, 0x03, 0x02,
    0x37, 0x09, 0x0b, 0x0b, 0x09, 0x37, 0x02, 0x03, 0x0c, 0x1f, 0x11, 0x17, 0x27, 0x16, 0x00, 0x00,
    0x00, 0x04, 0x00, 0x00, 0x00, 0x00, 0x01, 0x1a, 0x01, 0x2d, 0x00, 0x30, 0x00, 0x61, 0x00, 0x6c,
    0x00, 0x98, 0x00, 0x00, 0x37, 0x1f, 0x01, 0x1e, 0x01, 0x1f, 0x01, 0x14, 0x16, 0x33, 0x31, 0x32,
    0x3f, 0x02, 0x3e, 0x01, 0x3f, 0x01, 0x32, 0x36, 0x34, 0x26, 0x23, 0x27, 0x26, 0x2f, 0x01, 0x26,
    0x2f, 0x01, 0x2e, 0x01, 0x23, 0x31, 0x22, 0x06, 0x0f, 0x01, 0x06, 0x0f, 0x01, 0x06, 0x0f, 0x01,
    0x0e, 0x01, 0x14, 0x16, 0x17, 0x34, 0x2f, 0x01, 0x06, 0x07, 0x06, 0x0f, 0x02, 0x23, 0x2f, 0x01,
    0x2e, 0x01, 0x27, 0x3e, 0x02, 0x37, 0x36, 0x37, 0x26, 0x35, 0x34, 0x37, 0x06, 0x07, 0x0e, 0x02,
    0x15, 0x31, 0x1e, 0x01, 0x1f, 0x01, 0x1e, 0x01, 0x37, 0x33, 0x32, 0x36, 0x3f, 0x01, 0x36, 0x37,
    0x26, 0x27, 0x07, 0x31, 0x0e, 0x01, 0x07, 0x23, 0x22, 0x26, 0x2f, 0x01, 0x33, 0x37, 0x34, 0x2f,
    0x01, 0x15, 0x2e, 0x01, 0x2f, 0x01, 0x2e, 0x01, 0x22, 0x06, 0x0f, 0x01, 0x0e, 0x01, 0x0f, 0x01,
    0x0e, 0x01, 0x14, 0x16, 0x1f, 0x01, 0x1e, 0x01, 0x1f, 0x01, 0x1e, 0x01, 0x33, 0x31, 0x32, 0x36,
    0x35, 0x37, 0x3e, 0x01, 0x3f, 0x01, 0x3e, 0x01, 0x34, 0x9a, 0x0e, 0x05, 0x04, 0x07, 0x02, 0x06,
    0x03, 0x02, 0x02, 0x01, 0x02, 0x05, 0x02, 0x0a, 0x07, 0x0e, 0x02, 0x02, 0x02, 0x02, 0x0f, 0x04,
    0x04, 0x03, 0x05, 0x02, 0x05, 0x01, 0x02, 0x02, 0x02, 0x03, 0x01, 0x04, 0x03, 0x04, 0x02, 0x04,
    0x06, 0x0e, 0x02, 0x02, 0x02, 0x42, 0x01, 0x04, 0x02, 0x03, 0x07, 0x0c, 0x02, 0x08, 0x39, 0x07,
    0x02, 0x0c, 0x0f, 0x02, 0x01, 0x0a, 0x12, 0x0c, 0x04, 0x05, 0x03, 0x01, 0x07, 0x07, 0x10, 0x17,
    0x0d, 0x01, 0x11, 0x0e, 0x0d, 0x03, 0x0f, 0x09, 0x1a, 0x09, 0x0e, 0x02, 0x0f, 0x0d, 0x07, 0x01,
    0x01, 0x33, 0x01, 0x04, 0x03, 0x19, 0x03, 0x05, 0x01, 0x03, 0x30, 0x6a, 0x02, 0x0b, 0x06, 0x08,
    0x01, 0x04, 0x01, 0x02, 0x03, 0x02, 0x01, 0x03, 0x02, 0x08, 0x05, 0x0c, 0x01, 0x02, 0x02, 0x01,
    0x0c, 0x05, 0x08, 0x02, 0x03, 0x01, 0x02, 0x02, 0x01, 0x03, 0x04, 0x02, 0x07, 0x06, 0x0b, 0x02,
    0x01, 0xf8, 0x05, 0x02, 0x02, 0x07, 0x06, 0x10, 0x02, 0x02, 0x01, 0x02, 0x0f, 0x07, 0x0a, 0x02,
    0x05, 0x03, 0x04, 0x03, 0x05, 0x02, 0x02, 0x03, 0x05, 0x07, 0x0e, 0x02, 0x02, 0x02, 0x02, 0x0e,
    0x07, 0x05, 0x01, 0x04, 0x02, 0x04, 0x01, 0x03, 0x04, 0x03, 0x59, 0x01, 0x01, 0x01, 0x05, 0x06,
    0x0e, 0x09, 0x02, 0x20, 0x1b, 0x02, 0x0a, 0x1c, 0x10, 0x0d, 0x19, 0x13, 0x05, 0x02, 0x01, 0x05,
    0x06, 0x04, 0x04, 0x02, 0x03, 0x06, 0x18, 0x20, 0x11, 0x13, 0x22, 0x0c, 0x38, 0x08, 0x0b, 0x01,
    0x0c, 0x08, 0x3a, 0x0b, 0x0f, 0x02, 0x03, 0x54, 0x03, 0x03, 0x01, 0x04, 0x02, 0x0d, 0x73, 0x01,
    0x01, 0x04, 0x01, 0x02, 0x08, 0x05, 0x0c, 0x01, 0x02, 0x02, 0x01, 0x0c, 0x05, 0x08, 0x01, 0x04,
    0x01, 0x02, 0x03, 0x02, 0x01, 0x04, 0x01, 0x08, 0x06, 0x0b, 0x01, 0x02, 0x02, 0x01, 0x0b, 0x06,
    0x08, 0x01, 0x04, 0x01, 0x02, 0x03, 0x00, 0x00, 0x00, 0x03, 0x00, 0x00, 0x00, 0x00, 0x00, 0xeb,
    0x01, 0x07, 0x00, 0x19, 0x00, 0x24, 0x00, 0x39, 0x00, 0x00, 0x37, 0x2e, 0x02, 0x22, 0x0e, 0x02,
    0x15, 0x31, 0x1e, 0x01, 0x1f, 0x01, 0x1e, 0x01, 0x3b, 0x01, 0x32, 0x36, 0x3f, 0x01, 0x3e, 0x01,
    0x35, 0x34, 0x07, 0x31, 0x0e, 0x01, 0x07, 0x23, 0x22, 0x26, 0x2f, 0x01, 0x33, 0x37, 0x06, 0x0f,
    0x02, 0x23, 0x2f, 0x01, 0x2e, 0x01, 0x27, 0x3e, 0x03, 0x32, 0x1e, 0x02, 0x15, 0x06, 0xe4, 0x06,
    0x18, 0x1f, 0x22, 0x1f, 0x17, 0x0d, 0x01, 0x11, 0x0e, 0x0d, 0x03, 0x0f, 0x09, 0x1a, 0x09, 0x0e,
    0x02, 0x0f, 0x0e, 0x10, 0x3f, 0x01, 0x04, 0x03, 0x19, 0x03, 0x05, 0x01, 0x03, 0x30, 0x22, 0x07,
    0x0c, 0x02, 0x08, 0x39, 0x07, 0x02, 0x0c, 0x0f, 0x02, 0x01, 0x0a, 0x12, 0x18, 0x1a, 0x18, 0x13,
    0x0a, 0x01, 0xd4, 0x0f, 0x17, 0x0d, 0x0d, 0x18, 0x20, 0x11, 0x13, 0x22, 0x0c, 0x38, 0x08, 0x0a,
    0x0c, 0x08, 0x3a, 0x0c, 0x22, 0x12, 0x11, 0x86, 0x03, 0x03, 0x01, 0x04, 0x02, 0x0d, 0x4c, 0x0e,
    0x09, 0x02, 0x20, 0x1b, 0x02, 0x0a, 0x1c, 0x10, 0x0d, 0x19, 0x13, 0x0a, 0x0a, 0x12, 0x17, 0x0d,
    0x0f, 0x00, 0x00, 0x00, 0x00, 0x02, 0x00, 0x00, 0x00, 0x00, 0x01, 0x1a, 0x01, 0x1a, 0x00, 0x23,
    0x00, 0x3c, 0x00, 0x00, 0x25, 0x15, 0x14, 0x06, 0x2b, 0x01, 0x22, 0x26, 0x3d, 0x01, 0x34, 0x36,
    0x3b, 0x01, 0x32, 0x16, 0x14, 0x06, 0x2b, 0x01, 0x22, 0x06, 0x1d, 0x01, 0x14, 0x16, 0x3b, 0x01,
    0x32, 0x36, 0x3d, 0x01, 0x34, 0x36, 0x32, 0x16, 0x27, 0x23, 0x22, 0x06, 0x14, 0x16, 0x3b, 0x01,
    0x07, 0x06, 0x14, 0x16, 0x32, 0x3f, 0x01, 0x15, 0x14, 0x16, 0x32, 0x36, 0x3d, 0x01, 0x34, 0x26,
    0x23, 0x01, 0x19, 0x1b, 0x14, 0xa8, 0x14, 0x1b, 0x1b, 0x14, 0x38, 0x04, 0x05, 0x05, 0x04, 0x38,
    0x0c, 0x10, 0x10, 0x0c, 0xa8, 0x0c, 0x11, 0x05, 0x08, 0x05, 0x09, 0x5e, 0x04, 0x05, 0x05, 0x04,
    0x47, 0x4d, 0x03, 0x05, 0x08, 0x03, 0x4e, 0x05, 0x08, 0x05, 0x05, 0x04, 0x7a, 0x38, 0x14, 0x1b,
    0x1b, 0x14, 0xa8, 0x14, 0x1b, 0x05, 0x08, 0x05, 0x11, 0x0c, 0xa8, 0x0c, 0x10, 0x10, 0x0c, 0x38,
    0x04, 0x05, 0x05, 0x9b, 0x05, 0x08, 0x05, 0x4e, 0x03, 0x08, 0x05, 0x03, 0x4d, 0x47, 0x04, 0x05,
    0x05, 0x04, 0x5e, 0x04, 0x05, 0x00, 0x00, 0x00, 0x00, 0x03, 0x00, 0x00, 0x00, 0x00, 0x01, 0x07,
    0x00, 0xe1, 0x00, 0x1b, 0x00, 0x37, 0x00, 0x44, 0x00, 0x00, 0x37, 0x33, 0x32, 0x1e, 0x01, 0x07,
    0x16, 0x06, 0x07, 0x23, 0x22, 0x26, 0x34, 0x36, 0x33, 0x37, 0x16, 0x36, 0x34, 0x26, 0x27, 0x23,
    0x22, 0x26, 0x34, 0x36, 0x37, 0x33, 0x23, 0x33, 0x32, 0x16, 0x14, 0x06, 0x07, 0x23, 0x22, 0x06,
    0x14, 0x16, 0x17, 0x33, 0x32, 0x16, 0x14, 0x06, 0x07, 0x23, 0x22, 0x2e, 0x01, 0x35, 0x34, 0x36,
    0x37, 0x33, 0x07, 0x33, 0x32, 0x16, 0x14, 0x06, 0x07, 0x23, 0x22, 0x26, 0x34, 0x36, 0x37, 0xb2,
    0x13, 0x12, 0x1e, 0x12, 0x01, 0x01, 0x25, 0x19, 0x17, 0x04, 0x05, 0x04, 0x03, 0x15, 0x13, 0x1c,
    0x1a, 0x12, 0x16, 0x04, 0x05, 0x04, 0x03, 0x15, 0x5e, 0x13, 0x04, 0x05, 0x04, 0x03, 0x15, 0x13,
    0x1c, 0x1a, 0x12, 0x16, 0x04, 0x05, 0x04, 0x03, 0x15, 0x12, 0x1e, 0x11, 0x24, 0x1a, 0x16, 0x13,
    0x5e, 0x04, 0x05, 0x04, 0x03, 0x60, 0x04, 0x05, 0x04, 0x03, 0xe1, 0x12, 0x1e, 0x12, 0x1a, 0x26,
    0x01, 0x05, 0x07, 0x06, 0x01, 0x01, 0x1c, 0x26, 0x1b, 0x01, 0x06, 0x07, 0x05, 0x01, 0x05, 0x08,
    0x05, 0x01, 0x1b, 0x26, 0x1b, 0x01, 0x06, 0x07, 0x05, 0x01, 0x11, 0x1f, 0x11, 0x1b, 0x25, 0x02,
    0x38, 0x06, 0x07, 0x05, 0x01, 0x05, 0x08, 0x05, 0x01, 0x00, 0x00, 0x00, 0x00, 0x03, 0x00, 0x00,
    0x00, 0x00, 0x01, 0x07, 0x00, 0xf4, 0x00, 0x0d, 0x00, 0x1a, 0x00, 0x28, 0x00, 0x00, 0x37, 0x34,
    0x36, 0x3b, 0x01, 0x32, 0x16, 0x14, 0x06, 0x2b, 0x01, 0x22, 0x26, 0x27, 0x17, 0x34, 0x36, 0x3b,
    0x01, 0x32, 0x16, 0x14, 0x06, 0x2b, 0x01, 0x22, 0x26, 0x17, 0x26, 0x36, 0x3b, 0x01, 0x32, 0x16,
    0x0e, 0x01, 0x2b, 0x01, 0x22, 0x26, 0x35, 0x26, 0x05, 0x04, 0xce, 0x04, 0x06, 0x06, 0x04, 0xce,
    0x04, 0x05, 0x01, 0x26, 0x05, 0x04, 0x84, 0x04, 0x05, 0x05, 0x04, 0x84, 0x04, 0x05, 0x26, 0x01,
    0x06, 0x04, 0x38, 0x04, 0x06, 0x01, 0x05, 0x04, 0x38, 0x04, 0x06, 0xea, 0x04, 0x06, 0x06, 0x08,
    0x05, 0x05, 0x04, 0x4b, 0x04, 0x06, 0x06, 0x08, 0x05, 0x05, 0x47, 0x04, 0x06, 0x06, 0x08, 0x05,
    0x05, 0x04, 0x00, 0x00, 0x00, 0x04, 0x00, 0x00, 0x00, 0x00, 0x01, 0x07, 0x00, 0xf4, 0x00, 0x0c,
    0x00, 0x19, 0x00, 0x25, 0x00, 0x31, 0x00, 0x00, 0x37, 0x26, 0x36, 0x3b, 0x01, 0x32, 0x16, 0x14,
    0x06, 0x2b, 0x01, 0x22, 0x26, 0x17, 0x23, 0x22, 0x0e, 0x01, 0x16, 0x3b, 0x01, 0x32, 0x36, 0x34,
    0x26, 0x23, 0x07, 0x23, 0x22, 0x06, 0x14, 0x16, 0x3b, 0x01, 0x3e, 0x02, 0x26, 0x07, 0x33, 0x32,
    0x16, 0x14, 0x06, 0x2b, 0x01, 0x22, 0x26, 0x34, 0x36, 0x26, 0x01, 0x06, 0x04, 0x96, 0x04, 0x05,
    0x05, 0x04, 0x96, 0x04, 0x05, 0xd7, 0xce, 0x04, 0x05, 0x01, 0x06, 0x04, 0xce, 0x04, 0x05, 0x05,
    0x04, 0x4b, 0x83, 0x04, 0x05, 0x05, 0x04, 0x83, 0x04, 0x05, 0x01, 0x06, 0x87, 0xa9, 0x04, 0x05,
    0x05, 0x04, 0xa9, 0x04, 0x05, 0x05, 0xea, 0x04, 0x06, 0x06, 0x08, 0x05, 0x05, 0x2a, 0x06, 0x08,
    0x05, 0x05, 0x08, 0x05, 0x38, 0x05, 0x08, 0x06, 0x01, 0x05, 0x08, 0x05, 0x38, 0x05, 0x08, 0x06,
    0x06, 0x08, 0x05, 0x00, 0x00, 0x06, 0x00, 0x00, 0x00, 0x00, 0x01, 0x07, 0x01, 0x1a, 0x00, 0x16,
    0x00, 0x41, 0x00, 0x72, 0x00, 0x7e, 0x00, 0x8a, 0x00, 0x96, 0x00, 0x00, 0x13, 0x1e, 0x01, 0x1d,
    0x01, 0x14, 0x06, 0x22, 0x26, 0x3d, 0x01, 0x06, 0x07, 0x06, 0x2e, 0x01, 0x36, 0x37, 0x36, 0x3f,
    0x01, 0x3e, 0x01, 0x07, 0x26, 0x34, 0x3f, 0x01, 0x36, 0x33, 0x31, 0x16, 0x17, 0x16, 0x14, 0x07,
    0x06, 0x0f, 0x01, 0x0e, 0x01, 0x07, 0x33, 0x32, 0x16, 0x14, 0x06, 0x2b, 0x01, 0x22, 0x26, 0x35,
    0x34, 0x37, 0x36, 0x3f, 0x01, 0x3e, 0x01, 0x34, 0x26, 0x22, 0x0f, 0x01, 0x06, 0x22, 0x17, 0x34,
    0x36, 0x33, 0x32, 0x36, 0x34, 0x26, 0x22, 0x0f, 0x01, 0x39, 0x02, 0x0e, 0x01, 0x2e, 0x01, 0x3f,
    0x01, 0x36, 0x37, 0x36, 0x32, 0x1e, 0x01, 0x07, 0x16, 0x0e, 0x01, 0x22, 0x27, 0x26, 0x2f, 0x01,
    0x26, 0x3e, 0x01, 0x16, 0x1f, 0x01, 0x16, 0x32, 0x36, 0x34, 0x26, 0x23, 0x22, 0x26, 0x37, 0x22,
    0x06, 0x14, 0x16, 0x3b, 0x01, 0x32, 0x36, 0x34, 0x26, 0x23, 0x07, 0x22, 0x06, 0x14, 0x16, 0x3b,
    0x01, 0x32, 0x36, 0x34, 0x26, 0x23, 0x07, 0x22, 0x06, 0x14, 0x16, 0x3b, 0x01, 0x32, 0x36, 0x34,
    0x26, 0x23, 0x45, 0x03, 0x03, 0x04, 0x07, 0x05, 0x06, 0x06, 0x03, 0x07, 0x02, 0x02, 0x03, 0x08,
    0x07, 0x05, 0x01, 0x05, 0x1a, 0x02, 0x02, 0x08, 0x09, 0x0a, 0x0b, 0x07, 0x09, 0x09, 0x04, 0x09,
    0x02, 0x09, 0x04, 0x01, 0x1e, 0x03, 0x05, 0x05, 0x03, 0x28, 0x03, 0x05, 0x08, 0x06, 0x0b, 0x02,
    0x07, 0x06, 0x06, 0x0b, 0x05, 0x04, 0x03, 0x06, 0x0f, 0x05, 0x03, 0x07, 0x05, 0x06, 0x0e, 0x04,
    0x01, 0x02, 0x06, 0x06, 0x02, 0x02, 0x02, 0x02, 0x03, 0x08, 0x18, 0x10, 0x01, 0x07, 0x07, 0x01,
    0x10, 0x18, 0x08, 0x03, 0x02, 0x02, 0x02, 0x02, 0x06, 0x06, 0x02, 0x01, 0x04, 0x0e, 0x06, 0x05,
    0x07, 0x03, 0x05, 0x53, 0x04, 0x06, 0x06, 0x04, 0x70, 0x04, 0x06, 0x06, 0x04, 0x70, 0x04, 0x06,
    0x06, 0x04, 0x70, 0x04, 0x06, 0x06, 0x04, 0x70, 0x04, 0x06, 0x06, 0x04, 0x70, 0x04, 0x06, 0x06,
    0x04, 0x01, 0x19, 0x01, 0x04, 0x02, 0x3e, 0x03, 0x05, 0x05, 0x03, 0x28, 0x05, 0x04, 0x01, 0x02,
    0x06, 0x06, 0x01, 0x04, 0x09, 0x07, 0x02, 0x03, 0x72, 0x02, 0x06, 0x03, 0x05, 0x05, 0x01, 0x05,
    0x06, 0x17, 0x07, 0x03, 0x05, 0x01, 0x04, 0x05, 0x02, 0x05, 0x06, 0x05, 0x05, 0x03, 0x0d, 0x09,
    0x06, 0x05, 0x01, 0x04, 0x04, 0x08, 0x04, 0x03, 0x02, 0x03, 0x6c, 0x04, 0x04, 0x05, 0x05, 0x06,
    0x03, 0x01, 0x03, 0x02, 0x03, 0x06, 0x03, 0x03, 0x02, 0x02, 0x05, 0x0d, 0x13, 0x07, 0x06, 0x13,
    0x0d, 0x05, 0x02, 0x02, 0x03, 0x03, 0x06, 0x02, 0x01, 0x03, 0x01, 0x03, 0x05, 0x06, 0x05, 0x04,
    0xbe, 0x06, 0x08, 0x05, 0x05, 0x08, 0x06, 0x4b, 0x06, 0x08, 0x05, 0x05, 0x08, 0x06, 0x4b, 0x06,
    0x08, 0x05, 0x05, 0x08, 0x06, 0x00, 0x00, 0x00, 0x00, 0x03, 0x00, 0x00, 0x00, 0x00, 0x01, 0x07,
    0x00, 0xf4, 0x00, 0x0d, 0x00, 0x1b, 0x00, 0x27, 0x00, 0x00, 0x37, 0x34, 0x36, 0x3b, 0x01, 0x32,
    0x16, 0x14, 0x06, 0x2b, 0x01, 0x22, 0x26, 0x27, 0x17, 0x34, 0x36, 0x3b, 0x01, 0x32, 0x16, 0x0e,
    0x01, 0x2b, 0x01, 0x22, 0x26, 0x35, 0x37, 0x22, 0x06, 0x14, 0x16, 0x3b, 0x01, 0x32, 0x36, 0x34,
    0x26, 0x23, 0x26, 0x05, 0x04, 0x96, 0x04, 0x05, 0x05, 0x04, 0x96, 0x04, 0x05, 0x01, 0x01, 0x05,
    0x04, 0x83, 0x04, 0x06, 0x01, 0x05, 0x04, 0x83, 0x04, 0x06, 0x0a, 0x04, 0x05, 0x05, 0x04, 0xce,
    0x04, 0x06, 0x06, 0x04, 0xea, 0x04, 0x06, 0x06, 0x08, 0x05, 0x05, 0x04, 0x96, 0x04, 0x06, 0x06,
    0x08, 0x05, 0x05, 0x04, 0x55, 0x06, 0x08, 0x05, 0x05, 0x08, 0x06, 0x00, 0x00, 0x01, 0x00, 0x00,
    0x00, 0x00, 0x01, 0x07, 0x00, 0xf4, 0x00, 0x2a, 0x00, 0x00, 0x37, 0x34, 0x36, 0x3b, 0x01, 0x32,
    0x16, 0x14, 0x06, 0x2b, 0x01, 0x15, 0x33, 0x1e, 0x01, 0x14, 0x06, 0x2b, 0x01, 0x15, 0x33, 0x32,
    0x16, 0x14, 0x06, 0x2b, 0x01, 0x15, 0x33, 0x32, 0x16, 0x14, 0x06, 0x2b, 0x01, 0x22, 0x26, 0x3d,
    0x01, 0x23, 0x22, 0x26, 0x27, 0x26, 0x05, 0x04, 0xce, 0x04, 0x06, 0x06, 0x04, 0x8c, 0x8c, 0x04,
    0x06, 0x06, 0x04, 0x8c, 0x8c, 0x04, 0x06, 0x06, 0x04, 0x8c, 0x8c, 0x04, 0x06, 0x06, 0x04, 0x96,
    0x04, 0x05, 0x2f, 0x04, 0x05, 0x01, 0xea, 0x04, 0x06, 0x06, 0x08, 0x05, 0x25, 0x01, 0x05, 0x08,
    0x05, 0x26, 0x05, 0x08, 0x06, 0x25, 0x05, 0x08, 0x06, 0x06, 0x04, 0x9f, 0x05, 0x04, 0x00, 0x00,
    0x00, 0x06, 0x00, 0x00, 0x00, 0x00, 0x01, 0x1a, 0x00, 0xfe, 0x00, 0x08, 0x00, 0x11, 0x00, 0x1a,
    0x00, 0x26, 0x00, 0x33, 0x00, 0x3f, 0x00, 0x00, 0x37, 0x32, 0x36, 0x34, 0x26, 0x22, 0x06, 0x14,
    0x16, 0x17, 0x32, 0x36, 0x34, 0x26, 0x22, 0x06, 0x14, 0x16, 0x17, 0x14, 0x06, 0x22, 0x26, 0x34,
    0x36, 0x32, 0x16, 0x37, 0x22, 0x06, 0x14, 0x16, 0x3b, 0x01, 0x32, 0x36, 0x34, 0x26, 0x23, 0x07,
    0x34, 0x36, 0x3b, 0x01, 0x32, 0x16, 0x14, 0x06, 0x2b, 0x01, 0x22, 0x26, 0x17, 0x22, 0x06, 0x14,
    0x16, 0x3b, 0x01, 0x32, 0x36, 0x34, 0x26, 0x23, 0x26, 0x07, 0x0b, 0x0b, 0x0f, 0x0b, 0x0b, 0x08,
    0x07, 0x0b, 0x0b, 0x0f, 0x0b, 0x0b, 0x1a, 0x0b, 0x0f, 0x0b, 0x0b, 0x0f, 0x0b, 0x2f, 0x04, 0x05,
    0x05, 0x04, 0xa9, 0x04, 0x05, 0x05, 0x04, 0xb2, 0x05, 0x04, 0xa9, 0x04, 0x05, 0x05, 0x04, 0xa9,
    0x04, 0x05, 0x09, 0x04, 0x05, 0x05, 0x04, 0xa9, 0x04, 0x05, 0x05, 0x04, 0xd8, 0x0b, 0x0f, 0x0b,
    0x0b, 0x0f, 0x0b, 0x55, 0x0b, 0x10, 0x0b, 0x0b, 0x10, 0x0b, 0x41, 0x08, 0x0b, 0x0b, 0x0f, 0x0b,
    0x0b, 0xab, 0x06, 0x08, 0x05, 0x05, 0x08, 0x06, 0x5e, 0x04, 0x05, 0x05, 0x08, 0x05, 0x05, 0x47,
    0x05, 0x08, 0x06, 0x06, 0x08, 0x05, 0x00, 0x00, 0x00, 0x03, 0x00, 0x00, 0x00, 0x00, 0x01, 0x20,
    0x01, 0x26, 0x00, 0x23, 0x00, 0x46, 0x00, 0x5a, 0x00, 0x00, 0x13, 0x32, 0x16, 0x14, 0x06, 0x2b,
    0x01, 0x22, 0x06, 0x1d, 0x01, 0x14, 0x16, 0x3b, 0x01, 0x32, 0x36, 0x3d, 0x01, 0x34, 0x36, 0x32,
    0x16, 0x1d, 0x01, 0x14, 0x06, 0x2b, 0x01, 0x22, 0x26, 0x3d, 0x01, 0x34, 0x36, 0x33, 0x37, 0x32,
    0x1f, 0x01, 0x16, 0x14, 0x0f, 0x01, 0x06, 0x22, 0x26, 0x3d, 0x01, 0x06, 0x07, 0x06, 0x07, 0x06,
    0x0f, 0x01, 0x06, 0x22, 0x26, 0x35, 0x34, 0x37, 0x36, 0x37, 0x36, 0x3b, 0x01, 0x35, 0x34, 0x36,
    0x33, 0x17, 0x14, 0x06, 0x23, 0x22, 0x07, 0x06, 0x07, 0x36, 0x37, 0x36, 0x37, 0x36, 0x33, 0x32,
    0x16, 0x1d, 0x01, 0x37, 0x27, 0x75, 0x04, 0x05, 0x05, 0x04, 0x3f, 0x0f, 0x15, 0x15, 0x0f, 0x90,
    0x0f, 0x15, 0x05, 0x08, 0x05, 0x20, 0x16, 0x90, 0x16, 0x20, 0x20, 0x16, 0x87, 0x03, 0x03, 0x5a,
    0x03, 0x03, 0x5a, 0x03, 0x07, 0x05, 0x1a, 0x19, 0x13, 0x11, 0x0c, 0x07, 0x03, 0x02, 0x0a, 0x05,
    0x1e, 0x17, 0x24, 0x12, 0x12, 0x01, 0x05, 0x04, 0x09, 0x05, 0x04, 0x3f, 0x1e, 0x11, 0x05, 0x0d,
    0x0f, 0x13, 0x14, 0x18, 0x18, 0x04, 0x05, 0x44, 0x44, 0x01, 0x13, 0x05, 0x08, 0x05, 0x15, 0x0f,
    0x90, 0x0f, 0x15, 0x15, 0x0f, 0x1b, 0x04, 0x05, 0x05, 0x04, 0x1b, 0x16, 0x20, 0x20, 0x16, 0x90,
    0x17, 0x1f, 0x12, 0x02, 0x51, 0x03, 0x08, 0x03, 0x51, 0x02, 0x06, 0x03, 0x27, 0x02, 0x10, 0x0c,
    0x12, 0x0e, 0x0c, 0x05, 0x05, 0x06, 0x03, 0x48, 0x29, 0x1f, 0x0c, 0x06, 0x26, 0x02, 0x05, 0x36,
    0x04, 0x05, 0x2d, 0x1b, 0x28, 0x10, 0x0c, 0x0f, 0x09, 0x0a, 0x06, 0x03, 0x1d, 0x3d, 0x3d, 0x00,
    0x00, 0x01, 0x00, 0x00, 0x00, 0x00, 0x01, 0x07, 0x01, 0x07, 0x00, 0x18, 0x00, 0x00, 0x37, 0x22,
    0x26, 0x35, 0x34, 0x2e, 0x01, 0x22, 0x0e, 0x01, 0x15, 0x14, 0x06, 0x22, 0x26, 0x35, 0x34, 0x3e,
    0x01, 0x32, 0x1e, 0x01, 0x15, 0x0e, 0x01, 0xfd, 0x04, 0x05, 0x1a, 0x2b, 0x32, 0x2b, 0x1a, 0x05,
    0x08, 0x05, 0x1e, 0x33, 0x3e, 0x33, 0x1f, 0x01, 0x05, 0x8d, 0x05, 0x04, 0x19, 0x2b, 0x1a, 0x1a,
    0x2b, 0x19, 0x04, 0x05, 0x05, 0x04, 0x1f, 0x33, 0x1f, 0x1f, 0x33, 0x1f, 0x04, 0x05, 0x00, 0x00,
    0x00, 0x04, 0x00, 0x00, 0x00, 0x00, 0x01, 0x07, 0x01, 0x1a, 0x00, 0x12, 0x00, 0x26, 0x00, 0x2f,
    0x00, 0x38, 0x00, 0x00, 0x13, 0x32, 0x1e, 0x01, 0x15, 0x14, 0x07, 0x06, 0x07, 0x06, 0x22, 0x27,
    0x26, 0x27, 0x26, 0x35, 0x26, 0x3e, 0x01, 0x17, 0x22, 0x0e, 0x01, 0x15, 0x14, 0x17, 0x16, 0x17,
    0x16, 0x32, 0x37, 0x36, 0x37, 0x36, 0x35, 0x34, 0x2e, 0x01, 0x23, 0x15, 0x32, 0x16, 0x14, 0x06,
    0x22, 0x26, 0x34, 0x36, 0x17, 0x22, 0x06, 0x14, 0x16, 0x32, 0x36, 0x34, 0x26, 0x96, 0x1f, 0x33,
    0x1f, 0x22, 0x16, 0x23, 0x0a, 0x18, 0x0a, 0x23, 0x16, 0x21, 0x01, 0x1f, 0x33, 0x1f, 0x19, 0x2c,
    0x19, 0x1e, 0x15, 0x22, 0x04, 0x0a, 0x04, 0x22, 0x15, 0x1e, 0x19, 0x2c, 0x19, 0x11, 0x19, 0x19,
    0x22, 0x19, 0x19, 0x11, 0x0a, 0x0d, 0x0d, 0x14, 0x0d, 0x0d, 0x01, 0x19, 0x1e, 0x34, 0x1e, 0x24,
    0x2c, 0x1f, 0x1f, 0x08, 0x08, 0x1f, 0x1f, 0x2c, 0x24, 0x1e, 0x34, 0x1e, 0x12, 0x1a, 0x2b, 0x19,
    0x1e, 0x27, 0x1d, 0x1e, 0x04, 0x04, 0x1e, 0x1d, 0x27, 0x1e, 0x19, 0x2b, 0x19, 0x33, 0x19, 0x23,
    0x18, 0x18, 0x23, 0x19, 0x13, 0x0e, 0x13, 0x0e, 0x0e, 0x13, 0x0e, 0x00, 0x00, 0x04, 0x00, 0x00,
    0x00, 0x00, 0x00, 0xf4, 0x01, 0x07, 0x00, 0x15, 0x00, 0x1d, 0x00, 0x2d, 0x00, 0x37, 0x00, 0x00,
    0x37, 0x35, 0x34, 0x26, 0x22, 0x06, 0x1d, 0x01, 0x22, 0x06, 0x1d, 0x01, 0x14, 0x16, 0x17, 0x33,
    0x3e, 0x01, 0x3d, 0x01, 0x34, 0x26, 0x27, 0x34, 0x36, 0x32, 0x16, 0x1d, 0x01, 0x23, 0x17, 0x14,
    0x06, 0x2b, 0x01, 0x22, 0x26, 0x3d, 0x01, 0x34, 0x36, 0x3b, 0x01, 0x32, 0x16, 0x15, 0x07, 0x14,
    0x06, 0x22, 0x26, 0x34, 0x36, 0x32, 0x16, 0x15, 0xce, 0x21, 0x2e, 0x21, 0x10, 0x16, 0x16, 0x10,
    0x70, 0x10, 0x16, 0x16, 0x6d, 0x15, 0x20, 0x15, 0x4a, 0x70, 0x0b, 0x08, 0x70, 0x08, 0x0b, 0x0b,
    0x08, 0x70, 0x08, 0x0b, 0x38, 0x0b, 0x10, 0x0b, 0x0b, 0x10, 0x0b, 0xa9, 0x25, 0x18, 0x21, 0x21,
    0x18, 0x25, 0x16, 0x10, 0x38, 0x10, 0x15, 0x01, 0x01, 0x15, 0x10, 0x38, 0x10, 0x16, 0x25, 0x10,
    0x16, 0x16, 0x10, 0x25, 0x5e, 0x08, 0x0b, 0x0b, 0x08, 0x38, 0x08, 0x0b, 0x0b, 0x08, 0x12, 0x08,
    0x0b, 0x0b, 0x0f, 0x0b, 0x0b, 0x08, 0x00, 0x00, 0x00, 0x04, 0x00, 0x00, 0x00, 0x00, 0x01, 0x07,
    0x01, 0x1a, 0x00, 0x08, 0x00, 0x21, 0x00, 0x31, 0x00, 0x3b, 0x00, 0x00, 0x37, 0x32, 0x16, 0x14,
    0x06, 0x22, 0x26, 0x34, 0x36, 0x37, 0x32, 0x16, 0x1d, 0x01, 0x33, 0x32, 0x16, 0x07, 0x15, 0x16,
    0x06, 0x2b, 0x01, 0x22, 0x26, 0x27, 0x35, 0x3e, 0x01, 0x17, 0x33, 0x35, 0x34, 0x36, 0x07, 0x22,
    0x06, 0x1d, 0x01, 0x14, 0x16, 0x3b, 0x01, 0x3e, 0x01, 0x3d, 0x01, 0x34, 0x26, 0x23, 0x27, 0x22,
    0x06, 0x1d, 0x01, 0x33, 0x35, 0x34, 0x26, 0x07, 0x96, 0x08, 0x0b, 0x0b, 0x10, 0x0b, 0x0b, 0x08,
    0x17, 0x21, 0x13, 0x10, 0x16, 0x01, 0x01, 0x16, 0x10, 0x96, 0x10, 0x15, 0x01, 0x01, 0x15, 0x10,
    0x13, 0x21, 0x34, 0x08, 0x0b, 0x0b, 0x08, 0x96, 0x08, 0x0b, 0x0b, 0x08, 0x4b, 0x10, 0x15, 0x4b,
    0x16, 0x10, 0x83, 0x0b, 0x0f, 0x0b, 0x0b, 0x0f, 0x0b, 0x96, 0x21, 0x17, 0x25, 0x16, 0x10, 0x5e,
    0x0f, 0x16, 0x16, 0x0f, 0x5e, 0x10, 0x16, 0x01, 0x26, 0x17, 0x21, 0x70, 0x0b, 0x08, 0x5e, 0x07,
    0x0c, 0x01, 0x0b, 0x07, 0x5e, 0x08, 0x0b, 0x5e, 0x16, 0x10, 0x25, 0x25, 0x10, 0x16, 0x01, 0x00,
    0x00, 0x04, 0x00, 0x00, 0x00, 0x00, 0x01, 0x07, 0x01, 0x09, 0x00, 0x20, 0x00, 0x24, 0x00, 0x3d,
    0x00, 0x41, 0x00, 0x00, 0x13, 0x26, 0x0e, 0x02, 0x1d, 0x01, 0x14, 0x16, 0x3b, 0x01, 0x3e, 0x01,
    0x3d, 0x01, 0x34, 0x36, 0x17, 0x1e, 0x01, 0x1d, 0x01, 0x14, 0x16, 0x3b, 0x01, 0x3e, 0x01, 0x3d,
    0x01, 0x34, 0x2e, 0x01, 0x07, 0x35, 0x33, 0x15, 0x37, 0x22, 0x23, 0x22, 0x07, 0x0e, 0x01, 0x1d,
    0x01, 0x23, 0x35, 0x34, 0x3e, 0x02, 0x17, 0x1e, 0x02, 0x1d, 0x01, 0x23, 0x35, 0x34, 0x26, 0x17,
    0x35, 0x33, 0x15, 0xa1, 0x18, 0x2d, 0x23, 0x14, 0x0b, 0x08, 0x26, 0x07, 0x0b, 0x19, 0x11, 0x0e,
    0x13, 0x0b, 0x08, 0x26, 0x07, 0x0b, 0x1a, 0x2f, 0x85, 0x26, 0x3e, 0x03, 0x03, 0x16, 0x10, 0x09,
    0x09, 0x26, 0x10, 0x1e, 0x25, 0x14, 0x18, 0x26, 0x17, 0x26, 0x1d, 0x1d, 0x26, 0x01, 0x06, 0x02,
    0x0f, 0x20, 0x2b, 0x18, 0x5e, 0x07, 0x0c, 0x01, 0x0b, 0x07, 0x5e, 0x11, 0x16, 0x02, 0x01, 0x17,
    0x10, 0x5b, 0x07, 0x0c, 0x01, 0x0b, 0x07, 0x5a, 0x1d, 0x34, 0x20, 0xcb, 0x26, 0x26, 0x96, 0x0e,
    0x08, 0x16, 0x0c, 0x25, 0x25, 0x14, 0x24, 0x1b, 0x0c, 0x02, 0x02, 0x1b, 0x2c, 0x18, 0x21, 0x22,
    0x17, 0x22, 0x94, 0x26, 0x26, 0x00, 0x00, 0x00, 0x00, 0x03, 0x00, 0x00, 0x00, 0x00, 0x01, 0x1a,
    0x01, 0x1b, 0x00, 0x12, 0x00, 0x1a, 0x00, 0x28, 0x00, 0x00, 0x25, 0x27, 0x26, 0x0f, 0x01, 0x0e,
    0x01, 0x1d, 0x01, 0x14, 0x16, 0x3b, 0x01, 0x32, 0x36, 0x3d, 0x01, 0x34, 0x26, 0x07, 0x37, 0x17,
    0x16, 0x17, 0x07, 0x27, 0x36, 0x17, 0x23, 0x22, 0x26, 0x3d, 0x01, 0x17, 0x16, 0x32, 0x3f, 0x01,
    0x15, 0x0e, 0x01, 0x01, 0x03, 0x65, 0x08, 0x08, 0x65, 0x0a, 0x0c, 0x16, 0x0f, 0xbc, 0x0f, 0x16,
    0x0c, 0xdd, 0x66, 0x66, 0x08, 0x02, 0x70, 0x70, 0x02, 0xcc, 0xbc, 0x08, 0x0a, 0x6c, 0x02, 0x04,
    0x02, 0x6d, 0x01, 0x0a, 0xe8, 0x2f, 0x03, 0x03, 0x2f, 0x05, 0x12, 0x0b, 0x68, 0x10, 0x16, 0x16,
    0x10, 0x68, 0x0b, 0x12, 0x0c, 0x2f, 0x2f, 0x04, 0x09, 0x3c, 0x3c, 0x09, 0x88, 0x0b, 0x08, 0x57,
    0x3a, 0x01, 0x01, 0x3a, 0x57, 0x08, 0x0b, 0x00, 0x00, 0x03, 0x00, 0x00, 0x00, 0x00, 0x01, 0x1a,
    0x00, 0xf4, 0x00, 0x0f, 0x00, 0x1a, 0x00, 0x28, 0x00, 0x00, 0x37, 0x23, 0x22, 0x06, 0x1d, 0x01,
    0x14, 0x16, 0x3b, 0x01, 0x32, 0x36, 0x3d, 0x01, 0x34, 0x26, 0x07, 0x33, 0x32, 0x16, 0x1d, 0x01,
    0x07, 0x27, 0x35, 0x34, 0x36, 0x17, 0x23, 0x22, 0x26, 0x3d, 0x01, 0x17, 0x16, 0x32, 0x3f, 0x01,
    0x15, 0x0e, 0x01, 0xf4, 0xbc, 0x0f, 0x16, 0x16, 0x0f, 0xbc, 0x0f, 0x16, 0x16, 0xcb, 0xbc, 0x08,
    0x0b, 0x71, 0x70, 0x0a, 0xc4, 0xbc, 0x08, 0x0a, 0x6c, 0x02, 0x04, 0x02, 0x6d, 0x01, 0x0a, 0xf4,
    0x16, 0x10, 0x70, 0x10, 0x16, 0x16, 0x10, 0x70, 0x10, 0x16, 0x13, 0x0b, 0x08, 0x04, 0x3c, 0x3c,
    0x04, 0x08, 0x0b, 0x96, 0x0b, 0x08, 0x57, 0x3a, 0x01, 0x01, 0x3a, 0x57, 0x08, 0x0b, 0x00, 0x00,
    0x00, 0x03, 0x00, 0x00, 0x00, 0x00, 0x01, 0x1a, 0x01, 0x09, 0x00, 0x08, 0x00, 0x0c, 0x00, 0x15,
    0x00, 0x00, 0x13, 0x07, 0x06, 0x1d, 0x01, 0x14, 0x16, 0x3f, 0x02, 0x17, 0x35, 0x27, 0x17, 0x07,
    0x35, 0x37, 0x36, 0x16, 0x1d, 0x01, 0x14, 0x5e, 0x47, 0x04, 0x09, 0x05, 0x3d, 0x13, 0x4b, 0x4b,
    0xa4, 0x47, 0x3d, 0x05, 0x09, 0x01, 0x02, 0x2c, 0x03, 0x05, 0x9f, 0x06, 0x05, 0x03, 0x26, 0x02,
    0x26, 0xb4, 0x26, 0xad, 0x2c, 0xb5, 0x26, 0x03, 0x05, 0x06, 0x9f, 0x05, 0x00, 0x03, 0x00, 0x00,
    0x00, 0x00, 0x01, 0x09, 0x01, 0x1a, 0x00, 0x08, 0x00, 0x0c, 0x00, 0x15, 0x00, 0x00, 0x3f, 0x01,
    0x36, 0x3b, 0x01, 0x32, 0x16, 0x0f, 0x02, 0x17, 0x23, 0x27, 0x17, 0x37, 0x23, 0x07, 0x06, 0x16,
    0x3b, 0x01, 0x32, 0x2a, 0x2c, 0x03, 0x05, 0x9f, 0x06, 0x05, 0x03, 0x26, 0x02, 0x26, 0xb4, 0x26,
    0xad, 0x2c, 0xb5, 0x26, 0x03, 0x05, 0x06, 0x9f, 0x05, 0xce, 0x47, 0x04, 0x09, 0x05, 0x3d, 0x12,
    0x4b, 0x4b, 0xa5, 0x47, 0x3d, 0x05, 0x09, 0x00, 0x00, 0x04, 0x00, 0x00, 0x00, 0x00, 0x01, 0x09,
    0x01, 0x1a, 0x00, 0x15, 0x00, 0x19, 0x00, 0x1d, 0x00, 0x21, 0x00, 0x00, 0x37, 0x06, 0x1f, 0x01,
    0x07, 0x06, 0x16, 0x3b, 0x01, 0x32, 0x3f, 0x01, 0x36, 0x2f, 0x01, 0x37, 0x36, 0x26, 0x2b, 0x01,
    0x22, 0x07, 0x1f, 0x01, 0x23, 0x27, 0x3f, 0x01, 0x33, 0x0f, 0x01, 0x33, 0x07, 0x23, 0x27, 0x03,
    0x02, 0x2d, 0x2c, 0x03, 0x05, 0x06, 0x9f, 0x05, 0x03, 0x2f, 0x03, 0x02, 0x2d, 0x2c, 0x03, 0x05,
    0x06, 0x9f, 0x05, 0x03, 0x72, 0x26, 0x8a, 0x26, 0x02, 0x23, 0x89, 0x23, 0x66, 0x89, 0x23, 0x89,
    0xca, 0x05, 0x04, 0x59, 0x47, 0x05, 0x09, 0x04, 0x4b, 0x05, 0x04, 0x59, 0x47, 0x05, 0x09, 0x04,
    0x59, 0x4b, 0x4b, 0x12, 0x39, 0x39, 0x70, 0x38, 0x00, 0x04, 0x00, 0x00, 0x00, 0x00, 0x01, 0x1a,
    0x01, 0x09, 0x00, 0x15, 0x00, 0x19, 0x00, 0x1d, 0x00, 0x21, 0x00, 0x00, 0x13, 0x36, 0x1f, 0x01,
    0x37, 0x36, 0x16, 0x1d, 0x01, 0x14, 0x0f, 0x01, 0x06, 0x2f, 0x01, 0x07, 0x06, 0x26, 0x3d, 0x01,
    0x34, 0x37, 0x1f, 0x01, 0x35, 0x27, 0x0f, 0x01, 0x15, 0x3f, 0x01, 0x15, 0x37, 0x35, 0x62, 0x05,
    0x04, 0x59, 0x47, 0x05, 0x09, 0x04, 0x4b, 0x05, 0x04, 0x59, 0x47, 0x05, 0x09, 0x04, 0x5a, 0x4b,
    0x4b, 0x13, 0x38, 0x38, 0x70, 0x39, 0x01, 0x05, 0x03, 0x02, 0x2d, 0x2c, 0x03, 0x05, 0x06, 0x9f,
    0x05, 0x03, 0x2f, 0x03, 0x02, 0x2d, 0x2c, 0x03, 0x05, 0x06, 0x9f, 0x05, 0x03, 0x72, 0x26, 0x8a,
    0x26, 0x02, 0x23, 0x89, 0x23, 0x66, 0x89, 0x23, 0x89, 0x00, 0x00, 0x00, 0x00, 0x02, 0x00, 0x00,
    0x00, 0x00, 0x01, 0x1a, 0x00, 0xf6, 0x00, 0x1e, 0x00, 0x38, 0x00, 0x00, 0x37, 0x15, 0x14, 0x06,
    0x22, 0x26, 0x3d, 0x01, 0x07, 0x06, 0x22, 0x2f, 0x01, 0x15, 0x14, 0x06, 0x22, 0x26, 0x3d, 0x01,
    0x34, 0x36, 0x37, 0x36, 0x1f, 0x01, 0x37, 0x36, 0x17, 0x1e, 0x01, 0x17, 0x26, 0x22, 0x0f, 0x01,
    0x35, 0x34, 0x26, 0x22, 0x06, 0x1d, 0x01, 0x27, 0x26, 0x22, 0x06, 0x14, 0x1f, 0x01, 0x16, 0x32,
    0x3f, 0x01, 0x36, 0x34, 0x27, 0xa9, 0x06, 0x08, 0x05, 0x31, 0x03, 0x09, 0x02, 0x31, 0x06, 0x08,
    0x05, 0x03, 0x03, 0x06, 0x04, 0x3b, 0x3a, 0x05, 0x06, 0x02, 0x04, 0x6e, 0x03, 0x08, 0x03, 0x15,
    0x06, 0x07, 0x06, 0x15, 0x03, 0x08, 0x05, 0x02, 0x26, 0x01, 0x0b, 0x01, 0x26, 0x02, 0x02, 0xea,
    0x96, 0x04, 0x05, 0x05, 0x04, 0x7d, 0x38, 0x03, 0x03, 0x38, 0x7d, 0x04, 0x05, 0x05, 0x04, 0x96,
    0x03, 0x05, 0x01, 0x02, 0x04, 0x43, 0x43, 0x04, 0x02, 0x01, 0x05, 0x6c, 0x02, 0x02, 0x16, 0x7f,
    0x04, 0x06, 0x06, 0x04, 0x7f, 0x15, 0x03, 0x05, 0x08, 0x03, 0x25, 0x02, 0x02, 0x25, 0x03, 0x08,
    0x02, 0x00, 0x00, 0x00, 0x00, 0x02, 0x00, 0x00, 0xff, 0xff, 0x01, 0x20, 0x01, 0x2c, 0x00, 0x3c,
    0x00, 0x5b, 0x00, 0x00, 0x25, 0x22, 0x15, 0x07, 0x06, 0x14, 0x1f, 0x01, 0x1e, 0x01, 0x07, 0x23,
    0x06, 0x22, 0x2f, 0x01, 0x26, 0x34, 0x3f, 0x01, 0x36, 0x34, 0x2f, 0x01, 0x26, 0x22, 0x0f, 0x01,
    0x06, 0x22, 0x26, 0x34, 0x3f, 0x01, 0x3e, 0x01, 0x2f, 0x01, 0x26, 0x22, 0x0f, 0x01, 0x06, 0x22,
    0x2e, 0x01, 0x3f, 0x01, 0x36, 0x32, 0x17, 0x1e, 0x01, 0x07, 0x36, 0x16, 0x1f, 0x01, 0x1e, 0x01,
    0x07, 0x27, 0x36, 0x34, 0x27, 0x31, 0x26, 0x22, 0x0f, 0x01, 0x06, 0x22, 0x26, 0x34, 0x3f, 0x01,
    0x36, 0x34, 0x27, 0x31, 0x26, 0x22, 0x0f, 0x01, 0x0e, 0x01, 0x1f, 0x01, 0x16, 0x32, 0x3f, 0x01,
    0x01, 0x11, 0x01, 0x6d, 0x01, 0x01, 0x16, 0x03, 0x01, 0x03, 0x01, 0x03, 0x08, 0x04, 0x16, 0x07,
    0x07, 0x6d, 0x09, 0x09, 0x01, 0x09, 0x1a, 0x0a, 0x5b, 0x03, 0x09, 0x06, 0x03, 0x5b, 0x09, 0x01,
    0x09, 0x01, 0x09, 0x1b, 0x09, 0x78, 0x03, 0x09, 0x06, 0x01, 0x03, 0x79, 0x10, 0x2b, 0x10, 0x09,
    0x08, 0x02, 0x0d, 0x17, 0x09, 0x01, 0x0f, 0x01, 0x0f, 0x20, 0x03, 0x03, 0x03, 0x09, 0x03, 0x59,
    0x09, 0x1b, 0x12, 0x08, 0x5a, 0x03, 0x03, 0x03, 0x09, 0x03, 0x59, 0x0f, 0x01, 0x0f, 0x01, 0x10,
    0x2c, 0x0f, 0x59, 0x98, 0x01, 0x6a, 0x01, 0x03, 0x01, 0x16, 0x03, 0x09, 0x03, 0x03, 0x03, 0x16,
    0x07, 0x14, 0x07, 0x6b, 0x09, 0x1a, 0x09, 0x01, 0x09, 0x09, 0x59, 0x03, 0x06, 0x08, 0x03, 0x5a,
    0x09, 0x19, 0x09, 0x01, 0x09, 0x09, 0x76, 0x03, 0x06, 0x08, 0x04, 0x76, 0x0f, 0x0f, 0x09, 0x17,
    0x0d, 0x02, 0x08, 0x08, 0x01, 0x0f, 0x2a, 0x10, 0x1d, 0x03, 0x09, 0x03, 0x03, 0x03, 0x57, 0x09,
    0x12, 0x19, 0x0a, 0x57, 0x03, 0x09, 0x03, 0x03, 0x03, 0x57, 0x0f, 0x2b, 0x0f, 0x01, 0x0f, 0x0f,
    0x57, 0x00, 0x00, 0x00, 0x00, 0x03, 0x00, 0x00, 0x00, 0x00, 0x01, 0x1a, 0x01, 0x08, 0x00, 0x19,
    0x00, 0x29, 0x00, 0x31, 0x00, 0x00, 0x25, 0x34, 0x2e, 0x01, 0x0f, 0x01, 0x0e, 0x01, 0x1d, 0x01,
    0x14, 0x16, 0x1f, 0x01, 0x15, 0x14, 0x16, 0x33, 0x32, 0x36, 0x37, 0x17, 0x16, 0x3e, 0x01, 0x35,
    0x27, 0x36, 0x16, 0x1d, 0x01, 0x14, 0x06, 0x2f, 0x01, 0x2e, 0x01, 0x3d, 0x01, 0x3e, 0x01, 0x37,
    0x17, 0x0e, 0x01, 0x23, 0x22, 0x26, 0x3d, 0x01, 0x01, 0x19, 0x0b, 0x11, 0x09, 0xce, 0x09, 0x0a,
    0x0a, 0x09, 0x25, 0x21, 0x17, 0x13, 0x1e, 0x05, 0x3b, 0x09, 0x11, 0x0b, 0x1f, 0x05, 0x08, 0x08,
    0x05, 0xce, 0x03, 0x04, 0x01, 0x03, 0x03, 0x7b, 0x03, 0x14, 0x0d, 0x0f, 0x16, 0xea, 0x0a, 0x0e,
    0x06, 0x03, 0x46, 0x03, 0x0e, 0x09, 0x1e, 0x09, 0x0e, 0x03, 0x0d, 0x15, 0x17, 0x21, 0x16, 0x12,
    0x14, 0x03, 0x05, 0x0f, 0x09, 0xb2, 0x02, 0x06, 0x05, 0xa9, 0x04, 0x06, 0x01, 0x46, 0x01, 0x05,
    0x03, 0x1e, 0x03, 0x05, 0x01, 0x6d, 0x0c, 0x0f, 0x15, 0x10, 0x0f, 0x00, 0x00, 0x02, 0x00, 0x00,
    0x00, 0x00, 0x01, 0x07, 0x01, 0x07, 0x00, 0x38, 0x00, 0x41, 0x00, 0x00, 0x13, 0x32, 0x1e, 0x01,
    0x15, 0x14, 0x06, 0x22, 0x27, 0x06, 0x22, 0x26, 0x34, 0x36, 0x33, 0x32, 0x17, 0x35, 0x34, 0x36,
    0x32, 0x16, 0x17, 0x15, 0x14, 0x33, 0x32, 0x36, 0x35, 0x34, 0x2e, 0x01, 0x22, 0x0e, 0x01, 0x14,
    0x1e, 0x01, 0x33, 0x32, 0x3f, 0x01, 0x36, 0x1e, 0x01, 0x06, 0x0f, 0x01, 0x06, 0x27, 0x06, 0x2e,
    0x02, 0x3e, 0x01, 0x17, 0x15, 0x22, 0x06, 0x14, 0x16, 0x32, 0x36, 0x34, 0x26, 0x96, 0x1f, 0x33,
    0x1f, 0x1c, 0x28, 0x0a, 0x0d, 0x2b, 0x1a, 0x1a, 0x15, 0x10, 0x0c, 0x06, 0x07, 0x05, 0x01, 0x13,
    0x0b, 0x11, 0x19, 0x2c, 0x32, 0x2c, 0x19, 0x19, 0x2c, 0x19, 0x0c, 0x0b, 0x09, 0x04, 0x07, 0x03,
    0x04, 0x03, 0x05, 0x10, 0x12, 0x1f, 0x33, 0x1e, 0x01, 0x1f, 0x33, 0x1f, 0x0c, 0x10, 0x10, 0x18,
    0x10, 0x10, 0x01, 0x07, 0x1f, 0x33, 0x1f, 0x17, 0x21, 0x12, 0x12, 0x21, 0x2e, 0x21, 0x0a, 0x01,
    0x04, 0x05, 0x04, 0x03, 0x31, 0x25, 0x15, 0x10, 0x19, 0x2c, 0x19, 0x19, 0x2c, 0x32, 0x2c, 0x19,
    0x03, 0x03, 0x01, 0x03, 0x07, 0x07, 0x02, 0x01, 0x06, 0x01, 0x01, 0x1f, 0x33, 0x3e, 0x33, 0x1f,
    0x01, 0x4a, 0x16, 0x20, 0x15, 0x15, 0x20, 0x16, 0x00, 0x03, 0x00, 0x00, 0x00, 0x00, 0x01, 0x07,
    0x00, 0xf4, 0x00, 0x0d, 0x00, 0x1b, 0x00, 0x29, 0x00, 0x00, 0x37, 0x34, 0x36, 0x3b, 0x01, 0x32,
    0x16, 0x14, 0x06, 0x2b, 0x01, 0x22, 0x26, 0x27, 0x17, 0x34, 0x36, 0x3b, 0x01, 0x32, 0x16, 0x14,
    0x06, 0x2b, 0x01, 0x22, 0x26, 0x27, 0x17, 0x34, 0x36, 0x3b, 0x01, 0x32, 0x16, 0x14, 0x06, 0x2b,
    0x01, 0x22, 0x26, 0x35, 0x26, 0x05, 0x04, 0xce, 0x04, 0x06, 0x06, 0x04, 0xce, 0x04, 0x05, 0x01,
    0x01, 0x05, 0x04, 0xce, 0x04, 0x06, 0x06, 0x04, 0xce, 0x04, 0x05, 0x01, 0x01, 0x05, 0x04, 0xce,
    0x04, 0x06, 0x06, 0x04, 0xce, 0x04, 0x06, 0xea, 0x04, 0x06, 0x06, 0x08, 0x05, 0x05, 0x04, 0x4b,
    0x04, 0x06, 0x06, 0x08, 0x05, 0x05, 0x04, 0x4b, 0x04, 0x06, 0x06, 0x08, 0x05, 0x05, 0x04, 0x00,
    0x00, 0x01, 0x00, 0x00, 0x00, 0x00, 0x00, 0xf4, 0x01, 0x07, 0x00, 0x21, 0x00, 0x00, 0x37, 0x14,
    0x06, 0x23, 0x06, 0x2e, 0x01, 0x3d, 0x01, 0x07, 0x06, 0x22, 0x26, 0x34, 0x3f, 0x01, 0x36, 0x32,
    0x1f, 0x01, 0x16, 0x14, 0x06, 0x22, 0x2f, 0x01, 0x15, 0x14, 0x1e, 0x01, 0x33, 0x32, 0x16, 0x15,
    0xf4, 0x06, 0x04, 0x1c, 0x2f, 0x1c, 0x31, 0x03, 0x08, 0x05, 0x02, 0x42, 0x03, 0x08, 0x02, 0x42,
    0x03, 0x06, 0x08, 0x02, 0x32, 0x17, 0x26, 0x17, 0x04, 0x06, 0x2f, 0x04, 0x05, 0x01, 0x1c, 0x30,
    0x1c, 0x59, 0x31, 0x03, 0x06, 0x07, 0x03, 0x42, 0x03, 0x03, 0x42, 0x03, 0x07, 0x06, 0x03, 0x31,
    0x59, 0x17, 0x27, 0x17, 0x05, 0x04, 0x00, 0x00, 0x00, 0x01, 0x00, 0x00, 0x00, 0x00, 0x01, 0x07,
    0x01, 0x2c, 0x00, 0x23, 0x00, 0x00, 0x13, 0x36, 0x32, 0x1f, 0x01, 0x16, 0x14, 0x06, 0x22, 0x2f,
    0x01, 0x15, 0x14, 0x17, 0x16, 0x33, 0x32, 0x16, 0x14, 0x06, 0x23, 0x22, 0x27, 0x15, 0x14, 0x06,
    0x22, 0x26, 0x3d, 0x01, 0x07, 0x06, 0x22, 0x26, 0x34, 0x37, 0x86, 0x03, 0x08, 0x02, 0x42, 0x03,
    0x06, 0x08, 0x02, 0x32, 0x1b, 0x18, 0x34, 0x04, 0x05, 0x05, 0x04, 0x4a, 0x1d, 0x05, 0x08, 0x06,
    0x31, 0x03, 0x08, 0x05, 0x02, 0x01, 0x29, 0x03, 0x03, 0x41, 0x03, 0x08, 0x05, 0x02, 0x32, 0x5a,
    0x2f, 0x14, 0x11, 0x06, 0x08, 0x05, 0x26, 0x55, 0x04, 0x05, 0x05, 0x04, 0xf0, 0x32, 0x02, 0x05,
    0x08, 0x03, 0x00, 0x00, 0x00, 0x02, 0x00, 0x00, 0x00, 0x00, 0x00, 0xf4, 0x01, 0x1a, 0x00, 0x0c,
    0x00, 0x30, 0x00, 0x00, 0x37, 0x32, 0x36, 0x3d, 0x01, 0x34, 0x26, 0x22, 0x06, 0x1d, 0x01, 0x14,
    0x16, 0x37, 0x15, 0x14, 0x0e, 0x01, 0x07, 0x15, 0x14, 0x06, 0x22, 0x26, 0x3d, 0x01, 0x2e, 0x02,
    0x3d, 0x01, 0x34, 0x36, 0x32, 0x16, 0x1d, 0x01, 0x14, 0x1e, 0x01, 0x32, 0x3e, 0x01, 0x3d, 0x01,
    0x34, 0x36, 0x32, 0x16, 0x96, 0x17, 0x21, 0x21, 0x2e, 0x21, 0x21, 0x75, 0x17, 0x26, 0x18, 0x05,
    0x08, 0x05, 0x18, 0x26, 0x17, 0x06, 0x08, 0x05, 0x14, 0x23, 0x28, 0x23, 0x14, 0x05, 0x08, 0x06,
    0x5e, 0x21, 0x17, 0x4b, 0x17, 0x21, 0x21, 0x17, 0x4b, 0x17, 0x21, 0x41, 0x09, 0x18, 0x29, 0x19,
    0x03, 0x1d, 0x04, 0x05, 0x05, 0x04, 0x1d, 0x03, 0x19, 0x29, 0x18, 0x09, 0x04, 0x06, 0x06, 0x04,
    0x09, 0x14, 0x23, 0x14, 0x14, 0x23, 0x14, 0x09, 0x04, 0x06, 0x06, 0x00, 0x00, 0x03, 0x00, 0x00,
    0x00, 0x00, 0x00, 0xf4, 0x01, 0x1a, 0x00, 0x0c, 0x00, 0x18, 0x00, 0x3c, 0x00, 0x00, 0x37, 0x32,
    0x36, 0x3d, 0x01, 0x34, 0x26, 0x22, 0x06, 0x1d, 0x01, 0x14, 0x16, 0x27, 0x34, 0x36, 0x32, 0x16,
    0x1d, 0x01, 0x16, 0x06, 0x22, 0x26, 0x35, 0x37, 0x15, 0x14, 0x0e, 0x01, 0x07, 0x15, 0x14, 0x06,
    0x22, 0x26, 0x3d, 0x01, 0x2e, 0x02, 0x3d, 0x01, 0x34, 0x36, 0x32, 0x16, 0x1d, 0x01, 0x14, 0x1e,
    0x01, 0x32, 0x3e, 0x01, 0x3d, 0x01, 0x34, 0x36, 0x32, 0x16, 0x96, 0x17, 0x21, 0x21, 0x2e, 0x21,
    0x21, 0x0e, 0x15, 0x20, 0x15, 0x01, 0x16, 0x20, 0x15, 0x83, 0x17, 0x26, 0x18, 0x05, 0x08, 0x05,
    0x18, 0x26, 0x17, 0x06, 0x08, 0x05, 0x14, 0x23, 0x28, 0x23, 0x14, 0x05, 0x08, 0x06, 0x5e, 0x21,
    0x17, 0x4b, 0x17, 0x21, 0x21, 0x17, 0x4b, 0x17, 0x21, 0x83, 0x10, 0x16, 0x16, 0x10, 0x4b, 0x10,
    0x15, 0x15, 0x10, 0x09, 0x09, 0x18, 0x29, 0x19, 0x03, 0x1d, 0x04, 0x05, 0x05, 0x04, 0x1d, 0x03,
    0x19, 0x29, 0x18, 0x09, 0x04, 0x06, 0x06, 0x04, 0x09, 0x14, 0x23, 0x14, 0x14, 0x23, 0x14, 0x09,
    0x04, 0x06, 0x06, 0x00, 0x00, 0x04, 0x00, 0x00, 0x00, 0x00, 0x01, 0x07, 0x01, 0x1a, 0x00, 0x23,
    0x00, 0x2b, 0x00, 0x2f, 0x00, 0x3e, 0x00, 0x00, 0x25, 0x27, 0x26, 0x2b, 0x01, 0x35, 0x34, 0x26,
    0x22, 0x06, 0x1d, 0x01, 0x23, 0x22, 0x06, 0x1d, 0x01, 0x14, 0x16, 0x3b, 0x01, 0x15, 0x14, 0x16,
    0x3b, 0x01, 0x32, 0x36, 0x3d, 0x01, 0x33, 0x32, 0x3f, 0x01, 0x36, 0x34, 0x27, 0x34, 0x3e, 0x01,
    0x16, 0x1d, 0x01, 0x23, 0x17, 0x23, 0x35, 0x33, 0x37, 0x06, 0x2b, 0x01, 0x22, 0x26, 0x3d, 0x01,
    0x34, 0x36, 0x3b, 0x01, 0x32, 0x1f, 0x01, 0x01, 0x04, 0x20, 0x08, 0x0c, 0x27, 0x16, 0x1f, 0x16,
    0x1c, 0x0c, 0x10, 0x10, 0x0c, 0x1c, 0x0b, 0x07, 0x26, 0x08, 0x0b, 0x27, 0x0b, 0x09, 0x20, 0x03,
    0x96, 0x0b, 0x0f, 0x0b, 0x25, 0x25, 0x25, 0x25, 0x40, 0x02, 0x04, 0x8e, 0x04, 0x06, 0x06, 0x04,
    0x8e, 0x04, 0x03, 0x19, 0xb9, 0x20, 0x08, 0x13, 0x0f, 0x16, 0x16, 0x0f, 0x13, 0x10, 0x0c, 0x26,
    0x0b, 0x11, 0x5d, 0x08, 0x0b, 0x0b, 0x08, 0x5d, 0x08, 0x20, 0x03, 0x08, 0x3e, 0x07, 0x0b, 0x01,
    0x0c, 0x07, 0x13, 0xbb, 0x5d, 0x16, 0x03, 0x05, 0x04, 0x26, 0x04, 0x05, 0x02, 0x1a, 0x00, 0x00,
    0x00, 0x03, 0x00, 0x00, 0x00, 0x00, 0x01, 0x1a, 0x01, 0x19, 0x00, 0x18, 0x00, 0x2c, 0x00, 0x51,
    0x00, 0x00, 0x25, 0x27, 0x26, 0x22, 0x0f, 0x01, 0x0e, 0x01, 0x1d, 0x01, 0x14, 0x16, 0x33, 0x32,
    0x3f, 0x01, 0x17, 0x16, 0x33, 0x32, 0x36, 0x3d, 0x01, 0x34, 0x26, 0x07, 0x27, 0x35, 0x34, 0x26,
    0x22, 0x06, 0x1d, 0x01, 0x07, 0x35, 0x37, 0x15, 0x14, 0x16, 0x32, 0x36, 0x3d, 0x01, 0x17, 0x07,
    0x14, 0x1f, 0x01, 0x23, 0x37, 0x36, 0x34, 0x26, 0x22, 0x0f, 0x01, 0x06, 0x14, 0x1f, 0x01, 0x16,
    0x32, 0x36, 0x34, 0x2f, 0x01, 0x33, 0x07, 0x06, 0x1e, 0x01, 0x32, 0x3f, 0x01, 0x36, 0x34, 0x2f,
    0x01, 0x26, 0x22, 0x06, 0x01, 0x0c, 0x71, 0x02, 0x06, 0x03, 0x70, 0x06, 0x07, 0x0b, 0x07, 0x03,
    0x03, 0x6b, 0x6b, 0x03, 0x03, 0x07, 0x0b, 0x07, 0x0b, 0x68, 0x05, 0x08, 0x05, 0x67, 0x67, 0x05,
    0x08, 0x05, 0x68, 0x4b, 0x02, 0x16, 0x7c, 0x16, 0x02, 0x05, 0x08, 0x03, 0x25, 0x03, 0x03, 0x25,
    0x03, 0x08, 0x05, 0x02, 0x16, 0x7c, 0x16, 0x03, 0x01, 0x05, 0x08, 0x03, 0x25, 0x03, 0x03, 0x25,
    0x03, 0x08, 0x05, 0xf5, 0x23, 0x01, 0x01, 0x23, 0x01, 0x0a, 0x07, 0xbe, 0x07, 0x0b, 0x01, 0x21,
    0x21, 0x01, 0x0b, 0x07, 0xbe, 0x07, 0x0a, 0xcf, 0x20, 0x22, 0x04, 0x05, 0x05, 0x04, 0x22, 0x20,
    0xbe, 0x20, 0x2b, 0x04, 0x06, 0x06, 0x04, 0x2b, 0x20, 0x1e, 0x04, 0x03, 0x15, 0x15, 0x03, 0x08,
    0x05, 0x02, 0x26, 0x03, 0x08, 0x02, 0x26, 0x03, 0x06, 0x08, 0x03, 0x15, 0x15, 0x03, 0x08, 0x06,
    0x03, 0x26, 0x02, 0x08, 0x03, 0x26, 0x02, 0x05, 0x00, 0x04, 0x00, 0x00, 0x00, 0x00, 0x01, 0x1a,
    0x01, 0x06, 0x00, 0x21, 0x00, 0x31, 0x00, 0x33, 0x00, 0x3d, 0x00, 0x00, 0x37, 0x26, 0x22, 0x0f,
    0x01, 0x06, 0x1d, 0x01, 0x14, 0x16, 0x32, 0x36, 0x3d, 0x01, 0x17, 0x15, 0x14, 0x1f, 0x01, 0x16,
    0x17, 0x16, 0x32, 0x37, 0x36, 0x3f, 0x01, 0x36, 0x3d, 0x01, 0x37, 0x36, 0x34, 0x27, 0x07, 0x15,
    0x07, 0x06, 0x07, 0x06, 0x22, 0x27, 0x26, 0x2f, 0x01, 0x35, 0x17, 0x16, 0x32, 0x37, 0x0f, 0x01,
    0x37, 0x36, 0x32, 0x1f, 0x01, 0x07, 0x06, 0x22, 0x2f, 0x01, 0xb0, 0x0c, 0x1c, 0x0c, 0x65, 0x04,
    0x05, 0x08, 0x06, 0x12, 0x02, 0x07, 0x08, 0x0a, 0x1f, 0x48, 0x1f, 0x0a, 0x08, 0x07, 0x02, 0x21,
    0x04, 0x04, 0x34, 0x03, 0x07, 0x08, 0x1b, 0x3c, 0x1b, 0x08, 0x07, 0x03, 0x31, 0x0c, 0x1c, 0x0c,
    0x6e, 0x08, 0x4d, 0x07, 0x10, 0x07, 0x5a, 0x59, 0x07, 0x12, 0x07, 0x59, 0xfe, 0x08, 0x08, 0x42,
    0x03, 0x05, 0x4d, 0x04, 0x05, 0x05, 0x04, 0x3b, 0x0c, 0x45, 0x04, 0x02, 0x07, 0x08, 0x06, 0x14,
    0x14, 0x06, 0x08, 0x07, 0x02, 0x04, 0x45, 0x16, 0x03, 0x0a, 0x03, 0x33, 0x35, 0x02, 0x07, 0x05,
    0x11, 0x11, 0x05, 0x07, 0x02, 0x35, 0x21, 0x08, 0x08, 0x17, 0x06, 0xa3, 0x05, 0x05, 0x3a, 0x3d,
    0x04, 0x04, 0x3d, 0x00, 0x00, 0x04, 0x00, 0x00, 0x00, 0x00, 0x01, 0x1a, 0x01, 0x1a, 0x00, 0x17,
    0x00, 0x30, 0x00, 0x48, 0x00, 0x61, 0x00, 0x00, 0x13, 0x26, 0x22, 0x0f, 0x01, 0x06, 0x14, 0x16,
    0x32, 0x3f, 0x01, 0x15, 0x14, 0x16, 0x3e, 0x01, 0x3d, 0x01, 0x17, 0x16, 0x32, 0x36, 0x34, 0x27,
    0x07, 0x16, 0x14, 0x0f, 0x01, 0x33, 0x32, 0x16, 0x14, 0x06, 0x2b, 0x01, 0x17, 0x16, 0x14, 0x06,
    0x22, 0x2f, 0x01, 0x26, 0x34, 0x3f, 0x01, 0x36, 0x32, 0x17, 0x27, 0x26, 0x22, 0x06, 0x14, 0x1f,
    0x01, 0x16, 0x32, 0x3f, 0x01, 0x36, 0x34, 0x26, 0x22, 0x0f, 0x01, 0x35, 0x34, 0x26, 0x22, 0x06,
    0x15, 0x37, 0x36, 0x32, 0x1f, 0x01, 0x16, 0x14, 0x0f, 0x01, 0x06, 0x22, 0x26, 0x34, 0x3f, 0x01,
    0x23, 0x22, 0x26, 0x34, 0x36, 0x3b, 0x01, 0x27, 0x26, 0x34, 0x9d, 0x03, 0x08, 0x03, 0x25, 0x03,
    0x06, 0x07, 0x03, 0x16, 0x05, 0x08, 0x05, 0x16, 0x03, 0x07, 0x06, 0x03, 0x7a, 0x03, 0x03, 0x15,
    0x34, 0x04, 0x06, 0x06, 0x04, 0x34, 0x15, 0x03, 0x05, 0x08, 0x03, 0x26, 0x02, 0x02, 0x26, 0x03,
    0x08, 0x47, 0x16, 0x03, 0x07, 0x06, 0x03, 0x25, 0x03, 0x08, 0x03, 0x25, 0x03, 0x06, 0x07, 0x03,
    0x16, 0x05, 0x08, 0x05, 0x57, 0x02, 0x08, 0x03, 0x26, 0x02, 0x02, 0x26, 0x03, 0x08, 0x05, 0x03,
    0x15, 0x34, 0x04, 0x05, 0x05, 0x04, 0x34, 0x15, 0x03, 0x01, 0x17, 0x02, 0x02, 0x26, 0x03, 0x08,
    0x05, 0x03, 0x15, 0x34, 0x04, 0x06, 0x01, 0x05, 0x04, 0x34, 0x15, 0x03, 0x05, 0x08, 0x03, 0x2f,
    0x03, 0x07, 0x03, 0x16, 0x05, 0x08, 0x05, 0x16, 0x03, 0x07, 0x06, 0x03, 0x25, 0x03, 0x08, 0x03,
    0x25, 0x03, 0x92, 0x15, 0x03, 0x05, 0x08, 0x03, 0x26, 0x02, 0x02, 0x26, 0x03, 0x08, 0x05, 0x03,
    0x15, 0x34, 0x04, 0x06, 0x06, 0x04, 0x5b, 0x03, 0x03, 0x25, 0x03, 0x08, 0x03, 0x25, 0x03, 0x06,
    0x07, 0x03, 0x16, 0x05, 0x08, 0x05, 0x16, 0x03, 0x07, 0x00, 0x00, 0x00, 0x00, 0x04, 0x00, 0x00,
    0x00, 0x00, 0x01, 0x1a, 0x01, 0x1a, 0x00, 0x0f, 0x00, 0x19, 0x00, 0x23, 0x00, 0x35, 0x00, 0x00,
    0x37, 0x32, 0x36, 0x3d, 0x01, 0x34, 0x26, 0x2b, 0x01, 0x22, 0x06, 0x1d, 0x01, 0x14, 0x16, 0x33,
    0x35, 0x33, 0x32, 0x16, 0x1d, 0x01, 0x23, 0x35, 0x34, 0x36, 0x07, 0x35, 0x33, 0x15, 0x14, 0x06,
    0x2b, 0x01, 0x22, 0x26, 0x37, 0x15, 0x14, 0x0e, 0x01, 0x2b, 0x01, 0x22, 0x26, 0x27, 0x33, 0x32,
    0x3e, 0x01, 0x3d, 0x01, 0x1e, 0x01, 0xc5, 0x13, 0x1c, 0x1c, 0x13, 0x83, 0x14, 0x1b, 0x1b, 0x14,
    0x83, 0x0c, 0x10, 0xbb, 0x10, 0x10, 0xbb, 0x10, 0x0c, 0x83, 0x0c, 0x10, 0xf3, 0x16, 0x27, 0x17,
    0x5e, 0x0b, 0x14, 0x06, 0x83, 0x12, 0x1e, 0x12, 0x08, 0x0a, 0x38, 0x1c, 0x13, 0x83, 0x14, 0x1b,
    0x1b, 0x14, 0x83, 0x13, 0x1c, 0xcf, 0x11, 0x0c, 0x09, 0x09, 0x0c, 0x11, 0xa0, 0x67, 0x67, 0x0c,
    0x10, 0x10, 0x6a, 0x5e, 0x17, 0x27, 0x16, 0x0a, 0x09, 0x11, 0x1e, 0x12, 0x83, 0x06, 0x14, 0x00,
    0x00, 0x04, 0x00, 0x00, 0x00, 0x00, 0x00, 0xf4, 0x01, 0x19, 0x00, 0x1d, 0x00, 0x21, 0x00, 0x2a,
    0x00, 0x33, 0x00, 0x00, 0x37, 0x15, 0x26, 0x23, 0x22, 0x06, 0x14, 0x16, 0x32, 0x36, 0x3d, 0x01,
    0x34, 0x26, 0x0f, 0x01, 0x0e, 0x01, 0x1d, 0x01, 0x26, 0x23, 0x22, 0x06, 0x1e, 0x01, 0x32, 0x36,
    0x37, 0x35, 0x37, 0x07, 0x35, 0x37, 0x07, 0x32, 0x16, 0x14, 0x06, 0x22, 0x26, 0x3e, 0x01, 0x07,
    0x32, 0x16, 0x14, 0x06, 0x22, 0x26, 0x34, 0x36, 0xe1, 0x09, 0x0a, 0x0f, 0x16, 0x16, 0x1f, 0x16,
    0x0d, 0x07, 0x78, 0x05, 0x05, 0x09, 0x0a, 0x10, 0x16, 0x01, 0x15, 0x20, 0x15, 0x01, 0x70, 0x70,
    0x70, 0x13, 0x08, 0x0b, 0x0b, 0x10, 0x0b, 0x01, 0x0a, 0x7b, 0x08, 0x0b, 0x0b, 0x10, 0x0b, 0x0b,
    0xca, 0x5f, 0x06, 0x16, 0x20, 0x15, 0x15, 0x10, 0xbd, 0x08, 0x09, 0x03, 0x2b, 0x01, 0x08, 0x05,
    0x84, 0x05, 0x16, 0x1f, 0x16, 0x16, 0x0f, 0x6a, 0x3c, 0x28, 0x24, 0x29, 0xa5, 0x0b, 0x10, 0x0b,
    0x0b, 0x10, 0x0b, 0x13, 0x0b, 0x10, 0x0a, 0x0a, 0x10, 0x0b, 0x00, 0x00, 0x00, 0x03, 0x00, 0x00,
    0x00, 0x00, 0x01, 0x07, 0x01, 0x09, 0x00, 0x12, 0x00, 0x22, 0x00, 0x3f, 0x00, 0x00, 0x13, 0x16,
    0x1d, 0x01, 0x14, 0x06, 0x2f, 0x01, 0x23, 0x22, 0x26, 0x3d, 0x01, 0x34, 0x36, 0x3b, 0x01, 0x37,
    0x36, 0x0f, 0x01, 0x06, 0x2b, 0x01, 0x22, 0x06, 0x1d, 0x01, 0x14, 0x16, 0x3b, 0x01, 0x32, 0x1f,
    0x01, 0x37, 0x36, 0x32, 0x1f, 0x01, 0x37, 0x36, 0x32, 0x16, 0x14, 0x0f, 0x01, 0x17, 0x16, 0x14,
    0x06, 0x22, 0x2f, 0x01, 0x07, 0x06, 0x22, 0x26, 0x34, 0x3f, 0x01, 0x27, 0x26, 0x34, 0xa3, 0x06,
    0x0c, 0x04, 0x37, 0x20, 0x0c, 0x11, 0x11, 0x0c, 0x20, 0x37, 0x04, 0x07, 0x2a, 0x02, 0x04, 0x24,
    0x04, 0x06, 0x06, 0x04, 0x24, 0x04, 0x02, 0x2a, 0x28, 0x03, 0x08, 0x03, 0x15, 0x15, 0x03, 0x08,
    0x06, 0x03, 0x16, 0x16, 0x03, 0x06, 0x08, 0x03, 0x15, 0x15, 0x03, 0x08, 0x06, 0x03, 0x16, 0x16,
    0x03, 0x01, 0x06, 0x03, 0x06, 0xce, 0x06, 0x05, 0x04, 0x36, 0x11, 0x0b, 0x38, 0x0c, 0x10, 0x36,
    0x04, 0x21, 0x29, 0x02, 0x06, 0x04, 0x38, 0x04, 0x05, 0x03, 0x29, 0x74, 0x02, 0x02, 0x16, 0x16,
    0x02, 0x05, 0x08, 0x03, 0x15, 0x15, 0x03, 0x08, 0x05, 0x02, 0x16, 0x16, 0x02, 0x05, 0x08, 0x03,
    0x15, 0x15, 0x03, 0x08, 0x00, 0x04, 0x00, 0x00, 0x00, 0x00, 0x01, 0x2c, 0x01, 0x1a, 0x00, 0x0c,
    0x00, 0x29, 0x00, 0x60, 0x00, 0x6f, 0x00, 0x00, 0x37, 0x32, 0x1e, 0x01, 0x14, 0x0e, 0x01, 0x22,
    0x2e, 0x01, 0x34, 0x3e, 0x01, 0x17, 0x22, 0x06, 0x1d, 0x01, 0x23, 0x22, 0x06, 0x14, 0x16, 0x3b,
    0x01, 0x15, 0x14, 0x16, 0x32, 0x36, 0x3d, 0x01, 0x33, 0x32, 0x36, 0x34, 0x26, 0x2b, 0x01, 0x35,
    0x34, 0x26, 0x37, 0x32, 0x16, 0x1d, 0x01, 0x26, 0x27, 0x35, 0x36, 0x26, 0x07, 0x23, 0x26, 0x06,
    0x1d, 0x01, 0x33, 0x32, 0x17, 0x16, 0x17, 0x27, 0x22, 0x07, 0x26, 0x07, 0x23, 0x26, 0x06, 0x1d,
    0x01, 0x14, 0x16, 0x3b, 0x01, 0x16, 0x17, 0x23, 0x22, 0x26, 0x3d, 0x01, 0x23, 0x22, 0x26, 0x3d,
    0x01, 0x34, 0x36, 0x3b, 0x01, 0x35, 0x34, 0x36, 0x33, 0x07, 0x22, 0x06, 0x1d, 0x01, 0x14, 0x16,
    0x3b, 0x01, 0x35, 0x34, 0x36, 0x3b, 0x01, 0x35, 0xd8, 0x17, 0x26, 0x17, 0x17, 0x26, 0x2e, 0x27,
    0x17, 0x17, 0x27, 0x17, 0x04, 0x06, 0x25, 0x04, 0x06, 0x06, 0x04, 0x25, 0x06, 0x08, 0x05, 0x26,
    0x03, 0x06, 0x06, 0x04, 0x25, 0x05, 0x21, 0x0c, 0x10, 0x08, 0x0b, 0x01, 0x06, 0x04, 0x5e, 0x04,
    0x05, 0x2f, 0x0c, 0x08, 0x04, 0x02, 0x07, 0x08, 0x07, 0x02, 0x02, 0x5e, 0x04, 0x05, 0x05, 0x04,
    0x15, 0x05, 0x07, 0x21, 0x0c, 0x10, 0x1c, 0x0c, 0x10, 0x10, 0x0c, 0x54, 0x11, 0x0b, 0x70, 0x04,
    0x05, 0x05, 0x04, 0x1c, 0x10, 0x0c, 0x1c, 0xa9, 0x17, 0x27, 0x2e, 0x26, 0x17, 0x17, 0x26, 0x2e,
    0x27, 0x17, 0x1c, 0x06, 0x04, 0x25, 0x06, 0x08, 0x05, 0x25, 0x04, 0x06, 0x06, 0x03, 0x26, 0x05,
    0x08, 0x06, 0x25, 0x04, 0x06, 0x8c, 0x10, 0x0c, 0x59, 0x07, 0x05, 0x4d, 0x04, 0x06, 0x01, 0x01,
    0x06, 0x04, 0x2f, 0x08, 0x05, 0x06, 0x01, 0x02, 0x02, 0x01, 0x01, 0x06, 0x04, 0x83, 0x04, 0x05,
    0x0b, 0x08, 0x10, 0x0c, 0x09, 0x11, 0x0b, 0x84, 0x0b, 0x11, 0x09, 0x0c, 0x10, 0x38, 0x05, 0x04,
    0x84, 0x04, 0x05, 0x67, 0x0c, 0x10, 0x13, 0x00, 0x00, 0x04, 0x00, 0x00, 0x00, 0x00, 0x01, 0x2c,
    0x01, 0x1a, 0x00, 0x22, 0x00, 0x28, 0x00, 0x35, 0x00, 0x52, 0x00, 0x00, 0x37, 0x22, 0x26, 0x3d,
    0x01, 0x34, 0x36, 0x3b, 0x01, 0x15, 0x14, 0x16, 0x3b, 0x01, 0x15, 0x16, 0x17, 0x35, 0x34, 0x2f,
    0x01, 0x26, 0x2b, 0x01, 0x22, 0x06, 0x1d, 0x01, 0x14, 0x16, 0x3b, 0x01, 0x26, 0x27, 0x23, 0x37,
    0x17, 0x23, 0x22, 0x26, 0x35, 0x17, 0x22, 0x0e, 0x01, 0x14, 0x1e, 0x01, 0x32, 0x3e, 0x01, 0x34,
    0x2e, 0x01, 0x17, 0x23, 0x15, 0x14, 0x06, 0x22, 0x26, 0x3d, 0x01, 0x23, 0x22, 0x26, 0x34, 0x36,
    0x3b, 0x01, 0x35, 0x34, 0x36, 0x32, 0x16, 0x1d, 0x01, 0x33, 0x32, 0x16, 0x14, 0x06, 0x23, 0x5e,
    0x08, 0x0b, 0x0b, 0x08, 0x38, 0x10, 0x0c, 0x2f, 0x09, 0x0a, 0x08, 0x37, 0x08, 0x0c, 0x43, 0x10,
    0x16, 0x16, 0x10, 0x2a, 0x07, 0x05, 0x1e, 0x4b, 0x34, 0x2b, 0x04, 0x05, 0x2f, 0x17, 0x27, 0x17,
    0x17, 0x27, 0x2e, 0x26, 0x17, 0x17, 0x26, 0x18, 0x26, 0x05, 0x08, 0x06, 0x25, 0x04, 0x06, 0x06,
    0x04, 0x25, 0x06, 0x08, 0x05, 0x26, 0x03, 0x06, 0x06, 0x04, 0x26, 0x0a, 0x08, 0xbc, 0x08, 0x0b,
    0x2f, 0x0c, 0x10, 0x01, 0x01, 0x02, 0x0e, 0x0c, 0x08, 0x37, 0x08, 0x16, 0x0f, 0xbc, 0x0f, 0x16,
    0x08, 0x0a, 0xde, 0x35, 0x06, 0x04, 0x2f, 0x17, 0x27, 0x2e, 0x26, 0x17, 0x17, 0x26, 0x2e, 0x27,
    0x17, 0x5e, 0x25, 0x04, 0x06, 0x06, 0x04, 0x25, 0x05, 0x08, 0x06, 0x25, 0x04, 0x06, 0x06, 0x04,
    0x25, 0x06, 0x08, 0x05, 0x00, 0x04, 0x00, 0x00, 0x00, 0x00, 0x01, 0x2c, 0x01, 0x07, 0x00, 0x0b,
    0x00, 0x2e, 0x00, 0x3b, 0x00, 0x57, 0x00, 0x00, 0x37, 0x15, 0x33, 0x32, 0x3f, 0x01, 0x27, 0x26,
    0x2b, 0x01, 0x22, 0x06, 0x07, 0x34, 0x36, 0x3b, 0x01, 0x36, 0x1f, 0x01, 0x33, 0x32, 0x16, 0x1d,
    0x01, 0x26, 0x27, 0x35, 0x36, 0x26, 0x2b, 0x01, 0x07, 0x06, 0x2b, 0x01, 0x15, 0x14, 0x16, 0x3b,
    0x01, 0x16, 0x17, 0x23, 0x22, 0x26, 0x35, 0x21, 0x14, 0x0e, 0x01, 0x22, 0x2e, 0x01, 0x34, 0x3e,
    0x01, 0x32, 0x1e, 0x01, 0x27, 0x34, 0x26, 0x22, 0x06, 0x1d, 0x01, 0x23, 0x22, 0x06, 0x14, 0x16,
    0x3b, 0x01, 0x15, 0x14, 0x16, 0x32, 0x36, 0x3d, 0x01, 0x33, 0x32, 0x36, 0x34, 0x26, 0x2b, 0x01,
    0x26, 0x43, 0x04, 0x02, 0x1a, 0x1a, 0x02, 0x04, 0x27, 0x0c, 0x10, 0x13, 0x1b, 0x14, 0x27, 0x0b,
    0x09, 0x1d, 0x50, 0x14, 0x1b, 0x08, 0x0b, 0x01, 0x11, 0x0c, 0x50, 0x1d, 0x09, 0x0b, 0x43, 0x10,
    0x0c, 0x32, 0x03, 0x05, 0x3a, 0x14, 0x1b, 0x01, 0x19, 0x17, 0x26, 0x2e, 0x27, 0x17, 0x17, 0x27,
    0x2e, 0x26, 0x17, 0x4b, 0x05, 0x08, 0x06, 0x25, 0x04, 0x06, 0x06, 0x04, 0x25, 0x06, 0x08, 0x05,
    0x26, 0x03, 0x06, 0x06, 0x04, 0x25, 0xd8, 0x1c, 0x02, 0x1a, 0x19, 0x03, 0x11, 0x0b, 0x13, 0x1b,
    0x01, 0x09, 0x1d, 0x1b, 0x14, 0x0e, 0x07, 0x05, 0x02, 0x0c, 0x10, 0x1d, 0x08, 0x55, 0x0b, 0x11,
    0x09, 0x09, 0x1b, 0x13, 0x17, 0x26, 0x17, 0x17, 0x26, 0x2e, 0x27, 0x17, 0x17, 0x27, 0x18, 0x04,
    0x06, 0x06, 0x04, 0x25, 0x06, 0x08, 0x05, 0x25, 0x04, 0x06, 0x06, 0x03, 0x26, 0x05, 0x08, 0x06,
    0x00, 0x02, 0x00, 0x00, 0x00, 0x00, 0x01, 0x2d, 0x01, 0x2d, 0x00, 0x1c, 0x00, 0x2e, 0x00, 0x00,
    0x25, 0x37, 0x15, 0x14, 0x06, 0x2b, 0x01, 0x22, 0x26, 0x3d, 0x01, 0x34, 0x36, 0x3b, 0x01, 0x07,
    0x23, 0x22, 0x06, 0x07, 0x15, 0x1e, 0x01, 0x17, 0x33, 0x3e, 0x01, 0x27, 0x35, 0x37, 0x31, 0x26,
    0x22, 0x0f, 0x01, 0x06, 0x0f, 0x01, 0x06, 0x16, 0x3f, 0x01, 0x36, 0x3f, 0x01, 0x36, 0x34, 0x01,
    0x07, 0x12, 0x21, 0x17, 0x96, 0x17, 0x21, 0x21, 0x17, 0x75, 0x13, 0x62, 0x10, 0x15, 0x01, 0x01,
    0x15, 0x10, 0x96, 0x10, 0x16, 0x01, 0x1c, 0x0b, 0x1d, 0x0a, 0x5a, 0x08, 0x03, 0x07, 0x03, 0x0e,
    0x09, 0x1c, 0x0b, 0x08, 0x5b, 0x0a, 0xad, 0x13, 0x75, 0x17, 0x21, 0x21, 0x17, 0x96, 0x17, 0x21,
    0x13, 0x15, 0x10, 0x96, 0x10, 0x15, 0x01, 0x01, 0x15, 0x10, 0x62, 0x75, 0x0a, 0x0a, 0x5b, 0x08,
    0x0b, 0x1c, 0x09, 0x0e, 0x03, 0x07, 0x03, 0x08, 0x5a, 0x0a, 0x1d, 0x00, 0x00, 0x01, 0x00, 0x00,
    0x00, 0x00, 0x01, 0x07, 0x00, 0xf4, 0x00, 0x20, 0x00, 0x00, 0x25, 0x15, 0x14, 0x06, 0x2b, 0x01,
    0x17, 0x16, 0x14, 0x06, 0x22, 0x2f, 0x01, 0x26, 0x34, 0x3f, 0x01, 0x36, 0x32, 0x16, 0x14, 0x0f,
    0x01, 0x33, 0x32, 0x36, 0x3d, 0x01, 0x34, 0x36, 0x32, 0x16, 0x15, 0x01, 0x07, 0x1c, 0x13, 0x92,
    0x31, 0x03, 0x06, 0x07, 0x03, 0x42, 0x03, 0x03, 0x42, 0x03, 0x07, 0x06, 0x03, 0x32, 0x93, 0x0b,
    0x11, 0x05, 0x08, 0x05, 0xea, 0x38, 0x13, 0x1c, 0x31, 0x03, 0x08, 0x05, 0x02, 0x42, 0x03, 0x08,
    0x02, 0x42, 0x03, 0x06, 0x08, 0x02, 0x32, 0x11, 0x0b, 0x38, 0x04, 0x06, 0x06, 0x04, 0x00, 0x00,
    0x00, 0x05, 0x00, 0x00, 0x00, 0x00, 0x01, 0x2c, 0x00, 0xf4, 0x00, 0x09, 0x00, 0x1e, 0x00, 0x2b,
    0x00, 0x34, 0x00, 0x3d, 0x00, 0x00, 0x37, 0x15, 0x26, 0x27, 0x35, 0x34, 0x36, 0x32, 0x16, 0x15,
    0x07, 0x33, 0x36, 0x37, 0x23, 0x37, 0x36, 0x34, 0x26, 0x22, 0x0f, 0x01, 0x06, 0x14, 0x1f, 0x01,
    0x16, 0x32, 0x36, 0x34, 0x27, 0x37, 0x14, 0x1e, 0x01, 0x32, 0x3e, 0x01, 0x34, 0x2e, 0x01, 0x22,
    0x0e, 0x01, 0x17, 0x14, 0x17, 0x37, 0x26, 0x23, 0x22, 0x0e, 0x01, 0x17, 0x22, 0x27, 0x37, 0x16,
    0x15, 0x14, 0x0e, 0x01, 0xf4, 0x09, 0x0a, 0x05, 0x08, 0x06, 0xc1, 0x49, 0x05, 0x07, 0x55, 0x31,
    0x03, 0x05, 0x08, 0x03, 0x42, 0x02, 0x02, 0x42, 0x03, 0x08, 0x05, 0x03, 0x1f, 0x17, 0x27, 0x2e,
    0x26, 0x17, 0x17, 0x26, 0x2e, 0x27, 0x17, 0x13, 0x0d, 0x5c, 0x12, 0x15, 0x12, 0x1e, 0x12, 0x42,
    0x16, 0x12, 0x5c, 0x0d, 0x11, 0x1f, 0xea, 0x32, 0x02, 0x01, 0x2f, 0x04, 0x06, 0x06, 0x04, 0x67,
    0x0a, 0x09, 0x32, 0x02, 0x08, 0x06, 0x03, 0x42, 0x02, 0x08, 0x03, 0x42, 0x02, 0x05, 0x08, 0x03,
    0x02, 0x17, 0x26, 0x17, 0x17, 0x26, 0x2e, 0x27, 0x17, 0x17, 0x27, 0x17, 0x15, 0x12, 0x5c, 0x0d,
    0x12, 0x1e, 0x53, 0x0d, 0x5c, 0x12, 0x16, 0x11, 0x1f, 0x11, 0x00, 0x00, 0x00, 0x03, 0x00, 0x00,
    0x00, 0x00, 0x01, 0x07, 0x01, 0x07, 0x00, 0x12, 0x00, 0x24, 0x00, 0x2c, 0x00, 0x00, 0x13, 0x22,
    0x06, 0x1d, 0x01, 0x14, 0x16, 0x3b, 0x01, 0x32, 0x3f, 0x01, 0x36, 0x3d, 0x01, 0x34, 0x26, 0x07,
    0x23, 0x07, 0x34, 0x36, 0x3b, 0x01, 0x32, 0x16, 0x1d, 0x01, 0x23, 0x22, 0x06, 0x1d, 0x01, 0x23,
    0x22, 0x26, 0x35, 0x17, 0x35, 0x34, 0x36, 0x3b, 0x01, 0x0f, 0x01, 0x54, 0x13, 0x1b, 0x1b, 0x13,
    0x45, 0x14, 0x0d, 0x3f, 0x0e, 0x1c, 0x13, 0x84, 0x1c, 0x11, 0x0b, 0x84, 0x0b, 0x11, 0x2f, 0x14,
    0x1b, 0x42, 0x0b, 0x11, 0x71, 0x10, 0x0c, 0x2a, 0x03, 0x3f, 0x01, 0x07, 0x1c, 0x13, 0x84, 0x13,
    0x1b, 0x0d, 0x3f, 0x0d, 0x14, 0x45, 0x13, 0x1c, 0x01, 0x2e, 0x0b, 0x11, 0x11, 0x0b, 0x42, 0x1b,
    0x14, 0x2f, 0x11, 0x0b, 0x17, 0x2a, 0x0c, 0x10, 0x04, 0x3f, 0x00, 0x00, 0x00, 0x0c, 0x00, 0x00,
    0x00, 0x00, 0x01, 0x2c, 0x01, 0x1a, 0x00, 0x14, 0x00, 0x21, 0x00, 0x2e, 0x00, 0x42, 0x00, 0x56,
    0x00, 0x62, 0x00, 0x73, 0x00, 0x83, 0x00, 0x8f, 0x00, 0x99, 0x00, 0xa3, 0x00, 0xad, 0x00, 0x00,
    0x13, 0x14, 0x06, 0x2b, 0x01, 0x22, 0x06, 0x1d, 0x01, 0x14, 0x06, 0x22, 0x26, 0x3d, 0x01, 0x34,
    0x36, 0x3b, 0x01, 0x32, 0x16, 0x07, 0x32, 0x36, 0x3d, 0x01, 0x2e, 0x01, 0x22, 0x06, 0x1d, 0x01,
    0x14, 0x16, 0x17, 0x32, 0x36, 0x3d, 0x01, 0x34, 0x26, 0x22, 0x06, 0x1d, 0x01, 0x14, 0x16, 0x17,
    0x23, 0x22, 0x26, 0x3d, 0x01, 0x36, 0x26, 0x22, 0x06, 0x1d, 0x01, 0x14, 0x16, 0x3b, 0x01, 0x32,
    0x36, 0x34, 0x26, 0x37, 0x33, 0x32, 0x16, 0x1d, 0x01, 0x14, 0x16, 0x32, 0x36, 0x3d, 0x01, 0x34,
    0x26, 0x2b, 0x01, 0x22, 0x06, 0x14, 0x16, 0x23, 0x33, 0x16, 0x36, 0x34, 0x26, 0x2b, 0x01, 0x22,
    0x06, 0x14, 0x16, 0x17, 0x15, 0x14, 0x06, 0x2b, 0x01, 0x22, 0x26, 0x3d, 0x01, 0x34, 0x36, 0x3b,
    0x01, 0x32, 0x16, 0x15, 0x23, 0x34, 0x26, 0x2b, 0x01, 0x26, 0x06, 0x1d, 0x01, 0x1e, 0x01, 0x3b,
    0x01, 0x32, 0x36, 0x35, 0x27, 0x23, 0x22, 0x06, 0x14, 0x16, 0x3b, 0x01, 0x32, 0x36, 0x34, 0x26,
    0x37, 0x23, 0x15, 0x33, 0x32, 0x36, 0x3d, 0x01, 0x34, 0x26, 0x07, 0x23, 0x15, 0x33, 0x32, 0x36,
    0x3d, 0x01, 0x34, 0x26, 0x07, 0x23, 0x15, 0x33, 0x32, 0x36, 0x3d, 0x01, 0x34, 0x26, 0x4b, 0x05,
    0x04, 0x0a, 0x07, 0x0c, 0x05, 0x08, 0x05, 0x16, 0x0f, 0x0a, 0x04, 0x05, 0x2f, 0x04, 0x06, 0x01,
    0x05, 0x08, 0x05, 0x05, 0x04, 0x04, 0x06, 0x06, 0x08, 0x05, 0x05, 0x2a, 0x0a, 0x07, 0x0c, 0x01,
    0x06, 0x08, 0x05, 0x16, 0x0f, 0x0a, 0x04, 0x05, 0x05, 0x7f, 0x09, 0x08, 0x0b, 0x05, 0x08, 0x06,
    0x16, 0x10, 0x09, 0x04, 0x05, 0x05, 0x5a, 0x38, 0x04, 0x06, 0x06, 0x04, 0x38, 0x04, 0x05, 0x05,
    0xa4, 0x16, 0x10, 0x5e, 0x0f, 0x16, 0x16, 0x0f, 0x5e, 0x10, 0x15, 0x12, 0x0b, 0x08, 0x5e, 0x07,
    0x0c, 0x01, 0x0b, 0x07, 0x5e, 0x08, 0x0b, 0x1c, 0x4b, 0x04, 0x06, 0x06, 0x04, 0x4b, 0x04, 0x05,
    0x05, 0x47, 0x0a, 0x0a, 0x04, 0x05, 0x05, 0x04, 0x0a, 0x0a, 0x04, 0x05, 0x05, 0x04, 0x0a, 0x0a,
    0x04, 0x05, 0x05, 0x01, 0x10, 0x04, 0x05, 0x0c, 0x07, 0x0a, 0x04, 0x05, 0x05, 0x04, 0x0a, 0x0f,
    0x16, 0x05, 0x7e, 0x05, 0x04, 0x26, 0x04, 0x05, 0x05, 0x04, 0x26, 0x04, 0x05, 0x4b, 0x05, 0x04,
    0x26, 0x04, 0x05, 0x05, 0x04, 0x26, 0x04, 0x05, 0x38, 0x0b, 0x08, 0x09, 0x04, 0x05, 0x05, 0x04,
    0x09, 0x10, 0x16, 0x05, 0x08, 0x06, 0xf4, 0x0c, 0x07, 0x0a, 0x04, 0x05, 0x05, 0x04, 0x0a, 0x0f,
    0x16, 0x05, 0x08, 0x05, 0x01, 0x06, 0x08, 0x05, 0x05, 0x08, 0x05, 0x5e, 0x83, 0x10, 0x16, 0x16,
    0x10, 0x83, 0x0f, 0x16, 0x16, 0x0f, 0x07, 0x0b, 0x01, 0x0c, 0x07, 0x83, 0x08, 0x0b, 0x0b, 0x08,
    0x70, 0x05, 0x08, 0x06, 0x06, 0x08, 0x05, 0x13, 0x26, 0x06, 0x04, 0x12, 0x04, 0x06, 0x38, 0x26,
    0x05, 0x04, 0x13, 0x04, 0x06, 0x39, 0x25, 0x05, 0x04, 0x13, 0x04, 0x05, 0x00, 0x07, 0x00, 0x00,
    0x00, 0x00, 0x01, 0x1a, 0x01, 0x1a, 0x00, 0x0f, 0x00, 0x13, 0x00, 0x23, 0x00, 0x34, 0x00, 0x3e,
    0x00, 0x48, 0x00, 0x52, 0x00, 0x00, 0x37, 0x22, 0x06, 0x1d, 0x01, 0x14, 0x16, 0x3b, 0x01, 0x32,
    0x36, 0x3d, 0x01, 0x34, 0x26, 0x23, 0x07, 0x35, 0x33, 0x15, 0x27, 0x34, 0x36, 0x3b, 0x01, 0x32,
    0x16, 0x1d, 0x01, 0x14, 0x06, 0x2b, 0x01, 0x22, 0x26, 0x35, 0x37, 0x22, 0x06, 0x1d, 0x01, 0x14,
    0x16, 0x3b, 0x01, 0x3e, 0x01, 0x3d, 0x01, 0x34, 0x26, 0x2b, 0x01, 0x17, 0x23, 0x15, 0x33, 0x16,
    0x36, 0x3d, 0x01, 0x34, 0x26, 0x07, 0x33, 0x32, 0x16, 0x1d, 0x01, 0x14, 0x06, 0x2b, 0x01, 0x17,
    0x23, 0x15, 0x33, 0x32, 0x36, 0x3d, 0x01, 0x34, 0x26, 0x59, 0x06, 0x08, 0x08, 0x06, 0x67, 0x06,
    0x08, 0x08, 0x06, 0x62, 0x5e, 0x96, 0x13, 0x0d, 0x8d, 0x0e, 0x13, 0x13, 0x0e, 0x8d, 0x0d, 0x13,
    0x20, 0x06, 0x08, 0x08, 0x06, 0x8d, 0x06, 0x08, 0x08, 0x06, 0x8d, 0xcc, 0x0b, 0x0b, 0x03, 0x04,
    0x04, 0x0e, 0x0b, 0x03, 0x04, 0x04, 0x03, 0x0b, 0x0b, 0x0b, 0x0b, 0x03, 0x04, 0x04, 0xf4, 0x08,
    0x06, 0x1c, 0x06, 0x08, 0x08, 0x06, 0x1c, 0x06, 0x08, 0x26, 0x13, 0x13, 0x2a, 0x0e, 0x13, 0x13,
    0x0e, 0xc4, 0x0e, 0x13, 0x13, 0x0e, 0xd3, 0x09, 0x06, 0xc4, 0x06, 0x09, 0x01, 0x08, 0x06, 0xc4,
    0x06, 0x08, 0x25, 0x25, 0x01, 0x05, 0x03, 0x17, 0x03, 0x04, 0x38, 0x04, 0x03, 0x18, 0x03, 0x04,
    0x12, 0x26, 0x04, 0x03, 0x17, 0x03, 0x05, 0x00, 0x00, 0x04, 0x00, 0x00, 0x00, 0x00, 0x01, 0x1a,
    0x00, 0xf9, 0x00, 0x27, 0x00, 0x42, 0x00, 0x4b, 0x00, 0x54, 0x00, 0x00, 0x25, 0x36, 0x37, 0x36,
    0x27, 0x23, 0x26, 0x07, 0x06, 0x07, 0x06, 0x07, 0x26, 0x22, 0x07, 0x26, 0x27, 0x26, 0x27, 0x26,
    0x07, 0x23, 0x06, 0x17, 0x16, 0x17, 0x06, 0x15, 0x14, 0x17, 0x16, 0x17, 0x16, 0x32, 0x37, 0x36,
    0x37, 0x36, 0x35, 0x34, 0x07, 0x22, 0x27, 0x26, 0x27, 0x26, 0x35, 0x34, 0x37, 0x36, 0x37, 0x32,
    0x17, 0x16, 0x32, 0x37, 0x36, 0x33, 0x16, 0x17, 0x16, 0x15, 0x14, 0x07, 0x06, 0x07, 0x06, 0x27,
    0x22, 0x06, 0x14, 0x16, 0x32, 0x36, 0x34, 0x26, 0x33, 0x22, 0x06, 0x14, 0x16, 0x32, 0x36, 0x34,
    0x26, 0x01, 0x04, 0x03, 0x01, 0x01, 0x07, 0x04, 0x04, 0x06, 0x08, 0x09, 0x0c, 0x0e, 0x12, 0x42,
    0x12, 0x0e, 0x0c, 0x09, 0x08, 0x06, 0x04, 0x04, 0x07, 0x01, 0x01, 0x03, 0x15, 0x11, 0x0f, 0x1f,
    0x1a, 0x53, 0x1b, 0x1f, 0x0f, 0x11, 0x83, 0x21, 0x10, 0x18, 0x0c, 0x0d, 0x11, 0x08, 0x0f, 0x0a,
    0x16, 0x11, 0x12, 0x12, 0x15, 0x0a, 0x0f, 0x08, 0x11, 0x0d, 0x0c, 0x18, 0x10, 0x4a, 0x08, 0x0c,
    0x0c, 0x10, 0x0c, 0x0c, 0x4a, 0x08, 0x0c, 0x0c, 0x10, 0x0c, 0x0c, 0xc2, 0x08, 0x0a, 0x12, 0x12,
    0x01, 0x02, 0x01, 0x05, 0x05, 0x09, 0x05, 0x05, 0x09, 0x05, 0x05, 0x01, 0x02, 0x01, 0x12, 0x12,
    0x0a, 0x08, 0x17, 0x20, 0x29, 0x18, 0x15, 0x0a, 0x08, 0x08, 0x0a, 0x15, 0x18, 0x29, 0x20, 0x78,
    0x03, 0x04, 0x0b, 0x0c, 0x19, 0x13, 0x0f, 0x08, 0x02, 0x01, 0x01, 0x01, 0x01, 0x02, 0x08, 0x0f,
    0x13, 0x19, 0x0c, 0x0b, 0x04, 0x03, 0x52, 0x11, 0x18, 0x11, 0x11, 0x18, 0x11, 0x11, 0x18, 0x11,
    0x11, 0x18, 0x11, 0x00, 0x00, 0x02, 0x00, 0x00, 0x00, 0x00, 0x01, 0x1a, 0x01, 0x1a, 0x00, 0x23,
    0x00, 0x3d, 0x00, 0x00, 0x25, 0x15, 0x14, 0x06, 0x22, 0x26, 0x3d, 0x01, 0x34, 0x26, 0x2b, 0x01,
    0x22, 0x06, 0x1d, 0x01, 0x14, 0x16, 0x3b, 0x01, 0x32, 0x16, 0x14, 0x06, 0x2b, 0x01, 0x22, 0x26,
    0x3d, 0x01, 0x34, 0x36, 0x3b, 0x01, 0x32, 0x16, 0x15, 0x34, 0x26, 0x2b, 0x01, 0x22, 0x06, 0x1d,
    0x01, 0x14, 0x16, 0x32, 0x36, 0x3d, 0x01, 0x17, 0x16, 0x32, 0x36, 0x34, 0x2f, 0x01, 0x33, 0x32,
    0x36, 0x35, 0x01, 0x19, 0x05, 0x08, 0x05, 0x11, 0x0c, 0xa8, 0x0c, 0x10, 0x10, 0x0c, 0x38, 0x04,
    0x05, 0x05, 0x04, 0x38, 0x14, 0x1b, 0x1b, 0x14, 0xa8, 0x14, 0x1b, 0x05, 0x04, 0x5e, 0x04, 0x05,
    0x05, 0x08, 0x05, 0x4e, 0x03, 0x08, 0x05, 0x02, 0x4e, 0x47, 0x04, 0x05, 0xea, 0x38, 0x04, 0x05,
    0x05, 0x04, 0x38, 0x0c, 0x11, 0x11, 0x0c, 0xa8, 0x0c, 0x10, 0x06, 0x08, 0x05, 0x1b, 0x14, 0xa8,
    0x14, 0x1b, 0x1b, 0x84, 0x04, 0x05, 0x05, 0x04, 0x5e, 0x04, 0x05, 0x05, 0x04, 0x47, 0x4d, 0x03,
    0x05, 0x08, 0x03, 0x4e, 0x05, 0x04, 0x00, 0x00, 0x00, 0x03, 0x00, 0x00, 0x00, 0x00, 0x01, 0x1a,
    0x01, 0x1a, 0x00, 0x17, 0x00, 0x31, 0x00, 0x57, 0x00, 0x00, 0x37, 0x32, 0x16, 0x1d, 0x01, 0x14,
    0x06, 0x22, 0x26, 0x3d, 0x01, 0x07, 0x06, 0x22, 0x26, 0x34, 0x3f, 0x01, 0x23, 0x22, 0x26, 0x34,
    0x36, 0x33, 0x37, 0x32, 0x16, 0x1d, 0x01, 0x14, 0x06, 0x2b, 0x01, 0x15, 0x14, 0x06, 0x2b, 0x01,
    0x22, 0x26, 0x3d, 0x01, 0x34, 0x36, 0x3b, 0x01, 0x35, 0x34, 0x36, 0x33, 0x15, 0x22, 0x06, 0x1d,
    0x01, 0x14, 0x06, 0x2e, 0x01, 0x3d, 0x01, 0x23, 0x22, 0x06, 0x1d, 0x01, 0x14, 0x16, 0x3b, 0x01,
    0x32, 0x36, 0x3d, 0x01, 0x23, 0x22, 0x26, 0x3e, 0x01, 0x3b, 0x01, 0x32, 0x36, 0x3d, 0x01, 0x34,
    0x26, 0x23, 0xd8, 0x03, 0x06, 0x05, 0x08, 0x06, 0x86, 0x02, 0x08, 0x06, 0x03, 0x86, 0x34, 0x04,
    0x06, 0x06, 0x04, 0x5d, 0x14, 0x1b, 0x1b, 0x14, 0x09, 0x1b, 0x14, 0x83, 0x14, 0x1b, 0x1b, 0x14,
    0x09, 0x1c, 0x13, 0x0c, 0x10, 0x05, 0x08, 0x06, 0x09, 0x0c, 0x10, 0x10, 0x0c, 0x83, 0x0c, 0x10,
    0x54, 0x04, 0x06, 0x01, 0x05, 0x04, 0x70, 0x0c, 0x11, 0x11, 0x0c, 0xe1, 0x05, 0x04, 0x4b, 0x04,
    0x06, 0x06, 0x04, 0x34, 0x86, 0x03, 0x06, 0x08, 0x02, 0x86, 0x06, 0x08, 0x05, 0x38, 0x1b, 0x14,
    0x83, 0x13, 0x1c, 0x09, 0x14, 0x1b, 0x1b, 0x14, 0x83, 0x14, 0x1b, 0x09, 0x14, 0x1b, 0x12, 0x11,
    0x0c, 0x70, 0x04, 0x06, 0x01, 0x05, 0x04, 0x54, 0x10, 0x0c, 0x83, 0x0c, 0x10, 0x10, 0x0c, 0x09,
    0x06, 0x08, 0x05, 0x10, 0x0c, 0x83, 0x0c, 0x11, 0x00, 0x04, 0x00, 0x00, 0x00, 0x00, 0x01, 0x2d,
    0x01, 0x1a, 0x00, 0x17, 0x00, 0x21, 0x00, 0x36, 0x00, 0x43, 0x00, 0x00, 0x13, 0x23, 0x22, 0x06,
    0x07, 0x15, 0x36, 0x37, 0x35, 0x34, 0x36, 0x3b, 0x01, 0x15, 0x17, 0x16, 0x17, 0x33, 0x32, 0x36,
    0x3d, 0x01, 0x34, 0x26, 0x17, 0x14, 0x06, 0x2b, 0x01, 0x35, 0x33, 0x32, 0x16, 0x15, 0x07, 0x36,
    0x35, 0x34, 0x2e, 0x01, 0x22, 0x0e, 0x01, 0x14, 0x1e, 0x01, 0x33, 0x32, 0x37, 0x17, 0x16, 0x32,
    0x36, 0x34, 0x2f, 0x01, 0x06, 0x07, 0x06, 0x23, 0x22, 0x26, 0x34, 0x36, 0x32, 0x16, 0x15, 0x14,
    0xfd, 0xa9, 0x13, 0x1b, 0x01, 0x09, 0x0a, 0x11, 0x0b, 0x4b, 0x14, 0x04, 0x03, 0x43, 0x14, 0x1b,
    0x1b, 0x08, 0x10, 0x0c, 0x4b, 0x4b, 0x0c, 0x10, 0xa3, 0x0d, 0x11, 0x1f, 0x23, 0x1e, 0x12, 0x12,
    0x1e, 0x12, 0x16, 0x11, 0x30, 0x02, 0x08, 0x06, 0x03, 0x3f, 0x04, 0x05, 0x0d, 0x0f, 0x14, 0x1b,
    0x1b, 0x27, 0x1c, 0x01, 0x19, 0x1b, 0x14, 0x34, 0x03, 0x02, 0x2f, 0x0c, 0x11, 0xd6, 0x14, 0x04,
    0x06, 0x1b, 0x14, 0xa8, 0x14, 0x1b, 0xd7, 0x0c, 0x10, 0xe1, 0x11, 0x0c, 0xaa, 0x11, 0x16, 0x12,
    0x1e, 0x12, 0x12, 0x1e, 0x24, 0x1e, 0x11, 0x0d, 0x30, 0x03, 0x05, 0x08, 0x03, 0x3b, 0x05, 0x04,
    0x0a, 0x1c, 0x27, 0x1b, 0x1b, 0x14, 0x10, 0x00, 0x00, 0x08, 0xff, 0xff, 0x00, 0x00, 0x01, 0x2c,
    0x01, 0x2d, 0x00, 0x0d, 0x00, 0x1b, 0x00, 0x28, 0x00, 0x2e, 0x00, 0x3b, 0x00, 0x49, 0x00, 0x57,
    0x00, 0x7f, 0x00, 0x00, 0x37, 0x35, 0x34, 0x3f, 0x01, 0x36, 0x33, 0x32, 0x16, 0x15, 0x07, 0x27,
    0x26, 0x07, 0x17, 0x35, 0x34, 0x2f, 0x01, 0x37, 0x36, 0x1f, 0x01, 0x1e, 0x01, 0x15, 0x14, 0x06,
    0x2f, 0x01, 0x26, 0x3d, 0x01, 0x34, 0x36, 0x33, 0x32, 0x17, 0x07, 0x06, 0x15, 0x17, 0x27, 0x35,
    0x37, 0x17, 0x15, 0x07, 0x22, 0x27, 0x37, 0x36, 0x3d, 0x01, 0x17, 0x16, 0x1d, 0x01, 0x14, 0x06,
    0x2f, 0x01, 0x2e, 0x01, 0x35, 0x34, 0x36, 0x37, 0x15, 0x14, 0x1f, 0x01, 0x07, 0x06, 0x07, 0x22,
    0x26, 0x35, 0x37, 0x17, 0x16, 0x3f, 0x01, 0x15, 0x14, 0x0f, 0x01, 0x06, 0x17, 0x32, 0x36, 0x37,
    0x3e, 0x01, 0x35, 0x34, 0x26, 0x27, 0x36, 0x35, 0x34, 0x2e, 0x01, 0x23, 0x22, 0x07, 0x2e, 0x01,
    0x23, 0x22, 0x06, 0x07, 0x0e, 0x01, 0x15, 0x14, 0x16, 0x17, 0x06, 0x15, 0x14, 0x1e, 0x01, 0x33,
    0x32, 0x37, 0x1e, 0x01, 0x73, 0x03, 0x39, 0x0b, 0x0f, 0x1a, 0x21, 0x01, 0x3b, 0x05, 0x05, 0x3a,
    0x06, 0x4a, 0x18, 0x03, 0x03, 0x39, 0x0c, 0x0f, 0x13, 0xa5, 0x19, 0x03, 0x21, 0x19, 0x12, 0x0f,
    0x3a, 0x05, 0x34, 0x23, 0x23, 0x23, 0x0d, 0x12, 0x0f, 0x3a, 0x05, 0x19, 0x03, 0x21, 0x5f, 0x39,
    0x0c, 0x0f, 0x13, 0x10, 0x05, 0x4a, 0x18, 0x03, 0x06, 0x19, 0x22, 0x01, 0x3b, 0x05, 0x05, 0x4b,
    0x03, 0x39, 0x0b, 0x3a, 0x1b, 0x29, 0x05, 0x19, 0x1e, 0x0d, 0x0c, 0x02, 0x14, 0x22, 0x14, 0x0c,
    0x0b, 0x0b, 0x1b, 0x0e, 0x1b, 0x29, 0x05, 0x19, 0x1e, 0x0d, 0x0c, 0x02, 0x14, 0x22, 0x14, 0x0c,
    0x0b, 0x0b, 0x1b, 0xbf, 0x1c, 0x04, 0x02, 0x21, 0x06, 0x22, 0x17, 0x07, 0x23, 0x03, 0x03, 0x9b,
    0x44, 0x06, 0x03, 0x2c, 0x0e, 0x02, 0x02, 0x21, 0x07, 0x1c, 0x0f, 0x11, 0x1d, 0x36, 0x0e, 0x02,
    0x04, 0x42, 0x18, 0x20, 0x0c, 0x22, 0x03, 0x06, 0x76, 0x14, 0x2a, 0x14, 0x14, 0x2a, 0x6f, 0x0c,
    0x22, 0x03, 0x06, 0x57, 0x0e, 0x02, 0x04, 0x42, 0x18, 0x20, 0x43, 0x21, 0x07, 0x1c, 0x0f, 0x11,
    0x1d, 0x06, 0x44, 0x06, 0x04, 0x2b, 0x0e, 0x02, 0x2f, 0x21, 0x18, 0x07, 0x22, 0x03, 0x03, 0x2b,
    0x1c, 0x04, 0x02, 0x21, 0x06, 0x24, 0x22, 0x1a, 0x06, 0x2a, 0x18, 0x10, 0x1d, 0x0b, 0x0a, 0x09,
    0x15, 0x23, 0x13, 0x04, 0x0b, 0x0b, 0x22, 0x1a, 0x06, 0x2a, 0x18, 0x10, 0x1d, 0x0b, 0x0a, 0x09,
    0x15, 0x23, 0x13, 0x04, 0x0b, 0x0b, 0x00, 0x00, 0x00, 0x0a, 0x00, 0x00, 0x00, 0x00, 0x01, 0x1a,
    0x01, 0x07, 0x00, 0x08, 0x00, 0x11, 0x00, 0x1a, 0x00, 0x23, 0x00, 0x2c, 0x00, 0x35, 0x00, 0x4a,
    0x00, 0x5f, 0x00, 0x6d, 0x00, 0x75, 0x00, 0x00, 0x37, 0x34, 0x36, 0x32, 0x16, 0x14, 0x06, 0x22,
    0x26, 0x37, 0x22, 0x06, 0x14, 0x16, 0x32, 0x36, 0x34, 0x26, 0x17, 0x34, 0x36, 0x32, 0x16, 0x14,
    0x06, 0x2e, 0x01, 0x37, 0x22, 0x06, 0x14, 0x16, 0x32, 0x36, 0x34, 0x26, 0x27, 0x22, 0x06, 0x14,
    0x16, 0x3e, 0x01, 0x34, 0x26, 0x07, 0x34, 0x36, 0x32, 0x16, 0x14, 0x06, 0x22, 0x26, 0x17, 0x06,
    0x15, 0x23, 0x15, 0x14, 0x16, 0x33, 0x32, 0x37, 0x16, 0x17, 0x06, 0x23, 0x22, 0x26, 0x3d, 0x01,
    0x34, 0x36, 0x33, 0x17, 0x16, 0x33, 0x32, 0x36, 0x3d, 0x01, 0x34, 0x26, 0x2b, 0x01, 0x16, 0x15,
    0x33, 0x15, 0x14, 0x06, 0x23, 0x22, 0x27, 0x06, 0x27, 0x22, 0x06, 0x1d, 0x01, 0x14, 0x1e, 0x01,
    0x36, 0x3d, 0x01, 0x34, 0x26, 0x23, 0x07, 0x33, 0x15, 0x0e, 0x01, 0x22, 0x26, 0x35, 0x71, 0x15,
    0x20, 0x15, 0x15, 0x20, 0x15, 0x25, 0x08, 0x0b, 0x0b, 0x10, 0x0b, 0x0b, 0x30, 0x11, 0x17, 0x11,
    0x11, 0x17, 0x11, 0x1c, 0x04, 0x05, 0x05, 0x08, 0x06, 0x06, 0xac, 0x0c, 0x10, 0x10, 0x17, 0x11,
    0x11, 0x15, 0x06, 0x08, 0x05, 0x05, 0x08, 0x06, 0x18, 0x05, 0x25, 0x10, 0x0c, 0x05, 0x06, 0x02,
    0x04, 0x08, 0x09, 0x14, 0x1b, 0x0b, 0x08, 0xb3, 0x08, 0x09, 0x14, 0x1b, 0x0b, 0x07, 0x2b, 0x05,
    0x26, 0x11, 0x0c, 0x05, 0x06, 0x02, 0x6c, 0x08, 0x0b, 0x21, 0x2e, 0x21, 0x0b, 0x08, 0x4a, 0x4b,
    0x01, 0x15, 0x20, 0x15, 0xe1, 0x10, 0x15, 0x15, 0x20, 0x15, 0x15, 0x23, 0x0b, 0x10, 0x0b, 0x0b,
    0x10, 0x0b, 0x1c, 0x0b, 0x11, 0x11, 0x17, 0x11, 0x01, 0x10, 0x15, 0x05, 0x08, 0x06, 0x06, 0x08,
    0x05, 0x13, 0x11, 0x17, 0x11, 0x01, 0x10, 0x17, 0x11, 0x1c, 0x04, 0x05, 0x05, 0x08, 0x06, 0x06,
    0x2b, 0x09, 0x0a, 0x2f, 0x0c, 0x10, 0x02, 0x09, 0x08, 0x04, 0x1c, 0x13, 0x2f, 0x08, 0x0b, 0x6d,
    0x04, 0x1c, 0x13, 0x2f, 0x08, 0x0b, 0x09, 0x0a, 0x2f, 0x0c, 0x10, 0x02, 0x09, 0x65, 0x0b, 0x08,
    0x38, 0x18, 0x20, 0x01, 0x21, 0x18, 0x38, 0x08, 0x0b, 0x13, 0x38, 0x10, 0x16, 0x16, 0x10, 0x00,
    0x00, 0x06, 0x00, 0x00, 0x00, 0x00, 0x00, 0xfd, 0x01, 0x26, 0x00, 0x0b, 0x00, 0x18, 0x00, 0x24,
    0x00, 0x4f, 0x00, 0x61, 0x00, 0x67, 0x00, 0x00, 0x37, 0x22, 0x06, 0x14, 0x16, 0x3b, 0x01, 0x32,
    0x36, 0x34, 0x26, 0x23, 0x07, 0x34, 0x36, 0x3b, 0x01, 0x32, 0x16, 0x14, 0x06, 0x2b, 0x01, 0x22,
    0x26, 0x17, 0x22, 0x06, 0x14, 0x16, 0x3b, 0x01, 0x32, 0x36, 0x34, 0x26, 0x23, 0x27, 0x22, 0x06,
    0x1d, 0x01, 0x23, 0x22, 0x06, 0x1d, 0x01, 0x14, 0x16, 0x3b, 0x01, 0x32, 0x3f, 0x01, 0x36, 0x3d,
    0x01, 0x34, 0x26, 0x2b, 0x01, 0x35, 0x34, 0x26, 0x22, 0x06, 0x1d, 0x01, 0x23, 0x35, 0x34, 0x26,
    0x22, 0x06, 0x1d, 0x01, 0x23, 0x35, 0x34, 0x26, 0x17, 0x32, 0x16, 0x1d, 0x01, 0x23, 0x22, 0x06,
    0x1d, 0x01, 0x23, 0x22, 0x26, 0x3d, 0x01, 0x34, 0x36, 0x33, 0x17, 0x07, 0x35, 0x34, 0x36, 0x33,
    0x63, 0x04, 0x05, 0x05, 0x04, 0x5a, 0x04, 0x05, 0x05, 0x04, 0x63, 0x05, 0x04, 0x5a, 0x04, 0x05,
    0x05, 0x04, 0x5a, 0x04, 0x05, 0x09, 0x04, 0x05, 0x05, 0x04, 0x24, 0x04, 0x05, 0x05, 0x04, 0x36,
    0x04, 0x05, 0x09, 0x0b, 0x10, 0x10, 0x0b, 0x6c, 0x04, 0x02, 0x48, 0x03, 0x10, 0x0b, 0x09, 0x05,
    0x08, 0x05, 0x2d, 0x05, 0x08, 0x05, 0x2d, 0x05, 0x8c, 0x04, 0x05, 0x2d, 0x0b, 0x10, 0x63, 0x04,
    0x05, 0x05, 0x04, 0x9e, 0x29, 0x05, 0x04, 0xcb, 0x05, 0x08, 0x05, 0x05, 0x08, 0x05, 0x3f, 0x04,
    0x05, 0x05, 0x08, 0x05, 0x05, 0x29, 0x05, 0x08, 0x05, 0x05, 0x08, 0x05, 0xc6, 0x05, 0x04, 0x09,
    0x10, 0x0b, 0xd8, 0x0b, 0x10, 0x03, 0x48, 0x02, 0x04, 0xa2, 0x0b, 0x10, 0x09, 0x04, 0x05, 0x05,
    0x04, 0x09, 0x09, 0x04, 0x05, 0x05, 0x04, 0x09, 0x09, 0x04, 0x05, 0x24, 0x05, 0x04, 0x99, 0x10,
    0x0b, 0x2d, 0x05, 0x04, 0xd8, 0x04, 0x05, 0xb4, 0x29, 0x20, 0x04, 0x05, 0x00, 0x06, 0x00, 0x00,
    0x00, 0x00, 0x01, 0x1a, 0x01, 0x1a, 0x00, 0x0f, 0x00, 0x1d, 0x00, 0x33, 0x00, 0x3b, 0x00, 0x41,
    0x00, 0x47, 0x00, 0x00, 0x37, 0x22, 0x2f, 0x01, 0x2e, 0x01, 0x3e, 0x01, 0x1f, 0x01, 0x1e, 0x01,
    0x07, 0x06, 0x23, 0x31, 0x07, 0x32, 0x33, 0x32, 0x37, 0x36, 0x26, 0x2f, 0x01, 0x26, 0x0e, 0x01,
    0x16, 0x17, 0x37, 0x27, 0x26, 0x0f, 0x01, 0x0e, 0x01, 0x1d, 0x01, 0x14, 0x16, 0x1f, 0x01, 0x16,
    0x3f, 0x01, 0x3e, 0x01, 0x3d, 0x01, 0x34, 0x26, 0x07, 0x26, 0x23, 0x27, 0x26, 0x27, 0x35, 0x17,
    0x27, 0x37, 0x36, 0x1f, 0x01, 0x07, 0x17, 0x14, 0x0f, 0x01, 0x35, 0x37, 0x71, 0x02, 0x02, 0x2f,
    0x04, 0x03, 0x04, 0x07, 0x03, 0x2f, 0x04, 0x03, 0x02, 0x02, 0x07, 0x16, 0x02, 0x02, 0x06, 0x02,
    0x02, 0x03, 0x04, 0x1c, 0x03, 0x07, 0x04, 0x03, 0x04, 0xc9, 0x5d, 0x14, 0x14, 0x5d, 0x08, 0x0a,
    0x0a, 0x08, 0x5d, 0x14, 0x14, 0x5d, 0x08, 0x0a, 0x0a, 0x82, 0x02, 0x02, 0x5d, 0x06, 0x01, 0x68,
    0x5d, 0x59, 0x0d, 0x0d, 0x59, 0x66, 0x71, 0x07, 0x61, 0x68, 0x8a, 0x01, 0x14, 0x01, 0x08, 0x07,
    0x03, 0x02, 0x14, 0x02, 0x07, 0x03, 0x06, 0x1d, 0x05, 0x04, 0x07, 0x02, 0x0c, 0x01, 0x03, 0x07,
    0x07, 0x02, 0x75, 0x24, 0x08, 0x08, 0x24, 0x03, 0x0e, 0x09, 0x7c, 0x09, 0x0e, 0x03, 0x24, 0x08,
    0x08, 0x24, 0x03, 0x0e, 0x09, 0x7c, 0x09, 0x0e, 0xc1, 0x01, 0x24, 0x02, 0x07, 0x77, 0x2c, 0x3c,
    0x22, 0x05, 0x05, 0x22, 0x2c, 0x5b, 0x07, 0x02, 0x25, 0x79, 0x2c, 0x00, 0x00, 0x05, 0x00, 0x00,
    0x00, 0x00, 0x01, 0x13, 0x01, 0x1a, 0x00, 0x18, 0x00, 0x26, 0x00, 0x2e, 0x00, 0x3a, 0x00, 0x43,
    0x00, 0x00, 0x13, 0x32, 0x16, 0x1d, 0x01, 0x16, 0x1f, 0x01, 0x16, 0x14, 0x0f, 0x01, 0x06, 0x22,
    0x2f, 0x01, 0x26, 0x34, 0x3f, 0x01, 0x36, 0x37, 0x35, 0x34, 0x36, 0x07, 0x35, 0x07, 0x33, 0x37,
    0x36, 0x34, 0x2f, 0x01, 0x15, 0x14, 0x06, 0x22, 0x26, 0x07, 0x14, 0x1f, 0x01, 0x16, 0x32, 0x3f,
    0x01, 0x17, 0x26, 0x22, 0x0f, 0x01, 0x06, 0x1e, 0x01, 0x32, 0x3e, 0x01, 0x27, 0x07, 0x37, 0x17,
    0x16, 0x0e, 0x01, 0x2e, 0x02, 0x8d, 0x04, 0x05, 0x05, 0x03, 0x46, 0x08, 0x08, 0x5f, 0x09, 0x17,
    0x09, 0x43, 0x08, 0x08, 0x5d, 0x06, 0x07, 0x06, 0x06, 0x55, 0xa6, 0x02, 0x03, 0x03, 0x40, 0x05,
    0x08, 0x06, 0x5e, 0x01, 0x44, 0x03, 0x08, 0x02, 0x4a, 0x31, 0x03, 0x09, 0x04, 0x15, 0x0b, 0x02,
    0x16, 0x21, 0x16, 0x02, 0x0b, 0x2d, 0x0f, 0x10, 0x05, 0x01, 0x0b, 0x11, 0x0c, 0x01, 0x01, 0x19,
    0x05, 0x04, 0x12, 0x02, 0x03, 0x46, 0x08, 0x17, 0x09, 0x5f, 0x08, 0x09, 0x47, 0x09, 0x16, 0x09,
    0x5d, 0x05, 0x02, 0x10, 0x04, 0x05, 0x41, 0x13, 0x55, 0x03, 0x02, 0x08, 0x03, 0x40, 0x0e, 0x04,
    0x06, 0x06, 0x51, 0x01, 0x01, 0x47, 0x03, 0x03, 0x49, 0x17, 0x04, 0x04, 0x18, 0x0d, 0x1e, 0x16,
    0x16, 0x1e, 0x0d, 0x0d, 0x12, 0x12, 0x06, 0x10, 0x0c, 0x01, 0x0b, 0x10, 0x00, 0x02, 0x00, 0x00,
    0x00, 0x00, 0x01, 0x1a, 0x01, 0x1a, 0x00, 0x0c, 0x00, 0x1e, 0x00, 0x00, 0x13, 0x22, 0x0e, 0x01,
    0x14, 0x1e, 0x01, 0x32, 0x3e, 0x01, 0x34, 0x2e, 0x01, 0x17, 0x07, 0x06, 0x22, 0x2f, 0x01, 0x26,
    0x34, 0x36, 0x32, 0x1f, 0x01, 0x37, 0x36, 0x32, 0x16, 0x14, 0x07, 0x96, 0x24, 0x3c, 0x23, 0x23,
    0x3c, 0x48, 0x3c, 0x23, 0x23, 0x3c, 0x1b, 0x4b, 0x03, 0x08, 0x02, 0x26, 0x03, 0x06, 0x08, 0x02,
    0x1f, 0x45, 0x02, 0x08, 0x06, 0x03, 0x01, 0x19, 0x23, 0x3c, 0x48, 0x3c, 0x23, 0x23, 0x3c, 0x48,
    0x3c, 0x23, 0x64, 0x4b, 0x03, 0x03, 0x25, 0x03, 0x08, 0x05, 0x02, 0x1f, 0x44, 0x03, 0x06, 0x07,
    0x03, 0x00, 0x00, 0x00, 0x00, 0x03, 0x00, 0x00, 0x00, 0x00, 0x01, 0x1a, 0x01, 0x1a, 0x00, 0x10,
    0x00, 0x1d, 0x00, 0x2a, 0x00, 0x00, 0x37, 0x36, 0x32, 0x16, 0x14, 0x0f, 0x01, 0x06, 0x22, 0x2f,
    0x01, 0x26, 0x34, 0x36, 0x32, 0x1f, 0x01, 0x37, 0x32, 0x1e, 0x01, 0x14, 0x0e, 0x01, 0x22, 0x2e,
    0x01, 0x34, 0x3e, 0x01, 0x17, 0x22, 0x0e, 0x01, 0x14, 0x1e, 0x01, 0x32, 0x3e, 0x01, 0x34, 0x2e,
    0x01, 0xc8, 0x02, 0x08, 0x06, 0x03, 0x4b, 0x03, 0x08, 0x02, 0x26, 0x03, 0x06, 0x08, 0x02, 0x1f,
    0x13, 0x24, 0x3c, 0x23, 0x23, 0x3c, 0x48, 0x3c, 0x23, 0x23, 0x3c, 0x24, 0x1f, 0x33, 0x1e, 0x1e,
    0x33, 0x3e, 0x33, 0x1f, 0x1f, 0x33, 0xc2, 0x03, 0x06, 0x07, 0x03, 0x4b, 0x03, 0x03, 0x25, 0x03,
    0x08, 0x05, 0x02, 0x1f, 0x9b, 0x23, 0x3c, 0x48, 0x3c, 0x23, 0x23, 0x3c, 0x48, 0x3c, 0x23, 0x12,
    0x1f, 0x33, 0x3e, 0x33, 0x1e, 0x1e, 0x33, 0x3e, 0x33, 0x1f, 0x00, 0x00, 0x00, 0x05, 0x00, 0x00,
    0x00, 0x00, 0x01, 0x07, 0x01, 0x07, 0x00, 0x08, 0x00, 0x11, 0x00, 0x1a, 0x00, 0x23, 0x00, 0x30,
    0x00, 0x00, 0x37, 0x22, 0x26, 0x34, 0x36, 0x32, 0x16, 0x14, 0x06, 0x27, 0x22, 0x06, 0x14, 0x16,
    0x3e, 0x01, 0x34, 0x26, 0x17, 0x22, 0x26, 0x34, 0x36, 0x32, 0x16, 0x14, 0x06, 0x27, 0x22, 0x06,
    0x14, 0x16, 0x32, 0x36, 0x34, 0x26, 0x07, 0x37, 0x36, 0x34, 0x26, 0x22, 0x0f, 0x01, 0x06, 0x14,
    0x16, 0x32, 0x37, 0x54, 0x13, 0x1b, 0x1b, 0x27, 0x1b, 0x1b, 0x14, 0x0b, 0x11, 0x11, 0x17, 0x11,
    0x11, 0x78, 0x14, 0x1b, 0x1b, 0x27, 0x1c, 0x1c, 0x13, 0x0c, 0x10, 0x10, 0x17, 0x11, 0x11, 0x9b,
    0xa9, 0x03, 0x06, 0x08, 0x02, 0xa9, 0x03, 0x06, 0x07, 0x03, 0xa9, 0x1b, 0x27, 0x1c, 0x1c, 0x27,
    0x1b, 0x4b, 0x11, 0x17, 0x11, 0x01, 0x10, 0x17, 0x11, 0xce, 0x1b, 0x27, 0x1b, 0x1b, 0x27, 0x1b,
    0x4b, 0x11, 0x17, 0x11, 0x11, 0x17, 0x11, 0x36, 0xa9, 0x02, 0x08, 0x06, 0x03, 0xa9, 0x02, 0x08,
    0x06, 0x03, 0x00, 0x00, 0x00, 0x04, 0x00, 0x00, 0x00, 0x00, 0x01, 0x2c, 0x01, 0x1a, 0x00, 0x0c,
    0x00, 0x29, 0x00, 0x54, 0x00, 0x5d, 0x00, 0x00, 0x37, 0x32, 0x1e, 0x01, 0x14, 0x0e, 0x01, 0x22,
    0x2e, 0x01, 0x34, 0x3e, 0x01, 0x17, 0x22, 0x06, 0x1d, 0x01, 0x23, 0x22, 0x06, 0x14, 0x16, 0x3b,
    0x01, 0x15, 0x14, 0x16, 0x32, 0x36, 0x3d, 0x01, 0x33, 0x32, 0x36, 0x34, 0x26, 0x2b, 0x01, 0x35,
    0x34, 0x26, 0x27, 0x32, 0x16, 0x15, 0x14, 0x07, 0x1e, 0x01, 0x17, 0x06, 0x07, 0x2e, 0x01, 0x2b,
    0x01, 0x22, 0x06, 0x1d, 0x01, 0x33, 0x15, 0x06, 0x16, 0x3b, 0x01, 0x16, 0x17, 0x23, 0x22, 0x26,
    0x3d, 0x01, 0x22, 0x26, 0x3d, 0x01, 0x34, 0x36, 0x37, 0x26, 0x35, 0x34, 0x36, 0x17, 0x22, 0x06,
    0x14, 0x16, 0x32, 0x36, 0x34, 0x26, 0xd8, 0x17, 0x26, 0x17, 0x17, 0x26, 0x2e, 0x27, 0x17, 0x17,
    0x27, 0x17, 0x04, 0x06, 0x25, 0x04, 0x06, 0x06, 0x04, 0x25, 0x06, 0x08, 0x05, 0x26, 0x03, 0x06,
    0x06, 0x04, 0x25, 0x05, 0x4f, 0x11, 0x19, 0x08, 0x0b, 0x11, 0x02, 0x09, 0x09, 0x02, 0x0a, 0x06,
    0x38, 0x08, 0x0b, 0x13, 0x01, 0x06, 0x04, 0x02, 0x05, 0x07, 0x0e, 0x0c, 0x10, 0x08, 0x0b, 0x12,
    0x0d, 0x08, 0x19, 0x12, 0x0a, 0x0e, 0x0e, 0x13, 0x0e, 0x0e, 0xa9, 0x17, 0x27, 0x2e, 0x26, 0x17,
    0x17, 0x26, 0x2e, 0x27, 0x17, 0x1c, 0x06, 0x04, 0x25, 0x06, 0x08, 0x05, 0x25, 0x04, 0x06, 0x06,
    0x03, 0x26, 0x05, 0x08, 0x06, 0x25, 0x04, 0x06, 0x8c, 0x18, 0x12, 0x0d, 0x0b, 0x02, 0x0f, 0x0b,
    0x01, 0x03, 0x06, 0x08, 0x0b, 0x08, 0x38, 0x4b, 0x04, 0x05, 0x0b, 0x08, 0x10, 0x0c, 0x38, 0x0b,
    0x08, 0x38, 0x0e, 0x15, 0x02, 0x0b, 0x0d, 0x12, 0x18, 0x12, 0x0e, 0x14, 0x0d, 0x0d, 0x14, 0x0e,
    0x00, 0x03, 0x00, 0x00, 0x00, 0x00, 0x00, 0xcf, 0x01, 0x1a, 0x00, 0x1f, 0x00, 0x28, 0x00, 0x44,
    0x00, 0x00, 0x37, 0x36, 0x35, 0x34, 0x26, 0x22, 0x06, 0x15, 0x14, 0x17, 0x0e, 0x01, 0x1d, 0x01,
    0x14, 0x16, 0x33, 0x15, 0x14, 0x16, 0x3b, 0x01, 0x32, 0x36, 0x3d, 0x01, 0x32, 0x36, 0x3d, 0x01,
    0x34, 0x26, 0x27, 0x32, 0x16, 0x14, 0x06, 0x22, 0x26, 0x34, 0x36, 0x17, 0x23, 0x15, 0x14, 0x06,
    0x2b, 0x01, 0x35, 0x34, 0x26, 0x22, 0x06, 0x1d, 0x01, 0x23, 0x22, 0x26, 0x37, 0x35, 0x23, 0x35,
    0x34, 0x36, 0x3b, 0x01, 0x32, 0x16, 0x15, 0xaf, 0x08, 0x19, 0x23, 0x19, 0x08, 0x0d, 0x12, 0x0b,
    0x08, 0x10, 0x0c, 0x25, 0x0c, 0x11, 0x07, 0x0b, 0x12, 0x2f, 0x09, 0x0e, 0x0e, 0x13, 0x0e, 0x0e,
    0x39, 0x13, 0x06, 0x04, 0x09, 0x05, 0x08, 0x06, 0x09, 0x04, 0x06, 0x01, 0x13, 0x0b, 0x08, 0x38,
    0x08, 0x0b, 0xd7, 0x0b, 0x0d, 0x12, 0x18, 0x18, 0x12, 0x0d, 0x0b, 0x02, 0x15, 0x0e, 0x38, 0x08,
    0x0b, 0x38, 0x0c, 0x10, 0x10, 0x0c, 0x38, 0x0b, 0x08, 0x38, 0x0e, 0x15, 0x31, 0x0d, 0x14, 0x0d,
    0x0d, 0x14, 0x0d, 0x8c, 0x4b, 0x04, 0x06, 0x39, 0x04, 0x05, 0x05, 0x04, 0x39, 0x06, 0x04, 0x4b,
    0x38, 0x08, 0x0b, 0x0b, 0x08, 0x00, 0x00, 0x00, 0x00, 0x05, 0x00, 0x00, 0x00, 0x00, 0x01, 0x1a,
    0x01, 0x07, 0x00, 0x0f, 0x00, 0x1b, 0x00, 0x27, 0x00, 0x35, 0x00, 0x43, 0x00, 0x00, 0x13, 0x23,
    0x22, 0x06, 0x1d, 0x01, 0x14, 0x16, 0x3b, 0x01, 0x32, 0x36, 0x3d, 0x01, 0x34, 0x26, 0x07, 0x23,
    0x35, 0x32, 0x36, 0x3d, 0x01, 0x33, 0x15, 0x06, 0x16, 0x33, 0x27, 0x35, 0x33, 0x15, 0x06, 0x16,
    0x33, 0x15, 0x23, 0x35, 0x32, 0x36, 0x07, 0x35, 0x34, 0x36, 0x3b, 0x01, 0x15, 0x14, 0x16, 0x33,
    0x15, 0x23, 0x22, 0x26, 0x37, 0x14, 0x06, 0x2b, 0x01, 0x35, 0x32, 0x36, 0x3d, 0x01, 0x33, 0x32,
    0x16, 0x15, 0xfd, 0xe1, 0x0c, 0x10, 0x10, 0x0c, 0xe1, 0x0c, 0x10, 0x10, 0x3b, 0x38, 0x08, 0x0b,
    0x13, 0x01, 0x0b, 0x08, 0x70, 0x13, 0x01, 0x0b, 0x08, 0x38, 0x08, 0x0b, 0x4b, 0x05, 0x04, 0x0a,
    0x0a, 0x08, 0x1c, 0x04, 0x05, 0xf4, 0x06, 0x04, 0x1c, 0x08, 0x0b, 0x09, 0x04, 0x06, 0x01, 0x07,
    0x11, 0x0c, 0xa8, 0x0c, 0x10, 0x10, 0x0c, 0xa8, 0x0c, 0x11, 0xcf, 0x4b, 0x0b, 0x08, 0x5e, 0x5e,
    0x08, 0x0b, 0x13, 0x5e, 0x5e, 0x08, 0x0b, 0x4b, 0x4b, 0x0b, 0x4c, 0xa8, 0x04, 0x06, 0x5e, 0x08,
    0x0b, 0x4b, 0x06, 0x04, 0x04, 0x06, 0x4b, 0x0b, 0x08, 0x5e, 0x06, 0x04, 0x00, 0x04, 0x00, 0x00,
    0x00, 0x00, 0x01, 0x1a, 0x01, 0x1a, 0x00, 0x0e, 0x00, 0x14, 0x00, 0x26, 0x00, 0x35, 0x00, 0x00,
    0x13, 0x22, 0x06, 0x1d, 0x01, 0x14, 0x16, 0x3b, 0x01, 0x32, 0x36, 0x35, 0x34, 0x2e, 0x01, 0x07,
    0x35, 0x1e, 0x02, 0x17, 0x27, 0x34, 0x26, 0x07, 0x0e, 0x02, 0x14, 0x1e, 0x01, 0x32, 0x3e, 0x01,
    0x37, 0x36, 0x26, 0x2b, 0x02, 0x34, 0x36, 0x37, 0x15, 0x1e, 0x01, 0x17, 0x33, 0x0e, 0x01, 0x23,
    0x22, 0x2e, 0x01, 0x9f, 0x04, 0x05, 0x05, 0x04, 0x71, 0x04, 0x05, 0x21, 0x38, 0x17, 0x18, 0x29,
    0x1a, 0x02, 0x83, 0x06, 0x04, 0x1c, 0x2f, 0x1b, 0x1e, 0x34, 0x3b, 0x32, 0x1f, 0x02, 0x01, 0x06,
    0x04, 0x67, 0x5d, 0x2a, 0x20, 0x01, 0x05, 0x04, 0x65, 0x06, 0x34, 0x22, 0x19, 0x2b, 0x19, 0x01,
    0x19, 0x05, 0x04, 0x71, 0x04, 0x05, 0x05, 0x04, 0x21, 0x38, 0x21, 0x70, 0x5d, 0x02, 0x1a, 0x29,
    0x18, 0x41, 0x04, 0x06, 0x01, 0x02, 0x1f, 0x32, 0x3b, 0x34, 0x1e, 0x1b, 0x2f, 0x1c, 0x04, 0x06,
    0x22, 0x34, 0x06, 0x65, 0x04, 0x05, 0x01, 0x20, 0x2a, 0x19, 0x2b, 0x00, 0x00, 0x02, 0x00, 0x00,
    0x00, 0x00, 0x01, 0x1a, 0x00, 0xf4, 0x00, 0x1b, 0x00, 0x2c, 0x00, 0x00, 0x37, 0x22, 0x0f, 0x01,
    0x27, 0x26, 0x06, 0x1d, 0x01, 0x23, 0x07, 0x17, 0x33, 0x15, 0x14, 0x16, 0x3f, 0x01, 0x17, 0x16,
    0x33, 0x32, 0x36, 0x3d, 0x01, 0x34, 0x26, 0x23, 0x17, 0x0e, 0x01, 0x2f, 0x01, 0x22, 0x2b, 0x01,
    0x07, 0x35, 0x17, 0x16, 0x3f, 0x01, 0x36, 0x16, 0x15, 0xfd, 0x05, 0x06, 0x53, 0x35, 0x04, 0x08,
    0x46, 0x0f, 0x0f, 0x46, 0x07, 0x05, 0x35, 0x53, 0x06, 0x05, 0x0c, 0x10, 0x10, 0x0c, 0x0a, 0x01,
    0x08, 0x04, 0x57, 0x02, 0x02, 0x03, 0x2b, 0x2b, 0x04, 0x03, 0x56, 0x05, 0x09, 0xf4, 0x02, 0x23,
    0x12, 0x01, 0x06, 0x04, 0x2f, 0x0a, 0x09, 0x2f, 0x05, 0x05, 0x01, 0x12, 0x23, 0x02, 0x10, 0x0c,
    0x71, 0x0b, 0x11, 0x8d, 0x05, 0x05, 0x01, 0x25, 0x0f, 0x57, 0x0f, 0x01, 0x01, 0x24, 0x02, 0x06,
    0x04, 0x00, 0x00, 0x00, 0x00, 0x02, 0x00, 0x00, 0x00, 0x00, 0x01, 0x1a, 0x01, 0x09, 0x00, 0x08,
    0x00, 0x2e, 0x00, 0x00, 0x25, 0x14, 0x06, 0x22, 0x26, 0x34, 0x36, 0x32, 0x16, 0x27, 0x16, 0x06,
    0x0f, 0x01, 0x15, 0x33, 0x36, 0x34, 0x2f, 0x01, 0x26, 0x06, 0x0f, 0x02, 0x0e, 0x01, 0x1f, 0x01,
    0x0f, 0x01, 0x3f, 0x01, 0x17, 0x16, 0x33, 0x35, 0x23, 0x15, 0x27, 0x37, 0x36, 0x3f, 0x01, 0x3e,
    0x01, 0x17, 0x01, 0x19, 0x21, 0x2e, 0x21, 0x21, 0x2e, 0x21, 0x28, 0x03, 0x01, 0x04, 0x0e, 0x1e,
    0x07, 0x08, 0x41, 0x0a, 0x1c, 0x07, 0x26, 0x35, 0x05, 0x02, 0x04, 0x28, 0x32, 0x02, 0x10, 0x31,
    0x29, 0x02, 0x04, 0x04, 0x48, 0x2a, 0x03, 0x02, 0x28, 0x02, 0x09, 0x04, 0x4b, 0x17, 0x21, 0x21,
    0x2e, 0x21, 0x21, 0x4d, 0x03, 0x09, 0x02, 0x08, 0x03, 0x08, 0x17, 0x08, 0x41, 0x0a, 0x04, 0x0c,
    0x48, 0x11, 0x02, 0x0a, 0x04, 0x28, 0x31, 0x10, 0x02, 0x32, 0x28, 0x03, 0x1c, 0x01, 0x48, 0x0e,
    0x01, 0x03, 0x4b, 0x04, 0x01, 0x03, 0x00, 0x00, 0x00, 0x02, 0x00, 0x00, 0x00, 0x00, 0x01, 0x08,
    0x01, 0x09, 0x00, 0x16, 0x00, 0x26, 0x00, 0x00, 0x37, 0x26, 0x06, 0x0f, 0x02, 0x0e, 0x01, 0x1f,
    0x01, 0x0f, 0x01, 0x3f, 0x01, 0x17, 0x16, 0x36, 0x3f, 0x02, 0x3e, 0x01, 0x2f, 0x01, 0x3e, 0x01,
    0x1f, 0x01, 0x16, 0x06, 0x0f, 0x01, 0x06, 0x0f, 0x01, 0x27, 0x37, 0x36, 0x37, 0xbd, 0x0a, 0x1c,
    0x07, 0x26, 0x35, 0x05, 0x02, 0x04, 0x28, 0x32, 0x02, 0x10, 0x31, 0x28, 0x04, 0x0a, 0x02, 0x11,
    0x47, 0x0d, 0x04, 0x0a, 0x5e, 0x03, 0x09, 0x03, 0x42, 0x03, 0x01, 0x05, 0x4a, 0x03, 0x01, 0x0e,
    0x48, 0x29, 0x04, 0x02, 0xfe, 0x0a, 0x04, 0x0c, 0x48, 0x11, 0x02, 0x0a, 0x04, 0x28, 0x31, 0x10,
    0x02, 0x32, 0x28, 0x04, 0x02, 0x05, 0x35, 0x26, 0x07, 0x1c, 0x0a, 0x32, 0x04, 0x01, 0x03, 0x42,
    0x03, 0x09, 0x03, 0x27, 0x02, 0x04, 0x29, 0x48, 0x0e, 0x01, 0x03, 0x00, 0x00, 0x03, 0x00, 0x00,
    0x00, 0x00, 0x01, 0x1a, 0x01, 0x1a, 0x00, 0x0c, 0x00, 0x19, 0x00, 0x26, 0x00, 0x00, 0x13, 0x22,
    0x0e, 0x01, 0x14, 0x1e, 0x01, 0x32, 0x3e, 0x01, 0x34, 0x2e, 0x01, 0x07, 0x22, 0x2e, 0x01, 0x34,
    0x3e, 0x01, 0x32, 0x1e, 0x01, 0x14, 0x0e, 0x01, 0x37, 0x14, 0x0f, 0x01, 0x06, 0x26, 0x3d, 0x01,
    0x34, 0x36, 0x1f, 0x01, 0x16, 0x96, 0x24, 0x3c, 0x23, 0x23, 0x3c, 0x48, 0x3c, 0x23, 0x23, 0x3c,
    0x24, 0x1f, 0x33, 0x1e, 0x1e, 0x33, 0x3e, 0x33, 0x1f, 0x1f, 0x33, 0x14, 0x04, 0x42, 0x06, 0x0d,
    0x0d, 0x06, 0x42, 0x04, 0x01, 0x19, 0x23, 0x3c, 0x48, 0x3c, 0x23, 0x23, 0x3c, 0x48, 0x3c, 0x23,
    0xf3, 0x1e, 0x33, 0x3e, 0x33, 0x1f, 0x1f, 0x33, 0x3e, 0x33, 0x1e, 0x70, 0x05, 0x02, 0x26, 0x04,
    0x07, 0x07, 0x46, 0x07, 0x07, 0x04, 0x26, 0x02, 0x00, 0x02, 0x00, 0x00, 0x00, 0x00, 0x01, 0x09,
    0x01, 0x09, 0x00, 0x0b, 0x00, 0x1a, 0x00, 0x00, 0x37, 0x26, 0x06, 0x1d, 0x01, 0x14, 0x16, 0x3f,
    0x01, 0x36, 0x34, 0x2f, 0x01, 0x34, 0x3e, 0x01, 0x1f, 0x01, 0x1e, 0x01, 0x06, 0x0f, 0x01, 0x06,
    0x2e, 0x01, 0x35, 0x59, 0x05, 0x09, 0x09, 0x05, 0x96, 0x05, 0x05, 0xb7, 0x0d, 0x14, 0x09, 0x96,
    0x09, 0x07, 0x07, 0x09, 0x96, 0x09, 0x14, 0x0d, 0xf3, 0x02, 0x05, 0x06, 0xa8, 0x06, 0x05, 0x02,
    0x55, 0x03, 0x0a, 0x03, 0x4c, 0x0b, 0x0f, 0x04, 0x05, 0x54, 0x06, 0x13, 0x13, 0x06, 0x54, 0x05,
    0x04, 0x0f, 0x0b, 0x00, 0x00, 0x02, 0x00, 0x00, 0x00, 0x00, 0x00, 0xe2, 0x01, 0x1a, 0x00, 0x25,
    0x00, 0x33, 0x00, 0x00, 0x37, 0x23, 0x35, 0x34, 0x26, 0x22, 0x06, 0x1d, 0x01, 0x23, 0x35, 0x34,
    0x26, 0x22, 0x06, 0x1d, 0x01, 0x23, 0x22, 0x06, 0x1d, 0x01, 0x14, 0x16, 0x17, 0x15, 0x14, 0x16,
    0x32, 0x36, 0x3d, 0x01, 0x3e, 0x01, 0x3d, 0x01, 0x34, 0x26, 0x07, 0x14, 0x06, 0x22, 0x26, 0x3d,
    0x01, 0x34, 0x36, 0x3b, 0x01, 0x32, 0x16, 0x15, 0xc9, 0x0d, 0x06, 0x08, 0x05, 0x26, 0x05, 0x08,
    0x06, 0x0d, 0x0a, 0x0e, 0x26, 0x1c, 0x05, 0x08, 0x05, 0x1c, 0x26, 0x0e, 0x05, 0x21, 0x2e, 0x21,
    0x03, 0x02, 0x66, 0x02, 0x03, 0xe1, 0x2f, 0x04, 0x05, 0x05, 0x04, 0x2f, 0x2f, 0x04, 0x05, 0x05,
    0x04, 0x2f, 0x0e, 0x0a, 0x33, 0x1c, 0x2b, 0x03, 0x30, 0x04, 0x05, 0x05, 0x04, 0x30, 0x03, 0x2b,
    0x1c, 0x33, 0x0a, 0x0e, 0x4b, 0x17, 0x21, 0x21, 0x17, 0x33, 0x02, 0x03, 0x03, 0x02, 0x00, 0x00,
    0x00, 0x05, 0x00, 0x00, 0x00, 0x00, 0x01, 0x1a, 0x00, 0xf4, 0x00, 0x14, 0x00, 0x17, 0x00, 0x2a,
    0x00, 0x32, 0x00, 0x3a, 0x00, 0x00, 0x37, 0x3e, 0x01, 0x16, 0x1f, 0x01, 0x16, 0x06, 0x0f, 0x01,
    0x22, 0x26, 0x2f, 0x01, 0x23, 0x07, 0x0e, 0x01, 0x2e, 0x01, 0x3f, 0x01, 0x33, 0x27, 0x37, 0x32,
    0x16, 0x14, 0x07, 0x1e, 0x01, 0x15, 0x14, 0x06, 0x2b, 0x01, 0x22, 0x26, 0x3d, 0x01, 0x34, 0x36,
    0x33, 0x17, 0x15, 0x33, 0x32, 0x36, 0x34, 0x26, 0x23, 0x27, 0x15, 0x33, 0x32, 0x36, 0x34, 0x26,
    0x23, 0x4b, 0x02, 0x07, 0x08, 0x01, 0x39, 0x01, 0x04, 0x03, 0x03, 0x03, 0x05, 0x01, 0x11, 0x3d,
    0x11, 0x01, 0x07, 0x08, 0x03, 0x01, 0x29, 0x31, 0x19, 0x84, 0x13, 0x1b, 0x0d, 0x0e, 0x12, 0x21,
    0x17, 0x2f, 0x04, 0x05, 0x05, 0x04, 0x09, 0x26, 0x10, 0x15, 0x15, 0x10, 0x26, 0x1d, 0x0b, 0x11,
    0x11, 0x0b, 0xed, 0x04, 0x03, 0x03, 0x04, 0xa8, 0x04, 0x07, 0x01, 0x01, 0x04, 0x03, 0x31, 0x31,
    0x04, 0x04, 0x03, 0x07, 0x04, 0x3e, 0x4a, 0x27, 0x1c, 0x27, 0x0d, 0x07, 0x1c, 0x11, 0x17, 0x21,
    0x06, 0x04, 0xa8, 0x04, 0x06, 0x5e, 0x4b, 0x16, 0x1f, 0x16, 0x4b, 0x38, 0x10, 0x18, 0x10, 0x00,
    0x00, 0x08, 0x00, 0x00, 0x00, 0x00, 0x01, 0x1a, 0x01, 0x07, 0x00, 0x10, 0x00, 0x20, 0x00, 0x30,
    0x00, 0x34, 0x00, 0x44, 0x00, 0x48, 0x00, 0x54, 0x00, 0x61, 0x00, 0x00, 0x13, 0x22, 0x06, 0x1d,
    0x01, 0x14, 0x16, 0x3b, 0x01, 0x32, 0x36, 0x3d, 0x01, 0x34, 0x26, 0x07, 0x23, 0x07, 0x34, 0x36,
    0x3b, 0x01, 0x32, 0x16, 0x1d, 0x01, 0x14, 0x06, 0x2b, 0x01, 0x22, 0x26, 0x35, 0x37, 0x34, 0x36,
    0x3b, 0x01, 0x32, 0x16, 0x1d, 0x01, 0x14, 0x06, 0x2b, 0x01, 0x22, 0x26, 0x35, 0x37, 0x23, 0x15,
    0x33, 0x07, 0x34, 0x36, 0x3b, 0x01, 0x32, 0x16, 0x1d, 0x01, 0x14, 0x06, 0x2b, 0x01, 0x22, 0x26,
    0x35, 0x37, 0x23, 0x15, 0x33, 0x27, 0x22, 0x06, 0x14, 0x16, 0x3b, 0x01, 0x32, 0x36, 0x34, 0x26,
    0x23, 0x07, 0x34, 0x36, 0x3b, 0x01, 0x32, 0x16, 0x14, 0x06, 0x2b, 0x01, 0x22, 0x26, 0x42, 0x14,
    0x1b, 0x1b, 0x14, 0xa8, 0x14, 0x1b, 0x1b, 0x14, 0xa8, 0x1c, 0x10, 0x0c, 0xa8, 0x0c, 0x11, 0x11,
    0x0c, 0xa8, 0x0c, 0x10, 0x12, 0x0b, 0x08, 0x96, 0x08, 0x0b, 0x0b, 0x08, 0x96, 0x08, 0x0b, 0xa9,
    0x96, 0x96, 0x4b, 0x0b, 0x08, 0x38, 0x08, 0x0b, 0x0b, 0x08, 0x38, 0x08, 0x0b, 0x4b, 0x38, 0x38,
    0x9f, 0x04, 0x06, 0x06, 0x04, 0x38, 0x04, 0x05, 0x05, 0x04, 0x42, 0x06, 0x04, 0x38, 0x04, 0x05,
    0x05, 0x04, 0x38, 0x04, 0x06, 0x01, 0x07, 0x1c, 0x13, 0x84, 0x13, 0x1b, 0x1b, 0x13, 0x84, 0x13,
    0x1c, 0x01, 0x2e, 0x0b, 0x11, 0x11, 0x0b, 0x84, 0x0b, 0x11, 0x11, 0x0b, 0x7a, 0x08, 0x0b, 0x0b,
    0x08, 0x12, 0x08, 0x0b, 0x0b, 0x07, 0x13, 0x12, 0x39, 0x08, 0x0b, 0x0b, 0x08, 0x25, 0x08, 0x0b,
    0x0b, 0x08, 0x25, 0x25, 0x38, 0x05, 0x08, 0x06, 0x06, 0x08, 0x05, 0x2f, 0x04, 0x06, 0x06, 0x08,
    0x05, 0x05, 0x00, 0x00, 0x00, 0x02, 0x00, 0x00, 0x00, 0x00, 0x00, 0xe2, 0x00, 0xe2, 0x00, 0x0f,
    0x00, 0x1f, 0x00, 0x00, 0x37, 0x22, 0x06, 0x1d, 0x01, 0x14, 0x16, 0x3b, 0x01, 0x32, 0x36, 0x3d,
    0x01, 0x34, 0x26, 0x23, 0x07, 0x34, 0x36, 0x3b, 0x01, 0x32, 0x16, 0x1d, 0x01, 0x14, 0x06, 0x2b,
    0x01, 0x22, 0x26, 0x35, 0x67, 0x04, 0x05, 0x05, 0x04, 0x5e, 0x04, 0x05, 0x05, 0x04, 0x7a, 0x10,
    0x0c, 0x5e, 0x0c, 0x10, 0x10, 0x0c, 0x5e, 0x0c, 0x10, 0xce, 0x05, 0x04, 0x5e, 0x04, 0x05, 0x05,
    0x04, 0x5e, 0x04, 0x05, 0x09, 0x0c, 0x10, 0x10, 0x0c, 0x5e, 0x0c, 0x10, 0x10, 0x0c, 0x00, 0x00,
    0x00, 0x03, 0x00, 0x00, 0x00, 0x00, 0x01, 0x1a, 0x01, 0x1a, 0x00, 0x0f, 0x00, 0x17, 0x00, 0x22,
    0x00, 0x00, 0x13, 0x22, 0x06, 0x1d, 0x01, 0x14, 0x16, 0x3b, 0x01, 0x32, 0x36, 0x3d, 0x01, 0x34,
    0x26, 0x23, 0x07, 0x34, 0x36, 0x3b, 0x01, 0x32, 0x16, 0x15, 0x07, 0x33, 0x15, 0x14, 0x06, 0x2b,
    0x01, 0x22, 0x26, 0x27, 0x35, 0x4b, 0x17, 0x21, 0x21, 0x17, 0x96, 0x17, 0x21, 0x21, 0x17, 0xbb,
    0x15, 0x10, 0x96, 0x10, 0x16, 0xe1, 0xe1, 0x16, 0x10, 0x96, 0x10, 0x15, 0x01, 0x01, 0x19, 0x21,
    0x17, 0x96, 0x17, 0x21, 0x21, 0x17, 0x96, 0x17, 0x21, 0x38, 0x10, 0x16, 0x16, 0x10, 0x13, 0x83,
    0x10, 0x15, 0x15, 0x10, 0x83, 0x00, 0x00, 0x00, 0x00, 0x01, 0x00, 0x00, 0x00, 0x00, 0x01, 0x10,
    0x00, 0xfe, 0x00, 0x2b, 0x00, 0x00, 0x37, 0x32, 0x16, 0x1f, 0x01, 0x37, 0x34, 0x36, 0x32, 0x16,
    0x1f, 0x01, 0x33, 0x32, 0x16, 0x14, 0x06, 0x2b, 0x01, 0x22, 0x2f, 0x01, 0x07, 0x0e, 0x01, 0x22,
    0x26, 0x2f, 0x01, 0x07, 0x0e, 0x01, 0x2b, 0x01, 0x22, 0x26, 0x34, 0x36, 0x3b, 0x01, 0x37, 0x3e,
    0x01, 0x33, 0x6c, 0x03, 0x05, 0x01, 0x2b, 0x21, 0x05, 0x06, 0x05, 0x01, 0x15, 0x20, 0x03, 0x06,
    0x06, 0x04, 0x25, 0x06, 0x03, 0x0d, 0x23, 0x01, 0x05, 0x06, 0x05, 0x01, 0x2b, 0x17, 0x01, 0x05,
    0x03, 0x26, 0x03, 0x06, 0x06, 0x03, 0x1f, 0x1f, 0x01, 0x05, 0x03, 0xfd, 0x04, 0x03, 0x9c, 0x6e,
    0x02, 0x04, 0x03, 0x03, 0x32, 0x05, 0x08, 0x06, 0x06, 0x20, 0x73, 0x03, 0x04, 0x04, 0x03, 0x9d,
    0x49, 0x03, 0x04, 0x06, 0x08, 0x05, 0x61, 0x03, 0x03, 0x00, 0x00, 0x00, 0x00, 0x04, 0x00, 0x00,
    0x00, 0x00, 0x01, 0x1b, 0x01, 0x1a, 0x00, 0x35, 0x00, 0x41, 0x00, 0x76, 0x00, 0x83, 0x00, 0x00,
    0x37, 0x3a, 0x01, 0x17, 0x31, 0x16, 0x17, 0x16, 0x07, 0x0e, 0x02, 0x07, 0x06, 0x07, 0x06, 0x2b,
    0x01, 0x15, 0x33, 0x15, 0x16, 0x14, 0x07, 0x0e, 0x01, 0x07, 0x06, 0x07, 0x0e, 0x01, 0x22, 0x2e,
    0x02, 0x27, 0x26, 0x3d, 0x01, 0x34, 0x3e, 0x01, 0x3f, 0x01, 0x36, 0x3b, 0x01, 0x32, 0x37, 0x36,
    0x37, 0x36, 0x35, 0x37, 0x07, 0x26, 0x22, 0x07, 0x06, 0x15, 0x14, 0x1e, 0x01, 0x37, 0x36, 0x26,
    0x27, 0x32, 0x1e, 0x02, 0x17, 0x1e, 0x01, 0x14, 0x0e, 0x02, 0x07, 0x06, 0x2b, 0x01, 0x0e, 0x02,
    0x07, 0x06, 0x1d, 0x01, 0x23, 0x22, 0x27, 0x31, 0x26, 0x27, 0x26, 0x37, 0x3e, 0x02, 0x37, 0x36,
    0x37, 0x36, 0x3b, 0x01, 0x35, 0x23, 0x35, 0x26, 0x34, 0x37, 0x3e, 0x01, 0x37, 0x36, 0x37, 0x3e,
    0x01, 0x07, 0x2e, 0x01, 0x07, 0x06, 0x16, 0x17, 0x16, 0x32, 0x37, 0x36, 0x35, 0x34, 0xe8, 0x0b,
    0x07, 0x02, 0x13, 0x08, 0x03, 0x01, 0x01, 0x04, 0x07, 0x04, 0x08, 0x09, 0x03, 0x30, 0x30, 0x3f,
    0x01, 0x01, 0x01, 0x03, 0x03, 0x05, 0x0c, 0x07, 0x0d, 0x26, 0x0f, 0x0d, 0x0d, 0x02, 0x02, 0x04,
    0x03, 0x04, 0x02, 0x03, 0x18, 0x2a, 0x23, 0x04, 0x12, 0x05, 0x02, 0x01, 0x2a, 0x03, 0x06, 0x03,
    0x05, 0x05, 0x08, 0x04, 0x07, 0x01, 0x2d, 0x13, 0x0f, 0x0d, 0x0d, 0x02, 0x02, 0x01, 0x01, 0x05,
    0x08, 0x07, 0x02, 0x02, 0x55, 0x10, 0x0b, 0x06, 0x03, 0x02, 0x0f, 0x03, 0x02, 0x13, 0x08, 0x03,
    0x01, 0x01, 0x04, 0x07, 0x04, 0x08, 0x09, 0x03, 0x30, 0x30, 0x3f, 0x01, 0x01, 0x01, 0x03, 0x03,
    0x05, 0x0c, 0x07, 0x0d, 0x07, 0x03, 0x08, 0x04, 0x07, 0x01, 0x06, 0x03, 0x06, 0x03, 0x05, 0xd8,
    0x01, 0x07, 0x21, 0x0d, 0x11, 0x0d, 0x10, 0x0f, 0x05, 0x07, 0x02, 0x01, 0x08, 0x02, 0x01, 0x16,
    0x05, 0x06, 0x09, 0x03, 0x06, 0x03, 0x01, 0x01, 0x01, 0x04, 0x0c, 0x07, 0x04, 0x08, 0x44, 0x05,
    0x08, 0x02, 0x02, 0x01, 0x01, 0x01, 0x06, 0x09, 0x04, 0x05, 0x0f, 0x7a, 0x01, 0x02, 0x03, 0x07,
    0x04, 0x06, 0x02, 0x02, 0x03, 0x0f, 0xe0, 0x01, 0x04, 0x0c, 0x07, 0x04, 0x10, 0x32, 0x0c, 0x08,
    0x05, 0x03, 0x01, 0x01, 0x03, 0x06, 0x06, 0x04, 0x06, 0x30, 0x01, 0x07, 0x21, 0x0d, 0x11, 0x0d,
    0x10, 0x0f, 0x05, 0x07, 0x02, 0x01, 0x08, 0x02, 0x01, 0x16, 0x05, 0x06, 0x09, 0x03, 0x06, 0x03,
    0x01, 0x01, 0x18, 0x04, 0x02, 0x02, 0x03, 0x0f, 0x03, 0x01, 0x02, 0x03, 0x07, 0x04, 0x00, 0x00,
    0x00, 0x04, 0x00, 0x00, 0x00, 0x00, 0x01, 0x1a, 0x01, 0x1a, 0x00, 0x08, 0x00, 0x2e, 0x00, 0x3b,
    0x00, 0x48, 0x00, 0x00, 0x37, 0x32, 0x16, 0x14, 0x06, 0x22, 0x26, 0x34, 0x36, 0x37, 0x32, 0x16,
    0x15, 0x14, 0x07, 0x06, 0x07, 0x31, 0x06, 0x07, 0x06, 0x15, 0x14, 0x06, 0x22, 0x26, 0x35, 0x34,
    0x37, 0x36, 0x37, 0x31, 0x36, 0x37, 0x36, 0x34, 0x26, 0x22, 0x06, 0x15, 0x14, 0x06, 0x22, 0x26,
    0x35, 0x34, 0x36, 0x37, 0x32, 0x1e, 0x01, 0x14, 0x0e, 0x01, 0x22, 0x2e, 0x01, 0x34, 0x3e, 0x01,
    0x17, 0x22, 0x0e, 0x01, 0x14, 0x1e, 0x01, 0x32, 0x3e, 0x01, 0x34, 0x2e, 0x01, 0x96, 0x06, 0x08,
    0x08, 0x0c, 0x08, 0x08, 0x06, 0x12, 0x18, 0x06, 0x04, 0x09, 0x07, 0x03, 0x04, 0x05, 0x08, 0x05,
    0x06, 0x04, 0x09, 0x07, 0x02, 0x04, 0x0d, 0x14, 0x0d, 0x06, 0x08, 0x05, 0x18, 0x12, 0x24, 0x3c,
    0x23, 0x23, 0x3c, 0x48, 0x3c, 0x23, 0x23, 0x3c, 0x24, 0x1f, 0x33, 0x1e, 0x1e, 0x33, 0x3e, 0x33,
    0x1f, 0x1f, 0x33, 0x5e, 0x08, 0x0c, 0x08, 0x08, 0x0c, 0x08, 0x83, 0x18, 0x12, 0x0e, 0x0a, 0x07,
    0x09, 0x07, 0x04, 0x06, 0x09, 0x04, 0x05, 0x05, 0x04, 0x0e, 0x0a, 0x07, 0x09, 0x07, 0x04, 0x06,
    0x13, 0x0d, 0x0d, 0x0a, 0x04, 0x06, 0x06, 0x04, 0x12, 0x18, 0x38, 0x23, 0x3c, 0x48, 0x3c, 0x23,
    0x23, 0x3c, 0x48, 0x3c, 0x23, 0x12, 0x1f, 0x33, 0x3e, 0x33, 0x1e, 0x1e, 0x33, 0x3e, 0x33, 0x1f,
    0x00, 0x02, 0x00, 0x00, 0x00, 0x00, 0x00, 0xf4, 0x00, 0xf4, 0x00, 0x1b, 0x00, 0x37, 0x00, 0x00,
    0x37, 0x32, 0x16, 0x1d, 0x01, 0x14, 0x07, 0x06, 0x07, 0x06, 0x22, 0x26, 0x34, 0x37, 0x3e, 0x01,
    0x37, 0x06, 0x2b, 0x01, 0x22, 0x26, 0x3d, 0x01, 0x34, 0x36, 0x3b, 0x02, 0x32, 0x16, 0x1d, 0x01,
    0x14, 0x07, 0x06, 0x07, 0x06, 0x22, 0x26, 0x34, 0x37, 0x3e, 0x01, 0x37, 0x06, 0x2b, 0x01, 0x22,
    0x26, 0x3d, 0x01, 0x34, 0x36, 0x3b, 0x01, 0x70, 0x08, 0x0b, 0x0a, 0x0b, 0x1c, 0x03, 0x08, 0x05,
    0x02, 0x13, 0x14, 0x03, 0x07, 0x09, 0x13, 0x08, 0x0b, 0x0b, 0x08, 0x26, 0x70, 0x08, 0x0b, 0x0a,
    0x0c, 0x1c, 0x03, 0x07, 0x06, 0x03, 0x13, 0x13, 0x04, 0x08, 0x09, 0x12, 0x08, 0x0b, 0x0b, 0x08,
    0x25, 0xf4, 0x0b, 0x08, 0x13, 0x27, 0x1c, 0x21, 0x1c, 0x03, 0x06, 0x07, 0x03, 0x13, 0x27, 0x18,
    0x04, 0x0b, 0x07, 0x26, 0x08, 0x0b, 0x0b, 0x08, 0x13, 0x27, 0x1c, 0x21, 0x1c, 0x03, 0x06, 0x07,
    0x03, 0x13, 0x27, 0x18, 0x04, 0x0b, 0x07, 0x26, 0x08, 0x0b, 0x00, 0x00, 0x00, 0x04, 0x00, 0x00,
    0x00, 0x00, 0x01, 0x07, 0x00, 0xbc, 0x00, 0x16, 0x00, 0x2d, 0x00, 0x44, 0x00, 0x5b, 0x00, 0x00,
    0x37, 0x34, 0x36, 0x33, 0x37, 0x32, 0x16, 0x15, 0x14, 0x07, 0x06, 0x07, 0x06, 0x22, 0x26, 0x34,
    0x3e, 0x01, 0x37, 0x06, 0x22, 0x26, 0x35, 0x37, 0x34, 0x36, 0x33, 0x37, 0x32, 0x16, 0x15, 0x16,
    0x07, 0x06, 0x07, 0x06, 0x22, 0x26, 0x34, 0x3e, 0x01, 0x37, 0x06, 0x22, 0x26, 0x35, 0x07, 0x32,
    0x36, 0x3d, 0x01, 0x34, 0x26, 0x22, 0x07, 0x3e, 0x02, 0x34, 0x26, 0x22, 0x07, 0x06, 0x07, 0x06,
    0x15, 0x14, 0x16, 0x33, 0x27, 0x14, 0x06, 0x2b, 0x01, 0x22, 0x26, 0x35, 0x34, 0x37, 0x36, 0x37,
    0x36, 0x32, 0x16, 0x14, 0x0e, 0x01, 0x07, 0x36, 0x32, 0x16, 0x15, 0xa9, 0x05, 0x04, 0x13, 0x04,
    0x05, 0x07, 0x06, 0x08, 0x03, 0x08, 0x05, 0x05, 0x07, 0x03, 0x03, 0x07, 0x05, 0x38, 0x05, 0x04,
    0x13, 0x04, 0x05, 0x01, 0x08, 0x06, 0x08, 0x03, 0x08, 0x05, 0x05, 0x07, 0x03, 0x03, 0x07, 0x05,
    0x67, 0x04, 0x05, 0x05, 0x07, 0x03, 0x03, 0x07, 0x05, 0x05, 0x08, 0x03, 0x08, 0x06, 0x07, 0x05,
    0x04, 0x1c, 0x05, 0x04, 0x13, 0x04, 0x05, 0x07, 0x06, 0x08, 0x03, 0x08, 0x05, 0x05, 0x07, 0x03,
    0x03, 0x07, 0x05, 0xb2, 0x04, 0x05, 0x01, 0x06, 0x04, 0x16, 0x12, 0x0f, 0x08, 0x02, 0x05, 0x08,
    0x05, 0x0c, 0x09, 0x02, 0x05, 0x04, 0x13, 0x04, 0x05, 0x01, 0x06, 0x04, 0x16, 0x12, 0x0f, 0x08,
    0x02, 0x05, 0x08, 0x05, 0x0c, 0x09, 0x02, 0x05, 0x04, 0x2f, 0x06, 0x04, 0x13, 0x04, 0x05, 0x02,
    0x09, 0x0c, 0x05, 0x08, 0x05, 0x02, 0x08, 0x0f, 0x12, 0x16, 0x04, 0x06, 0x0a, 0x04, 0x06, 0x06,
    0x04, 0x16, 0x12, 0x0f, 0x08, 0x02, 0x05, 0x08, 0x05, 0x0c, 0x09, 0x02, 0x05, 0x04, 0x00, 0x00,
    0x00, 0x07, 0x00, 0x00, 0x00, 0x00, 0x01, 0x0c, 0x01, 0x1b, 0x00, 0x1c, 0x00, 0x25, 0x00, 0x29,
    0x00, 0x40, 0x00, 0x50, 0x00, 0x66, 0x00, 0x76, 0x00, 0x00, 0x37, 0x30, 0x37, 0x31, 0x36, 0x34,
    0x26, 0x22, 0x06, 0x14, 0x1f, 0x01, 0x07, 0x06, 0x1e, 0x01, 0x33, 0x36, 0x3f, 0x01, 0x33, 0x17,
    0x16, 0x17, 0x3e, 0x02, 0x2f, 0x02, 0x36, 0x32, 0x16, 0x14, 0x06, 0x22, 0x26, 0x34, 0x07, 0x37,
    0x33, 0x17, 0x27, 0x06, 0x22, 0x2f, 0x01, 0x2e, 0x01, 0x34, 0x36, 0x37, 0x36, 0x32, 0x16, 0x14,
    0x07, 0x0e, 0x01, 0x14, 0x16, 0x17, 0x1e, 0x01, 0x07, 0x37, 0x36, 0x32, 0x16, 0x14, 0x07, 0x0e,
    0x01, 0x17, 0x16, 0x0e, 0x01, 0x22, 0x27, 0x26, 0x36, 0x17, 0x14, 0x06, 0x0f, 0x01, 0x06, 0x22,
    0x26, 0x36, 0x37, 0x36, 0x35, 0x34, 0x26, 0x27, 0x26, 0x34, 0x36, 0x32, 0x17, 0x1e, 0x01, 0x27,
    0x26, 0x34, 0x36, 0x32, 0x17, 0x1e, 0x01, 0x07, 0x06, 0x22, 0x2e, 0x01, 0x37, 0x36, 0x26, 0xa9,
    0x01, 0x08, 0x10, 0x18, 0x10, 0x08, 0x01, 0x37, 0x02, 0x03, 0x05, 0x02, 0x06, 0x03, 0x0e, 0x56,
    0x0e, 0x02, 0x07, 0x02, 0x05, 0x03, 0x02, 0x37, 0x1a, 0x03, 0x08, 0x05, 0x05, 0x08, 0x05, 0x1a,
    0x21, 0x04, 0x21, 0x68, 0x03, 0x07, 0x02, 0x02, 0x10, 0x12, 0x12, 0x10, 0x03, 0x08, 0x05, 0x03,
    0x0e, 0x0e, 0x0e, 0x0e, 0x03, 0x01, 0x03, 0x0d, 0x02, 0x08, 0x06, 0x03, 0x10, 0x04, 0x0d, 0x02,
    0x02, 0x05, 0x08, 0x03, 0x10, 0x05, 0xc2, 0x12, 0x10, 0x02, 0x02, 0x08, 0x06, 0x01, 0x02, 0x1e,
    0x0e, 0x0e, 0x03, 0x05, 0x08, 0x03, 0x10, 0x12, 0x4a, 0x03, 0x06, 0x08, 0x02, 0x15, 0x05, 0x10,
    0x03, 0x08, 0x05, 0x02, 0x02, 0x0d, 0x04, 0xb0, 0x01, 0x08, 0x18, 0x10, 0x10, 0x18, 0x08, 0x01,
    0x7d, 0x04, 0x07, 0x03, 0x01, 0x05, 0x20, 0x20, 0x05, 0x01, 0x01, 0x02, 0x07, 0x04, 0x7d, 0x1c,
    0x02, 0x05, 0x08, 0x05, 0x05, 0x08, 0x6b, 0x4b, 0x4b, 0x13, 0x03, 0x03, 0x01, 0x11, 0x2a, 0x2f,
    0x2b, 0x11, 0x02, 0x05, 0x08, 0x03, 0x0d, 0x24, 0x28, 0x24, 0x0e, 0x03, 0x08, 0x03, 0x8c, 0x03,
    0x06, 0x07, 0x03, 0x10, 0x2b, 0x12, 0x04, 0x07, 0x04, 0x04, 0x18, 0x39, 0x24, 0x18, 0x2a, 0x11,
    0x01, 0x03, 0x06, 0x07, 0x03, 0x1e, 0x29, 0x14, 0x24, 0x0d, 0x03, 0x08, 0x05, 0x02, 0x11, 0x2b,
    0x14, 0x03, 0x07, 0x06, 0x03, 0x14, 0x39, 0x18, 0x04, 0x04, 0x07, 0x04, 0x12, 0x2b, 0x00, 0x00,
    0x00, 0x06, 0x00, 0x00, 0x00, 0x00, 0x01, 0x1a, 0x01, 0x1a, 0x00, 0x1b, 0x00, 0x2b, 0x00, 0x34,
    0x00, 0x3d, 0x00, 0x4a, 0x00, 0x66, 0x00, 0x00, 0x37, 0x34, 0x2e, 0x01, 0x22, 0x0e, 0x01, 0x14,
    0x1e, 0x01, 0x3b, 0x01, 0x26, 0x27, 0x23, 0x22, 0x2e, 0x01, 0x34, 0x3e, 0x02, 0x1e, 0x01, 0x1d,
    0x01, 0x16, 0x17, 0x07, 0x36, 0x37, 0x06, 0x23, 0x22, 0x26, 0x27, 0x2e, 0x01, 0x06, 0x14, 0x17,
    0x1e, 0x01, 0x33, 0x27, 0x14, 0x06, 0x22, 0x26, 0x34, 0x36, 0x32, 0x16, 0x17, 0x32, 0x36, 0x34,
    0x26, 0x22, 0x06, 0x14, 0x16, 0x17, 0x14, 0x0e, 0x01, 0x22, 0x2e, 0x01, 0x34, 0x3e, 0x01, 0x32,
    0x1e, 0x01, 0x27, 0x34, 0x26, 0x22, 0x06, 0x1d, 0x01, 0x23, 0x22, 0x06, 0x14, 0x16, 0x3b, 0x01,
    0x15, 0x14, 0x16, 0x32, 0x36, 0x3d, 0x01, 0x33, 0x32, 0x36, 0x34, 0x26, 0x2b, 0x01, 0xf4, 0x1f,
    0x33, 0x3d, 0x34, 0x1e, 0x1e, 0x34, 0x1e, 0x05, 0x03, 0x01, 0x01, 0x19, 0x2b, 0x19, 0x19, 0x2b,
    0x33, 0x2b, 0x19, 0x0a, 0x09, 0x6f, 0x03, 0x04, 0x04, 0x05, 0x0a, 0x12, 0x07, 0x02, 0x08, 0x06,
    0x02, 0x0a, 0x19, 0x0e, 0x12, 0x09, 0x0b, 0x09, 0x09, 0x0b, 0x09, 0x33, 0x06, 0x08, 0x08, 0x0c,
    0x08, 0x08, 0x7b, 0x11, 0x1f, 0x23, 0x1e, 0x12, 0x12, 0x1e, 0x23, 0x1f, 0x11, 0x38, 0x05, 0x08,
    0x06, 0x1c, 0x04, 0x05, 0x05, 0x04, 0x1c, 0x06, 0x08, 0x05, 0x1c, 0x04, 0x06, 0x06, 0x04, 0x1c,
    0xa9, 0x1e, 0x34, 0x1e, 0x1e, 0x34, 0x3d, 0x33, 0x1f, 0x09, 0x0a, 0x19, 0x2b, 0x33, 0x2b, 0x19,
    0x01, 0x1a, 0x2b, 0x19, 0x01, 0x01, 0x03, 0x3d, 0x0a, 0x0a, 0x01, 0x08, 0x08, 0x02, 0x01, 0x05,
    0x08, 0x03, 0x0a, 0x0c, 0x55, 0x06, 0x09, 0x09, 0x0b, 0x09, 0x09, 0x14, 0x09, 0x0b, 0x09, 0x09,
    0x0b, 0x09, 0x59, 0x11, 0x1f, 0x11, 0x11, 0x1f, 0x23, 0x1e, 0x12, 0x12, 0x1e, 0x14, 0x04, 0x05,
    0x05, 0x04, 0x1c, 0x06, 0x08, 0x05, 0x1c, 0x04, 0x05, 0x05, 0x04, 0x1c, 0x05, 0x08, 0x06, 0x00,
    0x00, 0x0a, 0x00, 0x00, 0x00, 0x00, 0x01, 0x1a, 0x00, 0xf4, 0x00, 0x0c, 0x00, 0x15, 0x00, 0x1f,
    0x00, 0x28, 0x00, 0x31, 0x00, 0x3a, 0x00, 0x43, 0x00, 0x4c, 0x00, 0x5c, 0x00, 0x6c, 0x00, 0x00,
    0x37, 0x34, 0x36, 0x3b, 0x01, 0x1e, 0x01, 0x14, 0x06, 0x2b, 0x01, 0x22, 0x26, 0x37, 0x32, 0x36,
    0x34, 0x26, 0x22, 0x06, 0x14, 0x16, 0x37, 0x14, 0x06, 0x22, 0x26, 0x34, 0x36, 0x32, 0x16, 0x15,
    0x07, 0x32, 0x36, 0x34, 0x26, 0x22, 0x06, 0x14, 0x16, 0x37, 0x14, 0x06, 0x22, 0x26, 0x34, 0x36,
    0x32, 0x16, 0x07, 0x32, 0x36, 0x34, 0x26, 0x22, 0x06, 0x14, 0x16, 0x37, 0x14, 0x06, 0x22, 0x26,
    0x34, 0x36, 0x32, 0x16, 0x17, 0x32, 0x36, 0x34, 0x26, 0x22, 0x06, 0x14, 0x16, 0x27, 0x34, 0x36,
    0x3b, 0x01, 0x32, 0x16, 0x1d, 0x01, 0x14, 0x06, 0x2b, 0x01, 0x22, 0x26, 0x35, 0x37, 0x22, 0x06,
    0x1d, 0x01, 0x06, 0x16, 0x3b, 0x01, 0x32, 0x36, 0x3d, 0x01, 0x2e, 0x01, 0x23, 0x38, 0x06, 0x04,
    0xa8, 0x04, 0x06, 0x06, 0x04, 0xa8, 0x04, 0x06, 0x05, 0x06, 0x08, 0x08, 0x0c, 0x08, 0x08, 0x85,
    0x09, 0x0b, 0x09, 0x09, 0x0b, 0x08, 0x46, 0x06, 0x08, 0x08, 0x0c, 0x08, 0x08, 0x85, 0x08, 0x0c,
    0x08, 0x08, 0x0c, 0x08, 0x92, 0x06, 0x09, 0x09, 0x0b, 0x09, 0x09, 0x4c, 0x08, 0x0c, 0x08, 0x08,
    0x0c, 0x08, 0x2a, 0x06, 0x08, 0x08, 0x0c, 0x08, 0x08, 0xba, 0x13, 0x0e, 0xc4, 0x0e, 0x13, 0x13,
    0x0e, 0xc4, 0x0e, 0x13, 0x21, 0x06, 0x08, 0x01, 0x09, 0x06, 0xc4, 0x06, 0x09, 0x01, 0x08, 0x06,
    0x67, 0x04, 0x06, 0x01, 0x05, 0x08, 0x05, 0x05, 0x46, 0x08, 0x0c, 0x08, 0x08, 0x0c, 0x08, 0x0e,
    0x06, 0x08, 0x08, 0x0c, 0x08, 0x08, 0x06, 0x0e, 0x08, 0x0c, 0x08, 0x08, 0x0c, 0x08, 0x0e, 0x06,
    0x08, 0x08, 0x0c, 0x08, 0x08, 0x3a, 0x08, 0x0c, 0x08, 0x08, 0x0c, 0x08, 0x0e, 0x06, 0x08, 0x08,
    0x0c, 0x08, 0x08, 0x14, 0x08, 0x0c, 0x08, 0x08, 0x0c, 0x08, 0x50, 0x0e, 0x13, 0x13, 0x0e, 0x7a,
    0x0e, 0x13, 0x13, 0x0e, 0x88, 0x08, 0x06, 0x7a, 0x06, 0x08, 0x08, 0x06, 0x7a, 0x06, 0x08, 0x00,
    0x00, 0x03, 0x00, 0x00, 0x00, 0x00, 0x00, 0xe1, 0x00, 0xe2, 0x00, 0x08, 0x00, 0x15, 0x00, 0x1e,
    0x00, 0x00, 0x37, 0x32, 0x36, 0x34, 0x26, 0x22, 0x06, 0x14, 0x16, 0x37, 0x14, 0x0e, 0x01, 0x22,
    0x2e, 0x01, 0x34, 0x3e, 0x01, 0x32, 0x1e, 0x01, 0x07, 0x34, 0x26, 0x22, 0x06, 0x14, 0x16, 0x32,
    0x36, 0x96, 0x08, 0x0b, 0x0b, 0x10, 0x0b, 0x0b, 0x53, 0x14, 0x23, 0x28, 0x23, 0x14, 0x14, 0x23,
    0x28, 0x23, 0x14, 0x13, 0x21, 0x2e, 0x21, 0x21, 0x2e, 0x21, 0x83, 0x0b, 0x10, 0x0b, 0x0b, 0x10,
    0x0b, 0x13, 0x14, 0x23, 0x14, 0x14, 0x23, 0x28, 0x23, 0x14, 0x14, 0x23, 0x14, 0x17, 0x21, 0x21,
    0x2e, 0x21, 0x21, 0x00, 0x00, 0x03, 0x00, 0x00, 0x00, 0x00, 0x01, 0x1a, 0x01, 0x1a, 0x00, 0x0c,
    0x00, 0x19, 0x00, 0x26, 0x00, 0x00, 0x37, 0x32, 0x3e, 0x01, 0x34, 0x2e, 0x01, 0x22, 0x0e, 0x01,
    0x14, 0x1e, 0x01, 0x37, 0x22, 0x0e, 0x01, 0x14, 0x1e, 0x01, 0x32, 0x3e, 0x01, 0x34, 0x2e, 0x01,
    0x07, 0x26, 0x3e, 0x01, 0x32, 0x1e, 0x01, 0x14, 0x0e, 0x02, 0x2e, 0x01, 0x96, 0x14, 0x23, 0x14,
    0x14, 0x23, 0x28, 0x23, 0x14, 0x14, 0x23, 0x14, 0x24, 0x3c, 0x23, 0x23, 0x3c, 0x48, 0x3c, 0x23,
    0x23, 0x3c, 0x94, 0x01, 0x1f, 0x33, 0x3e, 0x33, 0x1f, 0x1f, 0x33, 0x3e, 0x33, 0x1e, 0x4b, 0x14,
    0x23, 0x28, 0x23, 0x14, 0x14, 0x23, 0x28, 0x23, 0x14, 0xce, 0x23, 0x3c, 0x48, 0x3c, 0x23, 0x23,
    0x3c, 0x48, 0x3c, 0x23, 0x83, 0x1f, 0x33, 0x1f, 0x1f, 0x33, 0x3e, 0x33, 0x1e, 0x01, 0x1f, 0x33,
    0x00, 0x01, 0x00, 0x00, 0x00, 0x00, 0x00, 0xf4, 0x01, 0x0a, 0x00, 0x25, 0x00, 0x00, 0x37, 0x34,
    0x26, 0x22, 0x06, 0x1d, 0x01, 0x27, 0x2e, 0x01, 0x0e, 0x02, 0x16, 0x1f, 0x01, 0x16, 0x32, 0x36,
    0x34, 0x2f, 0x01, 0x26, 0x34, 0x36, 0x32, 0x1f, 0x01, 0x23, 0x22, 0x06, 0x14, 0x16, 0x3b, 0x01,
    0x32, 0x36, 0x35, 0xf4, 0x06, 0x08, 0x05, 0x3b, 0x0f, 0x26, 0x27, 0x1d, 0x0a, 0x0a, 0x0e, 0x5f,
    0x02, 0x08, 0x06, 0x03, 0x5e, 0x11, 0x21, 0x2f, 0x10, 0x3b, 0x46, 0x04, 0x06, 0x06, 0x04, 0x5c,
    0x04, 0x07, 0xfd, 0x04, 0x06, 0x06, 0x04, 0x48, 0x3c, 0x0e, 0x0a, 0x0a, 0x1d, 0x26, 0x27, 0x0f,
    0x5e, 0x02, 0x05, 0x08, 0x03, 0x5e, 0x10, 0x2f, 0x21, 0x11, 0x3a, 0x06, 0x08, 0x05, 0x07, 0x04,
    0x00, 0x0a, 0x00, 0x00, 0x00, 0x00, 0x01, 0x20, 0x01, 0x26, 0x00, 0x20, 0x00, 0x2c, 0x00, 0x38,
    0x00, 0x4c, 0x00, 0x58, 0x00, 0x64, 0x00, 0x70, 0x00, 0x7c, 0x00, 0x8c, 0x00, 0x90, 0x00, 0x00,
    0x37, 0x35, 0x34, 0x36, 0x3b, 0x01, 0x27, 0x26, 0x34, 0x36, 0x32, 0x1f, 0x01, 0x16, 0x14, 0x0f,
    0x01, 0x06, 0x22, 0x26, 0x34, 0x3f, 0x01, 0x23, 0x22, 0x06, 0x1d, 0x01, 0x14, 0x06, 0x22, 0x26,
    0x35, 0x17, 0x33, 0x32, 0x36, 0x34, 0x26, 0x2b, 0x01, 0x22, 0x06, 0x14, 0x16, 0x37, 0x33, 0x32,
    0x36, 0x34, 0x26, 0x2b, 0x01, 0x22, 0x06, 0x14, 0x16, 0x37, 0x23, 0x22, 0x06, 0x1d, 0x01, 0x32,
    0x17, 0x35, 0x33, 0x15, 0x23, 0x15, 0x33, 0x32, 0x36, 0x3d, 0x01, 0x34, 0x26, 0x07, 0x33, 0x32,
    0x36, 0x34, 0x26, 0x2b, 0x01, 0x22, 0x06, 0x14, 0x16, 0x07, 0x33, 0x32, 0x36, 0x34, 0x26, 0x2b,
    0x01, 0x22, 0x06, 0x14, 0x16, 0x17, 0x33, 0x32, 0x36, 0x34, 0x26, 0x2b, 0x01, 0x22, 0x06, 0x14,
    0x16, 0x17, 0x33, 0x32, 0x36, 0x34, 0x26, 0x2b, 0x01, 0x22, 0x06, 0x14, 0x16, 0x37, 0x15, 0x14,
    0x06, 0x2b, 0x01, 0x22, 0x26, 0x3d, 0x01, 0x34, 0x36, 0x3b, 0x01, 0x32, 0x16, 0x07, 0x23, 0x15,
    0x33, 0x12, 0x10, 0x0b, 0x32, 0x14, 0x03, 0x05, 0x08, 0x02, 0x24, 0x03, 0x03, 0x24, 0x02, 0x08,
    0x05, 0x03, 0x14, 0x32, 0x04, 0x05, 0x05, 0x08, 0x05, 0xab, 0x36, 0x04, 0x05, 0x05, 0x04, 0x36,
    0x04, 0x05, 0x05, 0x04, 0x36, 0x04, 0x05, 0x05, 0x04, 0x36, 0x04, 0x05, 0x05, 0x55, 0x6c, 0x07,
    0x0b, 0x09, 0x09, 0x6c, 0x5a, 0x5a, 0x07, 0x0b, 0x0b, 0x58, 0x36, 0x04, 0x05, 0x05, 0x04, 0x36,
    0x04, 0x05, 0x05, 0x7a, 0x36, 0x04, 0x05, 0x05, 0x04, 0x36, 0x04, 0x05, 0x05, 0x04, 0x36, 0x04,
    0x05, 0x05, 0x04, 0x36, 0x04, 0x05, 0x05, 0x04, 0x36, 0x04, 0x05, 0x05, 0x04, 0x36, 0x04, 0x05,
    0x05, 0x67, 0x0b, 0x07, 0x6c, 0x07, 0x0b, 0x0b, 0x07, 0x6c, 0x07, 0x0b, 0x12, 0x6c, 0x6c, 0xc2,
    0x24, 0x0b, 0x10, 0x15, 0x02, 0x08, 0x05, 0x02, 0x24, 0x03, 0x08, 0x02, 0x24, 0x03, 0x05, 0x08,
    0x03, 0x14, 0x05, 0x04, 0x24, 0x04, 0x05, 0x05, 0x04, 0x1b, 0x05, 0x08, 0x05, 0x05, 0x08, 0x05,
    0x48, 0x05, 0x08, 0x05, 0x05, 0x08, 0x05, 0x36, 0x0a, 0x08, 0x5a, 0x05, 0x5f, 0x7e, 0x12, 0x0b,
    0x07, 0x7e, 0x08, 0x0a, 0x5a, 0x05, 0x08, 0x05, 0x05, 0x08, 0x05, 0x5a, 0x05, 0x08, 0x05, 0x05,
    0x08, 0x05, 0x24, 0x05, 0x08, 0x05, 0x05, 0x08, 0x05, 0x24, 0x05, 0x08, 0x05, 0x05, 0x08, 0x05,
    0x6c, 0x7e, 0x07, 0x0b, 0x0b, 0x07, 0x7e, 0x08, 0x0a, 0x0a, 0x08, 0x7e, 0x00, 0x01, 0x00, 0x00,
    0x00, 0x00, 0x01, 0x07, 0x01, 0x07, 0x00, 0x30, 0x00, 0x00, 0x37, 0x34, 0x3e, 0x01, 0x33, 0x32,
    0x16, 0x17, 0x23, 0x22, 0x06, 0x14, 0x16, 0x33, 0x37, 0x16, 0x36, 0x3d, 0x01, 0x34, 0x26, 0x22,
    0x06, 0x1d, 0x01, 0x2e, 0x01, 0x23, 0x26, 0x0e, 0x01, 0x14, 0x1e, 0x01, 0x32, 0x3e, 0x01, 0x37,
    0x34, 0x26, 0x22, 0x06, 0x07, 0x0e, 0x02, 0x22, 0x2e, 0x01, 0x38, 0x19, 0x2c, 0x19, 0x17, 0x27,
    0x0d, 0x25, 0x04, 0x06, 0x06, 0x03, 0x39, 0x04, 0x05, 0x05, 0x08, 0x06, 0x0f, 0x2c, 0x19, 0x1f,
    0x33, 0x1e, 0x1e, 0x33, 0x3c, 0x31, 0x1f, 0x03, 0x05, 0x07, 0x06, 0x01, 0x02, 0x1a, 0x29, 0x31,
    0x2c, 0x19, 0x96, 0x19, 0x2c, 0x19, 0x14, 0x12, 0x05, 0x08, 0x06, 0x01, 0x01, 0x06, 0x04, 0x38,
    0x04, 0x06, 0x06, 0x04, 0x1d, 0x12, 0x14, 0x01, 0x1f, 0x33, 0x3e, 0x33, 0x1e, 0x1b, 0x2e, 0x1d,
    0x04, 0x06, 0x05, 0x04, 0x17, 0x27, 0x17, 0x19, 0x2c, 0x00, 0x00, 0x00, 0x00, 0x02, 0x00, 0x00,
    0x00, 0x00, 0x00, 0xe1, 0x01, 0x07, 0x00, 0x38, 0x00, 0x41, 0x00, 0x00, 0x37, 0x23, 0x37, 0x36,
    0x34, 0x26, 0x22, 0x0f, 0x01, 0x35, 0x34, 0x26, 0x0e, 0x01, 0x1d, 0x01, 0x27, 0x26, 0x22, 0x06,
    0x14, 0x1f, 0x01, 0x23, 0x22, 0x06, 0x14, 0x16, 0x3b, 0x01, 0x07, 0x06, 0x14, 0x16, 0x32, 0x3f,
    0x01, 0x15, 0x14, 0x16, 0x32, 0x36, 0x3d, 0x01, 0x17, 0x16, 0x32, 0x36, 0x34, 0x2f, 0x01, 0x33,
    0x32, 0x36, 0x34, 0x26, 0x23, 0x07, 0x14, 0x06, 0x22, 0x26, 0x34, 0x36, 0x32, 0x16, 0xd8, 0x22,
    0x18, 0x02, 0x05, 0x08, 0x03, 0x17, 0x06, 0x08, 0x05, 0x18, 0x03, 0x07, 0x06, 0x03, 0x18, 0x22,
    0x04, 0x05, 0x05, 0x04, 0x22, 0x18, 0x03, 0x06, 0x07, 0x03, 0x18, 0x05, 0x08, 0x06, 0x18, 0x02,
    0x08, 0x06, 0x03, 0x18, 0x22, 0x04, 0x05, 0x05, 0x04, 0x7a, 0x0b, 0x10, 0x0b, 0x0b, 0x10, 0x0b,
    0xce, 0x18, 0x03, 0x08, 0x05, 0x03, 0x17, 0x21, 0x04, 0x06, 0x01, 0x05, 0x04, 0x21, 0x17, 0x03,
    0x05, 0x08, 0x03, 0x18, 0x05, 0x08, 0x05, 0x18, 0x03, 0x08, 0x05, 0x02, 0x18, 0x21, 0x04, 0x06,
    0x06, 0x04, 0x21, 0x18, 0x02, 0x05, 0x08, 0x03, 0x18, 0x05, 0x08, 0x05, 0x83, 0x08, 0x0b, 0x0b,
    0x10, 0x0b, 0x0b, 0x00, 0x00, 0x04, 0x00, 0x00, 0x00, 0x00, 0x01, 0x21, 0x01, 0x14, 0x00, 0x2a,
    0x00, 0x37, 0x00, 0x4b, 0x00, 0x5e, 0x00, 0x00, 0x37, 0x16, 0x17, 0x23, 0x22, 0x26, 0x34, 0x36,
    0x3b, 0x01, 0x35, 0x23, 0x22, 0x26, 0x3d, 0x01, 0x34, 0x36, 0x3b, 0x01, 0x32, 0x16, 0x1d, 0x01,
    0x26, 0x27, 0x35, 0x34, 0x26, 0x2b, 0x01, 0x22, 0x06, 0x1d, 0x01, 0x14, 0x16, 0x3b, 0x01, 0x1d,
    0x01, 0x23, 0x15, 0x37, 0x14, 0x0e, 0x01, 0x22, 0x2e, 0x01, 0x34, 0x3e, 0x01, 0x32, 0x1e, 0x01,
    0x07, 0x34, 0x26, 0x2f, 0x01, 0x26, 0x22, 0x06, 0x14, 0x1f, 0x01, 0x07, 0x06, 0x14, 0x16, 0x32,
    0x3f, 0x01, 0x3e, 0x01, 0x3f, 0x01, 0x36, 0x34, 0x26, 0x22, 0x0f, 0x01, 0x0e, 0x01, 0x14, 0x16,
    0x1f, 0x01, 0x16, 0x32, 0x36, 0x34, 0x27, 0x70, 0x03, 0x04, 0x4a, 0x04, 0x05, 0x05, 0x04, 0x1b,
    0x24, 0x0f, 0x15, 0x15, 0x0f, 0xa2, 0x0f, 0x15, 0x09, 0x09, 0x0b, 0x07, 0xa2, 0x07, 0x0b, 0x0b,
    0x07, 0x48, 0x12, 0xc6, 0x16, 0x25, 0x2c, 0x25, 0x16, 0x16, 0x25, 0x2c, 0x25, 0x16, 0x51, 0x01,
    0x02, 0x1b, 0x02, 0x08, 0x05, 0x03, 0x14, 0x14, 0x03, 0x05, 0x08, 0x02, 0x1b, 0x02, 0x01, 0x16,
    0x14, 0x03, 0x05, 0x08, 0x02, 0x1b, 0x02, 0x01, 0x01, 0x02, 0x1b, 0x02, 0x08, 0x05, 0x03, 0x3b,
    0x09, 0x09, 0x05, 0x08, 0x05, 0x12, 0x15, 0x0f, 0x7e, 0x0f, 0x15, 0x15, 0x0f, 0x3a, 0x03, 0x01,
    0x36, 0x08, 0x0a, 0x0a, 0x08, 0x7e, 0x07, 0x0b, 0x09, 0x09, 0x12, 0x1b, 0x16, 0x25, 0x16, 0x16,
    0x25, 0x2c, 0x25, 0x16, 0x16, 0x25, 0x28, 0x02, 0x03, 0x02, 0x1b, 0x02, 0x05, 0x08, 0x02, 0x15,
    0x14, 0x03, 0x08, 0x05, 0x03, 0x1b, 0x01, 0x03, 0x26, 0x15, 0x02, 0x08, 0x05, 0x02, 0x1b, 0x02,
    0x03, 0x04, 0x03, 0x01, 0x1b, 0x03, 0x05, 0x08, 0x03, 0x00, 0x00, 0x00, 0x00, 0x02, 0x00, 0x00,
    0x00, 0x00, 0x00, 0xf4, 0x01, 0x1a, 0x00, 0x12, 0x00, 0x23, 0x00, 0x00, 0x37, 0x36, 0x32, 0x1f,
    0x01, 0x35, 0x16, 0x14, 0x0f, 0x01, 0x06, 0x22, 0x26, 0x34, 0x3f, 0x01, 0x27, 0x26, 0x34, 0x37,
    0x36, 0x32, 0x16, 0x14, 0x0f, 0x01, 0x17, 0x16, 0x14, 0x06, 0x22, 0x2f, 0x01, 0x26, 0x34, 0x37,
    0x3b, 0x03, 0x07, 0x03, 0x4b, 0x03, 0x03, 0x4b, 0x02, 0x08, 0x06, 0x03, 0x44, 0x44, 0x03, 0xac,
    0x02, 0x08, 0x06, 0x03, 0x44, 0x44, 0x03, 0x06, 0x08, 0x02, 0x4b, 0x03, 0x03, 0xcb, 0x03, 0x03,
    0x4b, 0x01, 0x03, 0x08, 0x03, 0x4b, 0x02, 0x05, 0x08, 0x03, 0x44, 0x44, 0x03, 0x08, 0x4d, 0x03,
    0x05, 0x08, 0x03, 0x44, 0x45, 0x02, 0x08, 0x06, 0x03, 0x4b, 0x03, 0x08, 0x02, 0x00, 0x00, 0x00,
    0x00, 0x01, 0x00, 0x00, 0x00, 0x00, 0x01, 0x2c, 0x00, 0xa4, 0x00, 0x0b, 0x00, 0x00, 0x25, 0x21,
    0x22, 0x26, 0x34, 0x36, 0x33, 0x21, 0x32, 0x16, 0x14, 0x06, 0x01, 0x1e, 0xfe, 0xf0, 0x06, 0x08,
    0x08, 0x06, 0x01, 0x10, 0x06, 0x08, 0x08, 0x88, 0x08, 0x0c, 0x08, 0x08, 0x0c, 0x08, 0x00, 0x00,
    0x00, 0x01, 0x00, 0x00, 0x00, 0x00, 0x01, 0x07, 0x00, 0xa9, 0x00, 0x0c, 0x00, 0x00, 0x37, 0x34,
    0x36, 0x3b, 0x01, 0x32, 0x16, 0x14, 0x06, 0x2b, 0x01, 0x22, 0x26, 0x13, 0x05, 0x04, 0xe1, 0x04,
    0x06, 0x06, 0x04, 0xe1, 0x04, 0x05, 0x9f, 0x04, 0x06, 0x06, 0x08, 0x05, 0x05, 0x00, 0x00, 0x00,
    0x00, 0x03, 0x00, 0x00, 0x00, 0x00, 0x01, 0x07, 0x01, 0x07, 0x00, 0x1b, 0x00, 0x2f, 0x00, 0x43,
    0x00, 0x00, 0x13, 0x22, 0x06, 0x1e, 0x01, 0x3b, 0x01, 0x15, 0x23, 0x22, 0x06, 0x14, 0x16, 0x3b,
    0x01, 0x32, 0x36, 0x34, 0x26, 0x2b, 0x01, 0x35, 0x33, 0x32, 0x36, 0x2e, 0x01, 0x23, 0x07, 0x33,
    0x15, 0x23, 0x22, 0x06, 0x1d, 0x01, 0x14, 0x16, 0x3b, 0x01, 0x15, 0x23, 0x22, 0x26, 0x3d, 0x01,
    0x3e, 0x01, 0x17, 0x23, 0x15, 0x33, 0x32, 0x36, 0x3d, 0x01, 0x34, 0x26, 0x2b, 0x01, 0x15, 0x33,
    0x32, 0x16, 0x1d, 0x01, 0x14, 0x06, 0x7a, 0x04, 0x06, 0x01, 0x05, 0x04, 0x13, 0x13, 0x04, 0x06,
    0x06, 0x04, 0x38, 0x04, 0x06, 0x06, 0x04, 0x13, 0x13, 0x04, 0x06, 0x01, 0x05, 0x04, 0x67, 0x2f,
    0x2f, 0x08, 0x0b, 0x0b, 0x08, 0x2f, 0x2f, 0x10, 0x16, 0x01, 0x15, 0xa6, 0x2f, 0x2f, 0x10, 0x16,
    0x16, 0x10, 0x2f, 0x2f, 0x08, 0x0b, 0x0b, 0x01, 0x07, 0x06, 0x08, 0x05, 0xbc, 0x05, 0x08, 0x05,
    0x05, 0x08, 0x05, 0xbc, 0x05, 0x08, 0x06, 0x26, 0x13, 0x0b, 0x07, 0x4b, 0x08, 0x0b, 0x13, 0x16,
    0x10, 0x4b, 0x0f, 0x16, 0x83, 0x13, 0x16, 0x10, 0x4b, 0x0f, 0x16, 0x13, 0x0b, 0x08, 0x4a, 0x08,
    0x0b, 0x00, 0x00, 0x00, 0x00, 0x0a, 0x00, 0x00, 0x00, 0x00, 0x01, 0x2c, 0x01, 0x2c, 0x00, 0x0d,
    0x00, 0x31, 0x00, 0x3a, 0x00, 0x42, 0x00, 0x52, 0x00, 0x73, 0x00, 0x8c, 0x00, 0xa1, 0x00, 0xab,
    0x00, 0xcb, 0x00, 0x00, 0x25, 0x35, 0x34, 0x26, 0x2b, 0x01, 0x07, 0x33, 0x32, 0x16, 0x1d, 0x01,
    0x32, 0x36, 0x27, 0x35, 0x34, 0x26, 0x23, 0x22, 0x07, 0x0e, 0x01, 0x14, 0x16, 0x32, 0x37, 0x38,
    0x01, 0x39, 0x01, 0x36, 0x33, 0x32, 0x17, 0x16, 0x1d, 0x01, 0x26, 0x23, 0x22, 0x06, 0x14, 0x16,
    0x33, 0x32, 0x37, 0x16, 0x32, 0x36, 0x27, 0x32, 0x17, 0x15, 0x06, 0x22, 0x26, 0x34, 0x36, 0x07,
    0x26, 0x22, 0x06, 0x14, 0x16, 0x32, 0x37, 0x17, 0x35, 0x34, 0x26, 0x2b, 0x01, 0x22, 0x06, 0x1d,
    0x01, 0x14, 0x16, 0x3b, 0x01, 0x32, 0x36, 0x27, 0x32, 0x16, 0x1d, 0x01, 0x0e, 0x01, 0x22, 0x27,
    0x06, 0x23, 0x22, 0x26, 0x34, 0x36, 0x33, 0x32, 0x17, 0x35, 0x34, 0x27, 0x26, 0x23, 0x22, 0x07,
    0x31, 0x06, 0x22, 0x26, 0x3e, 0x01, 0x37, 0x36, 0x17, 0x06, 0x14, 0x17, 0x16, 0x32, 0x36, 0x32,
    0x16, 0x06, 0x07, 0x06, 0x23, 0x22, 0x26, 0x34, 0x3e, 0x01, 0x17, 0x1e, 0x01, 0x0e, 0x01, 0x26,
    0x22, 0x37, 0x16, 0x36, 0x34, 0x26, 0x23, 0x22, 0x07, 0x35, 0x34, 0x26, 0x22, 0x06, 0x1d, 0x01,
    0x14, 0x16, 0x32, 0x36, 0x37, 0x16, 0x37, 0x32, 0x16, 0x14, 0x06, 0x22, 0x26, 0x34, 0x36, 0x33,
    0x07, 0x34, 0x36, 0x3b, 0x01, 0x32, 0x16, 0x14, 0x06, 0x2b, 0x01, 0x22, 0x06, 0x1d, 0x01, 0x37,
    0x36, 0x32, 0x16, 0x14, 0x0f, 0x01, 0x06, 0x22, 0x2f, 0x01, 0x26, 0x34, 0x36, 0x32, 0x1f, 0x01,
    0x01, 0x07, 0x22, 0x17, 0x6e, 0x13, 0x81, 0x10, 0x16, 0x07, 0x0c, 0x39, 0x13, 0x0e, 0x0a, 0x08,
    0x04, 0x06, 0x06, 0x07, 0x03, 0x03, 0x09, 0x04, 0x04, 0x06, 0x06, 0x08, 0x11, 0x14, 0x14, 0x11,
    0x0a, 0x07, 0x03, 0x08, 0x05, 0x21, 0x09, 0x06, 0x05, 0x12, 0x0a, 0x0a, 0x47, 0x06, 0x11, 0x0a,
    0x0a, 0x12, 0x05, 0x83, 0x0b, 0x08, 0xa8, 0x08, 0x0b, 0x0b, 0x07, 0xa9, 0x08, 0x0b, 0x91, 0x0d,
    0x14, 0x01, 0x05, 0x08, 0x03, 0x07, 0x09, 0x12, 0x14, 0x14, 0x12, 0x07, 0x07, 0x07, 0x04, 0x03,
    0x09, 0x04, 0x03, 0x07, 0x06, 0x01, 0x05, 0x04, 0x08, 0x57, 0x06, 0x06, 0x05, 0x0e, 0x07, 0x07,
    0x06, 0x01, 0x03, 0x0a, 0x0c, 0x10, 0x16, 0x14, 0x1d, 0x0b, 0x03, 0x01, 0x06, 0x07, 0x07, 0x0e,
    0x66, 0x0f, 0x16, 0x16, 0x10, 0x09, 0x09, 0x06, 0x08, 0x05, 0x05, 0x07, 0x05, 0x01, 0x09, 0x0b,
    0x07, 0x0b, 0x0b, 0x0f, 0x0b, 0x0b, 0x07, 0xe1, 0x11, 0x0c, 0x25, 0x04, 0x06, 0x06, 0x04, 0x25,
    0x04, 0x06, 0x16, 0x03, 0x07, 0x06, 0x03, 0x25, 0x03, 0x08, 0x03, 0x25, 0x03, 0x05, 0x08, 0x03,
    0x15, 0x38, 0x39, 0x17, 0x21, 0x13, 0x16, 0x0f, 0x4b, 0x0b, 0x94, 0x33, 0x0e, 0x0f, 0x03, 0x02,
    0x06, 0x08, 0x05, 0x02, 0x03, 0x01, 0x03, 0x06, 0x05, 0x01, 0x11, 0x17, 0x10, 0x02, 0x02, 0x05,
    0x20, 0x01, 0x0e, 0x04, 0x06, 0x07, 0x06, 0xaa, 0x01, 0x05, 0x08, 0x05, 0x03, 0x16, 0x5e, 0x07,
    0x0b, 0x0b, 0x08, 0x5d, 0x08, 0x0b, 0x0b, 0x61, 0x0f, 0x0d, 0x34, 0x04, 0x05, 0x03, 0x03, 0x11,
    0x16, 0x11, 0x01, 0x06, 0x06, 0x02, 0x01, 0x02, 0x03, 0x06, 0x08, 0x05, 0x02, 0x03, 0x1a, 0x07,
    0x17, 0x08, 0x06, 0x06, 0x06, 0x08, 0x02, 0x09, 0x1a, 0x24, 0x19, 0x03, 0x0a, 0x03, 0x08, 0x05,
    0x01, 0x06, 0x64, 0x01, 0x19, 0x23, 0x19, 0x06, 0x19, 0x04, 0x05, 0x05, 0x04, 0x5e, 0x04, 0x05,
    0x03, 0x03, 0x06, 0x41, 0x0e, 0x13, 0x0e, 0x0e, 0x13, 0x0e, 0x25, 0x0b, 0x11, 0x06, 0x08, 0x05,
    0x06, 0x03, 0x22, 0x15, 0x03, 0x05, 0x08, 0x03, 0x25, 0x03, 0x03, 0x25, 0x03, 0x08, 0x05, 0x03,
    0x15, 0x00, 0x00, 0x00, 0x00, 0x05, 0x00, 0x00, 0x00, 0x00, 0x00, 0xf4, 0x01, 0x1a, 0x00, 0x15,
    0x00, 0x1f, 0x00, 0x30, 0x00, 0x4a, 0x00, 0x6a, 0x00, 0x00, 0x37, 0x36, 0x33, 0x32, 0x16, 0x14,
    0x06, 0x23, 0x22, 0x27, 0x0e, 0x01, 0x22, 0x26, 0x3d, 0x01, 0x34, 0x36, 0x32, 0x16, 0x1d, 0x01,
    0x17, 0x14, 0x16, 0x3e, 0x01, 0x34, 0x26, 0x22, 0x06, 0x15, 0x07, 0x33, 0x32, 0x16, 0x1d, 0x01,
    0x14, 0x06, 0x2b, 0x01, 0x22, 0x26, 0x3d, 0x01, 0x34, 0x36, 0x33, 0x17, 0x06, 0x22, 0x27, 0x26,
    0x34, 0x37, 0x36, 0x32, 0x16, 0x32, 0x36, 0x34, 0x27, 0x26, 0x0e, 0x01, 0x14, 0x16, 0x33, 0x32,
    0x37, 0x36, 0x34, 0x2e, 0x01, 0x27, 0x34, 0x36, 0x3b, 0x01, 0x32, 0x16, 0x14, 0x06, 0x2b, 0x01,
    0x22, 0x06, 0x1d, 0x01, 0x37, 0x36, 0x32, 0x16, 0x14, 0x0f, 0x01, 0x06, 0x22, 0x2f, 0x01, 0x26,
    0x34, 0x36, 0x32, 0x1f, 0x01, 0xbc, 0x08, 0x0a, 0x10, 0x16, 0x16, 0x10, 0x0a, 0x09, 0x01, 0x05,
    0x07, 0x05, 0x05, 0x08, 0x05, 0x01, 0x0a, 0x10, 0x0b, 0x0b, 0x10, 0x0b, 0x95, 0x5d, 0x08, 0x0b,
    0x0b, 0x08, 0x5d, 0x08, 0x0b, 0x0b, 0x07, 0x39, 0x03, 0x0e, 0x05, 0x06, 0x06, 0x05, 0x0e, 0x06,
    0x08, 0x05, 0x03, 0x0b, 0x1d, 0x14, 0x15, 0x10, 0x0d, 0x0a, 0x03, 0x05, 0x08, 0x16, 0x10, 0x0c,
    0x26, 0x04, 0x05, 0x05, 0x04, 0x26, 0x04, 0x05, 0x15, 0x03, 0x08, 0x05, 0x02, 0x26, 0x03, 0x08,
    0x02, 0x26, 0x02, 0x05, 0x08, 0x03, 0x15, 0xf7, 0x06, 0x19, 0x23, 0x18, 0x06, 0x03, 0x03, 0x05,
    0x04, 0x5e, 0x04, 0x05, 0x05, 0x04, 0x19, 0x24, 0x0a, 0x0e, 0x01, 0x0d, 0x14, 0x0d, 0x0d, 0x0a,
    0x50, 0x0b, 0x08, 0x5d, 0x08, 0x0b, 0x0b, 0x08, 0x5e, 0x07, 0x0b, 0x57, 0x03, 0x06, 0x07, 0x17,
    0x08, 0x06, 0x06, 0x06, 0x08, 0x02, 0x0a, 0x03, 0x18, 0x24, 0x1b, 0x09, 0x03, 0x08, 0x05, 0x01,
    0xa9, 0x0b, 0x11, 0x06, 0x08, 0x05, 0x06, 0x03, 0x22, 0x15, 0x03, 0x05, 0x08, 0x03, 0x25, 0x03,
    0x03, 0x25, 0x03, 0x08, 0x05, 0x03, 0x15, 0x00, 0x00, 0x01, 0x00, 0x00, 0x00, 0x00, 0x01, 0x07,
    0x00, 0xeb, 0x00, 0x20, 0x00, 0x00, 0x37, 0x16, 0x14, 0x0f, 0x01, 0x33, 0x32, 0x1e, 0x01, 0x15,
    0x14, 0x06, 0x22, 0x26, 0x35, 0x34, 0x2e, 0x01, 0x2b, 0x01, 0x17, 0x16, 0x14, 0x06, 0x22, 0x2f,
    0x01, 0x26, 0x34, 0x3f, 0x01, 0x36, 0x32, 0x77, 0x03, 0x03, 0x31, 0x59, 0x1c, 0x30, 0x1c, 0x06,
    0x08, 0x05, 0x17, 0x27, 0x17, 0x59, 0x31, 0x03, 0x06, 0x07, 0x03, 0x42, 0x03, 0x03, 0x42, 0x03,
    0x07, 0xe8, 0x03, 0x08, 0x03, 0x31, 0x1c, 0x2f, 0x1c, 0x04, 0x06, 0x06, 0x04, 0x17, 0x26, 0x17,
    0x32, 0x02, 0x08, 0x06, 0x03, 0x42, 0x02, 0x08, 0x03, 0x42, 0x02, 0x00, 0x00, 0x02, 0x00, 0x00,
    0xff, 0xfe, 0x00, 0xf4, 0x01, 0x2c, 0x00, 0x17, 0x00, 0x55, 0x00, 0x00, 0x37, 0x17, 0x35, 0x34,
    0x36, 0x32, 0x16, 0x1d, 0x01, 0x37, 0x36, 0x32, 0x16, 0x14, 0x0f, 0x01, 0x06, 0x22, 0x2f, 0x01,
    0x26, 0x34, 0x36, 0x32, 0x17, 0x32, 0x36, 0x3d, 0x01, 0x34, 0x26, 0x2b, 0x01, 0x15, 0x33, 0x1e,
    0x01, 0x1d, 0x01, 0x23, 0x35, 0x34, 0x36, 0x3b, 0x01, 0x35, 0x23, 0x22, 0x06, 0x1d, 0x01, 0x14,
    0x16, 0x33, 0x15, 0x14, 0x16, 0x3f, 0x01, 0x17, 0x16, 0x32, 0x37, 0x36, 0x3d, 0x01, 0x33, 0x32,
    0x36, 0x34, 0x26, 0x2b, 0x01, 0x35, 0x34, 0x26, 0x2b, 0x01, 0x22, 0x06, 0x1d, 0x01, 0x22, 0x26,
    0x3d, 0x01, 0x77, 0x16, 0x05, 0x08, 0x05, 0x16, 0x03, 0x07, 0x06, 0x03, 0x25, 0x03, 0x08, 0x03,
    0x25, 0x03, 0x06, 0x07, 0x76, 0x04, 0x06, 0x16, 0x10, 0x12, 0x12, 0x08, 0x0b, 0x96, 0x0b, 0x08,
    0x13, 0x13, 0x10, 0x16, 0x16, 0x10, 0x0b, 0x05, 0x0c, 0x0c, 0x03, 0x05, 0x02, 0x06, 0x54, 0x04,
    0x06, 0x06, 0x04, 0x54, 0x05, 0x04, 0x26, 0x04, 0x05, 0x08, 0x0b, 0xde, 0x15, 0x5a, 0x04, 0x05,
    0x05, 0x04, 0x5a, 0x15, 0x03, 0x06, 0x07, 0x03, 0x26, 0x02, 0x02, 0x26, 0x03, 0x07, 0x06, 0x96,
    0x05, 0x04, 0xa0, 0x0f, 0x16, 0x12, 0x01, 0x0a, 0x08, 0x96, 0x96, 0x08, 0x0b, 0x12, 0x16, 0x0f,
    0xbc, 0x0f, 0x16, 0x0a, 0x06, 0x05, 0x05, 0x0c, 0x0c, 0x03, 0x01, 0x02, 0x06, 0x0a, 0x05, 0x08,
    0x06, 0x09, 0x04, 0x05, 0x05, 0x04, 0x09, 0x0a, 0x08, 0x13, 0x00, 0x00, 0x00, 0x05, 0x00, 0x00,
    0x00, 0x00, 0x00, 0xf4, 0x01, 0x1a, 0x00, 0x0c, 0x00, 0x25, 0x00, 0x3d, 0x00, 0x4e, 0x00, 0x5a,
    0x00, 0x00, 0x37, 0x32, 0x36, 0x3d, 0x01, 0x34, 0x26, 0x22, 0x06, 0x1d, 0x01, 0x14, 0x16, 0x17,
    0x22, 0x2f, 0x01, 0x26, 0x34, 0x3e, 0x01, 0x1f, 0x01, 0x35, 0x34, 0x36, 0x32, 0x16, 0x1d, 0x01,
    0x37, 0x36, 0x32, 0x16, 0x14, 0x0f, 0x01, 0x06, 0x17, 0x33, 0x32, 0x16, 0x14, 0x06, 0x2b, 0x01,
    0x0e, 0x01, 0x22, 0x26, 0x27, 0x23, 0x22, 0x26, 0x34, 0x36, 0x3b, 0x01, 0x3e, 0x01, 0x32, 0x16,
    0x07, 0x32, 0x36, 0x37, 0x36, 0x34, 0x27, 0x2e, 0x01, 0x22, 0x06, 0x07, 0x06, 0x14, 0x17, 0x1e,
    0x01, 0x37, 0x14, 0x06, 0x22, 0x26, 0x3d, 0x01, 0x34, 0x36, 0x32, 0x16, 0x15, 0x8d, 0x04, 0x05,
    0x05, 0x08, 0x06, 0x06, 0x04, 0x04, 0x03, 0x38, 0x03, 0x05, 0x08, 0x03, 0x28, 0x06, 0x08, 0x05,
    0x28, 0x03, 0x08, 0x05, 0x03, 0x38, 0x02, 0x2a, 0x2f, 0x04, 0x06, 0x06, 0x04, 0x2f, 0x04, 0x1a,
    0x21, 0x1a, 0x03, 0x30, 0x04, 0x05, 0x05, 0x04, 0x30, 0x03, 0x1a, 0x21, 0x1a, 0x2a, 0x09, 0x0e,
    0x03, 0x02, 0x02, 0x03, 0x0e, 0x12, 0x0f, 0x03, 0x01, 0x01, 0x03, 0x0f, 0x12, 0x05, 0x08, 0x06,
    0x06, 0x08, 0x05, 0xf4, 0x05, 0x04, 0x13, 0x04, 0x05, 0x05, 0x04, 0x13, 0x04, 0x05, 0x83, 0x02,
    0x39, 0x02, 0x08, 0x05, 0x01, 0x03, 0x28, 0x0e, 0x04, 0x06, 0x06, 0x04, 0x0e, 0x28, 0x03, 0x06,
    0x08, 0x02, 0x39, 0x02, 0x39, 0x05, 0x08, 0x05, 0x11, 0x15, 0x15, 0x11, 0x05, 0x08, 0x05, 0x10,
    0x16, 0x16, 0x35, 0x0a, 0x09, 0x04, 0x0a, 0x04, 0x09, 0x0a, 0x0a, 0x09, 0x04, 0x0a, 0x04, 0x09,
    0x0a, 0xb2, 0x04, 0x05, 0x05, 0x04, 0x13, 0x04, 0x05, 0x05, 0x04, 0x00, 0x00, 0x03, 0x00, 0x00,
    0x00, 0x00, 0x00, 0xf4, 0x01, 0x1a, 0x00, 0x28, 0x00, 0x40, 0x00, 0x51, 0x00, 0x00, 0x37, 0x26,
    0x34, 0x3f, 0x01, 0x35, 0x07, 0x06, 0x22, 0x26, 0x34, 0x3f, 0x01, 0x36, 0x32, 0x1f, 0x01, 0x16,
    0x14, 0x06, 0x22, 0x2f, 0x01, 0x15, 0x17, 0x16, 0x14, 0x06, 0x22, 0x2f, 0x01, 0x15, 0x14, 0x06,
    0x22, 0x26, 0x3d, 0x01, 0x07, 0x06, 0x22, 0x17, 0x33, 0x32, 0x16, 0x14, 0x06, 0x2b, 0x01, 0x0e,
    0x01, 0x22, 0x26, 0x27, 0x23, 0x22, 0x26, 0x34, 0x36, 0x3b, 0x01, 0x3e, 0x01, 0x32, 0x16, 0x07,
    0x32, 0x36, 0x37, 0x36, 0x34, 0x27, 0x2e, 0x01, 0x22, 0x06, 0x07, 0x06, 0x14, 0x17, 0x1e, 0x01,
    0x4e, 0x03, 0x03, 0x35, 0x28, 0x03, 0x08, 0x05, 0x03, 0x38, 0x03, 0x07, 0x03, 0x38, 0x03, 0x05,
    0x08, 0x03, 0x28, 0x35, 0x03, 0x05, 0x08, 0x03, 0x28, 0x05, 0x08, 0x06, 0x28, 0x03, 0x08, 0x6b,
    0x2f, 0x04, 0x06, 0x06, 0x04, 0x2f, 0x04, 0x1a, 0x21, 0x1a, 0x03, 0x30, 0x04, 0x05, 0x05, 0x04,
    0x30, 0x03, 0x1a, 0x21, 0x1a, 0x2a, 0x09, 0x0e, 0x03, 0x02, 0x02, 0x03, 0x0e, 0x12, 0x0f, 0x03,
    0x01, 0x01, 0x03, 0x0f, 0x99, 0x02, 0x08, 0x03, 0x36, 0x1d, 0x28, 0x03, 0x06, 0x08, 0x02, 0x38,
    0x03, 0x03, 0x38, 0x02, 0x08, 0x06, 0x03, 0x28, 0x1d, 0x36, 0x03, 0x08, 0x05, 0x03, 0x28, 0x47,
    0x04, 0x06, 0x06, 0x04, 0x47, 0x28, 0x03, 0x5e, 0x05, 0x08, 0x05, 0x11, 0x15, 0x15, 0x11, 0x05,
    0x08, 0x05, 0x10, 0x16, 0x16, 0x35, 0x0a, 0x09, 0x04, 0x0a, 0x04, 0x09, 0x0a, 0x0a, 0x09, 0x04,
    0x0a, 0x04, 0x09, 0x0a, 0x00, 0x04, 0x00, 0x00, 0x00, 0x00, 0x01, 0x07, 0x01, 0x1a, 0x00, 0x35,
    0x00, 0x3e, 0x00, 0x47, 0x00, 0x50, 0x00, 0x00, 0x37, 0x14, 0x06, 0x07, 0x15, 0x14, 0x16, 0x3b,
    0x01, 0x32, 0x36, 0x3d, 0x01, 0x2e, 0x01, 0x35, 0x34, 0x36, 0x32, 0x16, 0x15, 0x16, 0x06, 0x07,
    0x15, 0x14, 0x06, 0x2b, 0x01, 0x15, 0x1e, 0x01, 0x15, 0x14, 0x06, 0x22, 0x26, 0x35, 0x34, 0x36,
    0x37, 0x35, 0x23, 0x22, 0x26, 0x3d, 0x01, 0x2e, 0x01, 0x35, 0x3e, 0x01, 0x32, 0x16, 0x27, 0x22,
    0x06, 0x14, 0x16, 0x32, 0x36, 0x34, 0x26, 0x17, 0x22, 0x06, 0x14, 0x16, 0x32, 0x36, 0x34, 0x26,
    0x37, 0x14, 0x06, 0x22, 0x26, 0x34, 0x36, 0x32, 0x16, 0x83, 0x15, 0x10, 0x10, 0x0c, 0x38, 0x0c,
    0x10, 0x10, 0x15, 0x1b, 0x27, 0x1b, 0x01, 0x16, 0x10, 0x1b, 0x14, 0x13, 0x11, 0x15, 0x1c, 0x26,
    0x1c, 0x15, 0x11, 0x13, 0x14, 0x1b, 0x10, 0x16, 0x01, 0x1b, 0x27, 0x1b, 0x2f, 0x0b, 0x11, 0x11,
    0x17, 0x11, 0x11, 0x36, 0x0c, 0x10, 0x10, 0x18, 0x10, 0x10, 0x52, 0x11, 0x17, 0x10, 0x10, 0x17,
    0x11, 0xea, 0x10, 0x1a, 0x04, 0x0a, 0x0c, 0x10, 0x10, 0x0c, 0x0a, 0x04, 0x1a, 0x10, 0x14, 0x1b,
    0x1b, 0x14, 0x10, 0x1a, 0x04, 0x0a, 0x13, 0x1c, 0x13, 0x04, 0x1a, 0x10, 0x14, 0x1b, 0x1b, 0x14,
    0x10, 0x1a, 0x04, 0x13, 0x1c, 0x13, 0x0a, 0x04, 0x1a, 0x10, 0x14, 0x1b, 0x1b, 0x09, 0x11, 0x17,
    0x11, 0x11, 0x17, 0x11, 0xa9, 0x11, 0x17, 0x10, 0x10, 0x17, 0x11, 0x8c, 0x0b, 0x11, 0x11, 0x17,
    0x11, 0x11, 0x00, 0x00, 0x00, 0x02, 0x00, 0x00, 0xff, 0xfe, 0x01, 0x2d, 0x01, 0x2d, 0x00, 0x36,
    0x00, 0x58, 0x00, 0x00, 0x37, 0x36, 0x37, 0x15, 0x14, 0x06, 0x2b, 0x01, 0x15, 0x14, 0x16, 0x33,
    0x35, 0x34, 0x36, 0x3b, 0x01, 0x32, 0x16, 0x1d, 0x01, 0x33, 0x1e, 0x01, 0x14, 0x06, 0x2b, 0x01,
    0x15, 0x14, 0x07, 0x06, 0x22, 0x2f, 0x01, 0x07, 0x06, 0x26, 0x3d, 0x01, 0x22, 0x26, 0x3d, 0x01,
    0x34, 0x36, 0x3b, 0x01, 0x07, 0x23, 0x0e, 0x01, 0x1d, 0x01, 0x33, 0x37, 0x27, 0x26, 0x23, 0x22,
    0x06, 0x0f, 0x01, 0x06, 0x0f, 0x01, 0x0e, 0x01, 0x14, 0x1f, 0x01, 0x07, 0x15, 0x33, 0x37, 0x17,
    0x16, 0x32, 0x36, 0x3f, 0x01, 0x36, 0x3f, 0x01, 0x3e, 0x01, 0x35, 0x34, 0x27, 0xe1, 0x0b, 0x08,
    0x06, 0x04, 0x9f, 0x0b, 0x08, 0x05, 0x04, 0x26, 0x04, 0x05, 0x54, 0x04, 0x06, 0x06, 0x04, 0x54,
    0x06, 0x02, 0x05, 0x03, 0x0c, 0x0c, 0x05, 0x0b, 0x10, 0x16, 0x16, 0x10, 0x5e, 0x09, 0x55, 0x08,
    0x0b, 0x96, 0x43, 0x24, 0x09, 0x0b, 0x08, 0x0e, 0x04, 0x0f, 0x03, 0x08, 0x14, 0x06, 0x07, 0x05,
    0x12, 0x18, 0x0d, 0x19, 0x11, 0x06, 0x0e, 0x09, 0x02, 0x08, 0x02, 0x07, 0x1f, 0x08, 0x08, 0x08,
    0x85, 0x02, 0x07, 0x3a, 0x04, 0x05, 0x13, 0x08, 0x0a, 0x09, 0x04, 0x05, 0x05, 0x04, 0x09, 0x01,
    0x05, 0x08, 0x05, 0x0a, 0x06, 0x02, 0x01, 0x03, 0x0c, 0x0c, 0x05, 0x05, 0x06, 0x0a, 0x16, 0x0f,
    0xbc, 0x0f, 0x16, 0x12, 0x01, 0x0a, 0x08, 0x96, 0xa2, 0x24, 0x08, 0x08, 0x08, 0x1f, 0x07, 0x02,
    0x08, 0x02, 0x09, 0x0e, 0x06, 0x11, 0x19, 0x0d, 0x18, 0x12, 0x05, 0x07, 0x06, 0x14, 0x08, 0x03,
    0x0f, 0x04, 0x0e, 0x08, 0x0b, 0x08, 0x00, 0x00, 0x00, 0x03, 0x00, 0x00, 0x00, 0x00, 0x00, 0xf4,
    0x01, 0x1a, 0x00, 0x17, 0x00, 0x2f, 0x00, 0x3f, 0x00, 0x00, 0x37, 0x2e, 0x01, 0x06, 0x14, 0x1f,
    0x01, 0x16, 0x32, 0x3f, 0x01, 0x36, 0x34, 0x26, 0x22, 0x0f, 0x01, 0x35, 0x34, 0x26, 0x22, 0x06,
    0x1d, 0x01, 0x17, 0x33, 0x32, 0x16, 0x14, 0x06, 0x2b, 0x01, 0x0e, 0x01, 0x22, 0x26, 0x27, 0x23,
    0x22, 0x26, 0x34, 0x36, 0x3b, 0x01, 0x3e, 0x01, 0x32, 0x16, 0x07, 0x1e, 0x01, 0x32, 0x36, 0x37,
    0x36, 0x34, 0x27, 0x2e, 0x01, 0x22, 0x06, 0x07, 0x06, 0x14, 0x5b, 0x03, 0x08, 0x05, 0x03, 0x38,
    0x03, 0x08, 0x02, 0x38, 0x03, 0x05, 0x08, 0x03, 0x28, 0x05, 0x08, 0x06, 0x38, 0x2f, 0x04, 0x06,
    0x06, 0x04, 0x2f, 0x04, 0x1a, 0x21, 0x1a, 0x03, 0x30, 0x04, 0x05, 0x05, 0x04, 0x30, 0x03, 0x1a,
    0x21, 0x1a, 0x45, 0x03, 0x0f, 0x12, 0x0e, 0x03, 0x02, 0x02, 0x03, 0x0e, 0x12, 0x0f, 0x03, 0x01,
    0xb9, 0x02, 0x01, 0x06, 0x08, 0x02, 0x39, 0x02, 0x02, 0x39, 0x02, 0x08, 0x06, 0x03, 0x28, 0x7f,
    0x04, 0x05, 0x05, 0x04, 0x7f, 0x59, 0x05, 0x08, 0x05, 0x11, 0x15, 0x15, 0x11, 0x05, 0x08, 0x05,
    0x10, 0x16, 0x16, 0x22, 0x09, 0x0a, 0x0a, 0x09, 0x04, 0x0a, 0x04, 0x09, 0x0a, 0x0a, 0x09, 0x04,
    0x0a, 0x00, 0x00, 0x00, 0x00, 0x03, 0x00, 0x00, 0x00, 0x00, 0x00, 0xf4, 0x01, 0x1a, 0x00, 0x17,
    0x00, 0x2f, 0x00, 0x3f, 0x00, 0x00, 0x37, 0x06, 0x22, 0x26, 0x34, 0x3f, 0x01, 0x36, 0x32, 0x1f,
    0x01, 0x16, 0x14, 0x06, 0x22, 0x2f, 0x01, 0x15, 0x14, 0x06, 0x22, 0x26, 0x3d, 0x01, 0x17, 0x33,
    0x32, 0x16, 0x14, 0x06, 0x2b, 0x01, 0x0e, 0x01, 0x22, 0x26, 0x27, 0x23, 0x22, 0x26, 0x34, 0x36,
    0x3b, 0x01, 0x3e, 0x01, 0x32, 0x16, 0x07, 0x1e, 0x01, 0x32, 0x36, 0x37, 0x36, 0x34, 0x27, 0x2e,
    0x01, 0x22, 0x06, 0x07, 0x06, 0x14, 0x5b, 0x03, 0x08, 0x05, 0x03, 0x38, 0x03, 0x08, 0x02, 0x38,
    0x03, 0x05, 0x08, 0x03, 0x28, 0x05, 0x08, 0x06, 0x38, 0x2f, 0x04, 0x06, 0x06, 0x04, 0x2f, 0x04,
    0x1a, 0x21, 0x1a, 0x03, 0x30, 0x04, 0x05, 0x05, 0x04, 0x30, 0x03, 0x1a, 0x21, 0x1a, 0x45, 0x03,
    0x0f, 0x12, 0x0e, 0x03, 0x02, 0x02, 0x03, 0x0e, 0x12, 0x0f, 0x03, 0x01, 0xd1, 0x03, 0x06, 0x08,
    0x02, 0x38, 0x03, 0x03, 0x38, 0x02, 0x08, 0x06, 0x03, 0x28, 0x7f, 0x04, 0x05, 0x05, 0x04, 0x7f,
    0xc1, 0x05, 0x08, 0x05, 0x11, 0x15, 0x15, 0x11, 0x05, 0x08, 0x05, 0x10, 0x16, 0x16, 0x22, 0x09,
    0x0a, 0x0a, 0x09, 0x04, 0x0a, 0x04, 0x09, 0x0a, 0x0a, 0x09, 0x04, 0x0a, 0x00, 0x02, 0x00, 0x00,
    0xff, 0xfe, 0x00, 0xf4, 0x01, 0x1a, 0x00, 0x2f, 0x00, 0x42, 0x00, 0x00, 0x37, 0x32, 0x36, 0x3d,
    0x01, 0x34, 0x26, 0x2b, 0x01, 0x22, 0x06, 0x1d, 0x01, 0x14, 0x16, 0x33, 0x15, 0x14, 0x16, 0x3f,
    0x01, 0x17, 0x16, 0x32, 0x37, 0x36, 0x3d, 0x01, 0x33, 0x32, 0x36, 0x34, 0x26, 0x2b, 0x01, 0x35,
    0x34, 0x26, 0x2b, 0x01, 0x22, 0x06, 0x1d, 0x01, 0x22, 0x26, 0x3d, 0x01, 0x37, 0x36, 0x32, 0x1f,
    0x01, 0x37, 0x36, 0x32, 0x16, 0x14, 0x0f, 0x01, 0x06, 0x22, 0x2f, 0x01, 0x26, 0x34, 0x37, 0xea,
    0x04, 0x06, 0x16, 0x10, 0x70, 0x10, 0x16, 0x16, 0x10, 0x0b, 0x05, 0x0c, 0x0c, 0x03, 0x05, 0x02,
    0x06, 0x54, 0x04, 0x06, 0x06, 0x04, 0x54, 0x05, 0x04, 0x26, 0x04, 0x05, 0x08, 0x0b, 0x1f, 0x03,
    0x07, 0x03, 0x16, 0x31, 0x03, 0x08, 0x05, 0x03, 0x38, 0x03, 0x07, 0x03, 0x1c, 0x03, 0x03, 0x4b,
    0x05, 0x04, 0xa0, 0x0f, 0x16, 0x16, 0x0f, 0xbc, 0x0f, 0x16, 0x0a, 0x06, 0x05, 0x05, 0x0c, 0x0c,
    0x03, 0x01, 0x02, 0x06, 0x0a, 0x05, 0x08, 0x06, 0x09, 0x04, 0x05, 0x05, 0x04, 0x09, 0x0a, 0x08,
    0x13, 0x77, 0x03, 0x03, 0x15, 0x31, 0x03, 0x05, 0x08, 0x03, 0x38, 0x03, 0x03, 0x1c, 0x03, 0x07,
    0x03, 0x00, 0x00, 0x00, 0x00, 0x02, 0x00, 0x00, 0xff, 0xfe, 0x00, 0xf4, 0x01, 0x1a, 0x00, 0x2f,
    0x00, 0x39, 0x00, 0x00, 0x37, 0x32, 0x36, 0x3d, 0x01, 0x34, 0x26, 0x2b, 0x01, 0x22, 0x06, 0x1d,
    0x01, 0x14, 0x16, 0x33, 0x15, 0x14, 0x16, 0x3f, 0x01, 0x17, 0x16, 0x32, 0x37, 0x36, 0x3d, 0x01,
    0x33, 0x32, 0x36, 0x34, 0x26, 0x2b, 0x01, 0x35, 0x34, 0x26, 0x2b, 0x01, 0x22, 0x06, 0x1d, 0x01,
    0x22, 0x26, 0x3d, 0x02, 0x34, 0x36, 0x3b, 0x01, 0x1e, 0x01, 0x1d, 0x01, 0x23, 0xea, 0x04, 0x06,
    0x16, 0x10, 0x70, 0x10, 0x16, 0x16, 0x10, 0x0b, 0x05, 0x0c, 0x0c, 0x03, 0x05, 0x02, 0x06, 0x54,
    0x04, 0x06, 0x06, 0x04, 0x54, 0x05, 0x04, 0x26, 0x04, 0x05, 0x08, 0x0b, 0x0b, 0x08, 0x70, 0x08,
    0x0b, 0x96, 0x4b, 0x05, 0x04, 0xa0, 0x0f, 0x16, 0x16, 0x0f, 0xbc, 0x0f, 0x16, 0x0a, 0x06, 0x05,
    0x05, 0x0c, 0x0c, 0x03, 0x01, 0x02, 0x06, 0x0a, 0x05, 0x08, 0x06, 0x09, 0x04, 0x05, 0x05, 0x04,
    0x09, 0x0a, 0x08, 0x13, 0xa9, 0x08, 0x0b, 0x01, 0x0a, 0x08, 0x96, 0x00, 0x00, 0x04, 0x00, 0x00,
    0x00, 0x00, 0x01, 0x1a, 0x01, 0x07, 0x00, 0x17, 0x00, 0x2b, 0x00, 0x38, 0x00, 0x41, 0x00, 0x00,
    0x13, 0x23, 0x22, 0x06, 0x1d, 0x01, 0x14, 0x16, 0x3b, 0x01, 0x15, 0x14, 0x1e, 0x01, 0x3f, 0x01,
    0x33, 0x32, 0x36, 0x3d, 0x01, 0x34, 0x26, 0x23, 0x17, 0x14, 0x06, 0x2b, 0x01, 0x07, 0x35, 0x23,
    0x22, 0x26, 0x3d, 0x01, 0x3e, 0x01, 0x3b, 0x01, 0x32, 0x16, 0x07, 0x15, 0x27, 0x3d, 0x01, 0x34,
    0x36, 0x32, 0x16, 0x1d, 0x01, 0x14, 0x06, 0x22, 0x26, 0x17, 0x14, 0x06, 0x22, 0x26, 0x34, 0x36,
    0x32, 0x16, 0xea, 0xa8, 0x14, 0x1b, 0x1b, 0x14, 0x09, 0x0a, 0x0f, 0x05, 0x3a, 0x47, 0x14, 0x1b,
    0x1b, 0x14, 0x1d, 0x11, 0x0c, 0x4e, 0x3e, 0x1c, 0x0c, 0x11, 0x01, 0x10, 0x0c, 0xa8, 0x0c, 0x11,
    0x01, 0x79, 0x06, 0x06, 0x06, 0x06, 0x06, 0x06, 0x17, 0x08, 0x0c, 0x08, 0x08, 0x0c, 0x08, 0x01,
    0x06, 0x1b, 0x13, 0x5e, 0x14, 0x1b, 0x24, 0x08, 0x0a, 0x01, 0x05, 0x32, 0x1b, 0x14, 0x5e, 0x13,
    0x1c, 0x8d, 0x0c, 0x10, 0x37, 0x37, 0x10, 0x0c, 0x5e, 0x0b, 0x11, 0x11, 0x0b, 0x5e, 0x2d, 0x02,
    0x30, 0x04, 0x04, 0x04, 0x04, 0x32, 0x03, 0x05, 0x05, 0x25, 0x06, 0x08, 0x08, 0x0b, 0x09, 0x09,
    0x00, 0x06, 0x00, 0x00, 0x00, 0x00, 0x00, 0xfe, 0x01, 0x1a, 0x00, 0x13, 0x00, 0x27, 0x00, 0x3f,
    0x00, 0x4f, 0x00, 0x58, 0x00, 0x61, 0x00, 0x00, 0x37, 0x23, 0x22, 0x06, 0x1d, 0x01, 0x14, 0x17,
    0x16, 0x17, 0x16, 0x32, 0x37, 0x36, 0x37, 0x36, 0x3d, 0x01, 0x34, 0x26, 0x07, 0x14, 0x07, 0x06,
    0x07, 0x06, 0x22, 0x27, 0x26, 0x27, 0x26, 0x3d, 0x01, 0x34, 0x36, 0x3b, 0x01, 0x32, 0x16, 0x15,
    0x27, 0x33, 0x32, 0x36, 0x3d, 0x01, 0x34, 0x26, 0x2b, 0x01, 0x35, 0x34, 0x26, 0x22, 0x06, 0x1d,
    0x01, 0x23, 0x22, 0x06, 0x1d, 0x01, 0x14, 0x16, 0x37, 0x34, 0x36, 0x3b, 0x01, 0x32, 0x16, 0x1d,
    0x01, 0x14, 0x06, 0x2b, 0x01, 0x22, 0x26, 0x35, 0x37, 0x34, 0x36, 0x32, 0x16, 0x14, 0x06, 0x22,
    0x26, 0x37, 0x34, 0x36, 0x32, 0x16, 0x14, 0x06, 0x22, 0x26, 0xe1, 0x96, 0x0c, 0x10, 0x04, 0x08,
    0x13, 0x1b, 0x5a, 0x1b, 0x13, 0x08, 0x04, 0x10, 0x03, 0x03, 0x07, 0x10, 0x15, 0x4a, 0x15, 0x10,
    0x07, 0x03, 0x05, 0x04, 0x96, 0x04, 0x05, 0x83, 0x5e, 0x0c, 0x10, 0x10, 0x0c, 0x26, 0x05, 0x08,
    0x05, 0x26, 0x0c, 0x10, 0x10, 0x03, 0x05, 0x04, 0x5e, 0x04, 0x05, 0x05, 0x04, 0x5e, 0x04, 0x05,
    0x0e, 0x08, 0x0c, 0x08, 0x08, 0x0c, 0x08, 0x38, 0x08, 0x0c, 0x08, 0x08, 0x0c, 0x08, 0x83, 0x10,
    0x0c, 0x09, 0x07, 0x09, 0x10, 0x0a, 0x0e, 0x0e, 0x0a, 0x10, 0x09, 0x07, 0x09, 0x0c, 0x10, 0x25,
    0x05, 0x06, 0x0b, 0x06, 0x0a, 0x0a, 0x06, 0x0b, 0x06, 0x05, 0x09, 0x04, 0x06, 0x06, 0x04, 0x2f,
    0x10, 0x0c, 0x38, 0x0c, 0x11, 0x09, 0x04, 0x05, 0x05, 0x04, 0x09, 0x11, 0x0c, 0x38, 0x0c, 0x10,
    0x54, 0x04, 0x06, 0x06, 0x04, 0x38, 0x04, 0x05, 0x05, 0x04, 0x1c, 0x06, 0x08, 0x08, 0x0c, 0x08,
    0x08, 0x06, 0x06, 0x08, 0x08, 0x0c, 0x08, 0x08, 0x00, 0x0a, 0x00, 0x00, 0x00, 0x00, 0x01, 0x0a,
    0x01, 0x0a, 0x00, 0x08, 0x00, 0x11, 0x00, 0x3d, 0x00, 0x4e, 0x00, 0x53, 0x00, 0x58, 0x00, 0x5c,
    0x00, 0x68, 0x00, 0x75, 0x00, 0x81, 0x00, 0x00, 0x37, 0x36, 0x32, 0x16, 0x14, 0x06, 0x22, 0x26,
    0x34, 0x17, 0x26, 0x22, 0x06, 0x14, 0x16, 0x32, 0x36, 0x34, 0x37, 0x2e, 0x01, 0x27, 0x26, 0x06,
    0x0f, 0x01, 0x26, 0x06, 0x0f, 0x01, 0x06, 0x14, 0x1f, 0x01, 0x06, 0x16, 0x1f, 0x01, 0x07, 0x0e,
    0x01, 0x1f, 0x01, 0x16, 0x36, 0x3f, 0x01, 0x17, 0x1e, 0x01, 0x37, 0x17, 0x16, 0x32, 0x3f, 0x01,
    0x3e, 0x01, 0x27, 0x37, 0x3e, 0x01, 0x27, 0x16, 0x17, 0x16, 0x06, 0x0f, 0x01, 0x06, 0x22, 0x2f,
    0x01, 0x26, 0x34, 0x3f, 0x01, 0x3e, 0x01, 0x07, 0x16, 0x0f, 0x01, 0x2f, 0x01, 0x36, 0x17, 0x07,
    0x27, 0x17, 0x07, 0x27, 0x37, 0x07, 0x36, 0x34, 0x26, 0x22, 0x0f, 0x01, 0x06, 0x14, 0x16, 0x32,
    0x3f, 0x01, 0x16, 0x14, 0x0f, 0x01, 0x06, 0x22, 0x26, 0x34, 0x3f, 0x01, 0x36, 0x32, 0x17, 0x36,
    0x34, 0x26, 0x22, 0x0f, 0x01, 0x06, 0x14, 0x16, 0x32, 0x37, 0x9d, 0x09, 0x19, 0x12, 0x12, 0x19,
    0x12, 0x27, 0x04, 0x0a, 0x06, 0x07, 0x09, 0x07, 0x44, 0x02, 0x0d, 0x09, 0x18, 0x31, 0x12, 0x0c,
    0x0c, 0x1b, 0x0a, 0x0f, 0x02, 0x02, 0x10, 0x02, 0x04, 0x06, 0x03, 0x0f, 0x04, 0x01, 0x04, 0x27,
    0x04, 0x09, 0x02, 0x09, 0x03, 0x05, 0x0f, 0x07, 0x10, 0x02, 0x08, 0x03, 0x0f, 0x0a, 0x04, 0x05,
    0x0c, 0x12, 0x0c, 0x25, 0x09, 0x02, 0x06, 0x09, 0x0e, 0x35, 0x02, 0x08, 0x03, 0x35, 0x03, 0x03,
    0x34, 0x0f, 0x27, 0x01, 0x01, 0x09, 0x08, 0x06, 0x5c, 0x09, 0x0c, 0x16, 0x07, 0x28, 0x05, 0x17,
    0x08, 0x10, 0x03, 0x06, 0x08, 0x02, 0x19, 0x03, 0x06, 0x07, 0x03, 0x05, 0x03, 0x03, 0x0a, 0x03,
    0x07, 0x06, 0x03, 0x0a, 0x02, 0x08, 0x2b, 0x03, 0x06, 0x08, 0x02, 0x0a, 0x03, 0x05, 0x08, 0x03,
    0xc8, 0x09, 0x12, 0x19, 0x12, 0x12, 0x19, 0x05, 0x04, 0x07, 0x0a, 0x06, 0x06, 0x0a, 0x33, 0x09,
    0x0d, 0x02, 0x08, 0x0c, 0x12, 0x0c, 0x05, 0x05, 0x09, 0x0f, 0x03, 0x08, 0x02, 0x10, 0x07, 0x0f,
    0x05, 0x03, 0x09, 0x02, 0x0a, 0x03, 0x28, 0x03, 0x01, 0x04, 0x0f, 0x03, 0x06, 0x04, 0x02, 0x10,
    0x02, 0x02, 0x0f, 0x0a, 0x1b, 0x0c, 0x0c, 0x12, 0x31, 0x1e, 0x02, 0x09, 0x13, 0x28, 0x0e, 0x34,
    0x03, 0x03, 0x35, 0x03, 0x07, 0x03, 0x35, 0x0e, 0x09, 0x82, 0x0c, 0x09, 0x08, 0x07, 0x6b, 0x09,
    0x01, 0x16, 0x06, 0x56, 0x08, 0x17, 0x05, 0x31, 0x02, 0x08, 0x06, 0x03, 0x19, 0x03, 0x07, 0x06,
    0x03, 0x3a, 0x03, 0x08, 0x03, 0x09, 0x03, 0x05, 0x08, 0x03, 0x0a, 0x02, 0x37, 0x02, 0x08, 0x06,
    0x03, 0x0a, 0x03, 0x08, 0x05, 0x03, 0x00, 0x00, 0x00, 0x04, 0x00, 0x00, 0x00, 0x00, 0x01, 0x1b,
    0x01, 0x07, 0x00, 0x34, 0x00, 0x3e, 0x00, 0x4b, 0x00, 0x58, 0x00, 0x00, 0x37, 0x2e, 0x01, 0x2b,
    0x01, 0x27, 0x26, 0x07, 0x23, 0x26, 0x06, 0x1d, 0x01, 0x36, 0x37, 0x35, 0x34, 0x36, 0x3b, 0x01,
    0x32, 0x1f, 0x01, 0x16, 0x3b, 0x01, 0x32, 0x16, 0x17, 0x23, 0x07, 0x16, 0x17, 0x33, 0x32, 0x1e,
    0x01, 0x0f, 0x01, 0x0e, 0x01, 0x2b, 0x01, 0x06, 0x07, 0x33, 0x32, 0x36, 0x3f, 0x01, 0x36, 0x2e,
    0x01, 0x07, 0x16, 0x36, 0x34, 0x26, 0x22, 0x06, 0x14, 0x16, 0x33, 0x27, 0x34, 0x3e, 0x01, 0x32,
    0x1e, 0x01, 0x14, 0x0e, 0x01, 0x22, 0x2e, 0x01, 0x37, 0x14, 0x1e, 0x01, 0x32, 0x3e, 0x01, 0x34,
    0x2e, 0x01, 0x22, 0x0e, 0x01, 0xf3, 0x03, 0x1a, 0x11, 0x3e, 0x1d, 0x08, 0x0c, 0x14, 0x14, 0x1b,
    0x08, 0x0a, 0x11, 0x0c, 0x14, 0x04, 0x03, 0x20, 0x02, 0x04, 0x42, 0x09, 0x0e, 0x03, 0x77, 0x07,
    0x19, 0x15, 0x5b, 0x0b, 0x0f, 0x04, 0x05, 0x1e, 0x05, 0x11, 0x0b, 0x0c, 0x03, 0x05, 0x14, 0x10,
    0x1a, 0x07, 0x1e, 0x08, 0x04, 0x15, 0xae, 0x14, 0x1b, 0x1b, 0x27, 0x1c, 0x1c, 0x13, 0x54, 0x17,
    0x26, 0x2e, 0x27, 0x17, 0x17, 0x27, 0x2e, 0x26, 0x17, 0x13, 0x11, 0x1f, 0x23, 0x1e, 0x12, 0x12,
    0x1e, 0x23, 0x1f, 0x11, 0xbb, 0x10, 0x16, 0x1d, 0x09, 0x01, 0x01, 0x1c, 0x13, 0x34, 0x07, 0x05,
    0x28, 0x0b, 0x11, 0x03, 0x20, 0x03, 0x0a, 0x08, 0x01, 0x03, 0x0f, 0x0d, 0x14, 0x09, 0x34, 0x09,
    0x0a, 0x09, 0x09, 0x0f, 0x0d, 0x33, 0x0e, 0x1f, 0x16, 0x92, 0x01, 0x1c, 0x27, 0x1b, 0x1b, 0x27,
    0x1c, 0x2f, 0x17, 0x27, 0x17, 0x17, 0x27, 0x2e, 0x26, 0x17, 0x17, 0x26, 0x17, 0x11, 0x1f, 0x11,
    0x11, 0x1f, 0x23, 0x1e, 0x12, 0x12, 0x1e, 0x00, 0x00, 0x04, 0x00, 0x00, 0x00, 0x00, 0x01, 0x1a,
    0x01, 0x07, 0x00, 0x0c, 0x00, 0x19, 0x00, 0x22, 0x00, 0x4c, 0x00, 0x00, 0x37, 0x22, 0x0e, 0x01,
    0x14, 0x1e, 0x01, 0x32, 0x3e, 0x01, 0x34, 0x2e, 0x01, 0x07, 0x22, 0x2e, 0x01, 0x34, 0x3e, 0x01,
    0x32, 0x1e, 0x01, 0x14, 0x0e, 0x01, 0x37, 0x14, 0x06, 0x22, 0x26, 0x34, 0x36, 0x32, 0x16, 0x37,
    0x15, 0x14, 0x06, 0x2b, 0x01, 0x35, 0x33, 0x32, 0x36, 0x3d, 0x01, 0x36, 0x26, 0x2b, 0x01, 0x07,
    0x23, 0x32, 0x3f, 0x01, 0x27, 0x26, 0x2b, 0x01, 0x22, 0x06, 0x07, 0x15, 0x23, 0x35, 0x34, 0x36,
    0x3b, 0x01, 0x36, 0x1f, 0x01, 0x33, 0x32, 0x16, 0x15, 0x54, 0x17, 0x26, 0x17, 0x17, 0x26, 0x2e,
    0x27, 0x17, 0x17, 0x27, 0x17, 0x11, 0x1f, 0x11, 0x11, 0x1f, 0x23, 0x1e, 0x12, 0x12, 0x1e, 0x1d,
    0x1b, 0x27, 0x1c, 0x1c, 0x27, 0x1b, 0x96, 0x1b, 0x14, 0x2e, 0x2e, 0x0c, 0x10, 0x01, 0x11, 0x0c,
    0x50, 0x13, 0x1e, 0x04, 0x02, 0x1a, 0x1a, 0x02, 0x04, 0x27, 0x0c, 0x10, 0x01, 0x12, 0x1b, 0x14,
    0x27, 0x0b, 0x09, 0x1d, 0x50, 0x14, 0x1b, 0xa9, 0x17, 0x27, 0x2e, 0x26, 0x17, 0x17, 0x26, 0x2e,
    0x27, 0x17, 0x96, 0x11, 0x1f, 0x23, 0x1e, 0x12, 0x12, 0x1e, 0x23, 0x1f, 0x11, 0x41, 0x13, 0x1c,
    0x1c, 0x27, 0x1b, 0x1b, 0x4a, 0x5e, 0x13, 0x1c, 0x13, 0x11, 0x0b, 0x5e, 0x0c, 0x10, 0x12, 0x02,
    0x1a, 0x19, 0x03, 0x11, 0x0b, 0x1c, 0x1c, 0x13, 0x1b, 0x01, 0x09, 0x1d, 0x1b, 0x14, 0x00, 0x00,
    0x00, 0x05, 0x00, 0x00, 0x00, 0x00, 0x01, 0x07, 0x01, 0x07, 0x00, 0x0f, 0x00, 0x1f, 0x00, 0x28,
    0x00, 0x39, 0x00, 0x4b, 0x00, 0x00, 0x37, 0x34, 0x36, 0x3b, 0x01, 0x36, 0x16, 0x1d, 0x01, 0x16,
    0x06, 0x2b, 0x01, 0x22, 0x26, 0x35, 0x37, 0x22, 0x06, 0x07, 0x15, 0x1e, 0x01, 0x3b, 0x01, 0x3e,
    0x01, 0x3d, 0x01, 0x34, 0x26, 0x23, 0x07, 0x32, 0x36, 0x34, 0x26, 0x22, 0x06, 0x14, 0x16, 0x37,
    0x34, 0x2e, 0x01, 0x23, 0x22, 0x06, 0x14, 0x16, 0x33, 0x32, 0x16, 0x15, 0x14, 0x16, 0x32, 0x36,
    0x37, 0x34, 0x2e, 0x01, 0x23, 0x22, 0x06, 0x14, 0x16, 0x33, 0x32, 0x1e, 0x01, 0x15, 0x14, 0x16,
    0x32, 0x36, 0x13, 0x1b, 0x14, 0x96, 0x13, 0x1b, 0x01, 0x1c, 0x13, 0x96, 0x14, 0x1b, 0x2f, 0x0c,
    0x10, 0x01, 0x01, 0x10, 0x0c, 0x96, 0x0b, 0x11, 0x11, 0x0b, 0x84, 0x06, 0x08, 0x08, 0x0b, 0x09,
    0x09, 0x47, 0x12, 0x1e, 0x12, 0x04, 0x05, 0x05, 0x04, 0x14, 0x1b, 0x06, 0x08, 0x05, 0x38, 0x21,
    0x38, 0x21, 0x04, 0x05, 0x05, 0x04, 0x1c, 0x30, 0x1c, 0x05, 0x08, 0x05, 0xd8, 0x13, 0x1b, 0x01,
    0x1c, 0x13, 0x96, 0x14, 0x1b, 0x1b, 0x14, 0xb2, 0x11, 0x0b, 0x96, 0x0c, 0x11, 0x01, 0x10, 0x0c,
    0x96, 0x0b, 0x11, 0xae, 0x09, 0x0b, 0x08, 0x08, 0x0b, 0x09, 0x0e, 0x12, 0x1e, 0x12, 0x05, 0x08,
    0x06, 0x1b, 0x14, 0x04, 0x05, 0x05, 0x04, 0x21, 0x38, 0x21, 0x05, 0x08, 0x05, 0x1c, 0x30, 0x1c,
    0x04, 0x05, 0x05, 0x00, 0x00, 0x07, 0x00, 0x00, 0x00, 0x00, 0x01, 0x1b, 0x01, 0x07, 0x00, 0x10,
    0x00, 0x14, 0x00, 0x17, 0x00, 0x1a, 0x00, 0x1d, 0x00, 0x21, 0x00, 0x25, 0x00, 0x00, 0x13, 0x22,
    0x0f, 0x01, 0x06, 0x1f, 0x01, 0x16, 0x32, 0x3f, 0x01, 0x36, 0x2f, 0x01, 0x26, 0x07, 0x23, 0x07,
    0x37, 0x33, 0x0f, 0x01, 0x33, 0x17, 0x27, 0x33, 0x07, 0x37, 0x33, 0x07, 0x37, 0x23, 0x27, 0x33,
    0x07, 0x23, 0x37, 0x33, 0x42, 0x06, 0x03, 0x25, 0x03, 0x04, 0x7a, 0x03, 0x08, 0x03, 0x7a, 0x04,
    0x03, 0x25, 0x03, 0x06, 0xa8, 0x17, 0x1c, 0x27, 0x0e, 0x30, 0x30, 0x1e, 0x0a, 0x44, 0x22, 0x36,
    0x30, 0x4e, 0x53, 0x35, 0x0e, 0x27, 0x2c, 0x46, 0x0e, 0x2a, 0x01, 0x07, 0x06, 0x4b, 0x05, 0x05,
    0x96, 0x03, 0x03, 0x96, 0x05, 0x05, 0x4b, 0x06, 0x01, 0x4a, 0x38, 0x38, 0x13, 0x61, 0x61, 0x6d,
    0x6d, 0x61, 0x74, 0x38, 0x38, 0x38, 0x00, 0x00, 0x00, 0x02, 0x00, 0x00, 0x00, 0x00, 0x01, 0x2d,
    0x01, 0x09, 0x00, 0x18, 0x00, 0x33, 0x00, 0x00, 0x25, 0x06, 0x22, 0x2f, 0x01, 0x15, 0x14, 0x06,
    0x22, 0x26, 0x3d, 0x01, 0x07, 0x06, 0x22, 0x26, 0x34, 0x3f, 0x01, 0x36, 0x32, 0x1f, 0x01, 0x16,
    0x14, 0x07, 0x35, 0x34, 0x36, 0x1f, 0x01, 0x16, 0x15, 0x33, 0x34, 0x26, 0x2f, 0x01, 0x26, 0x0e,
    0x01, 0x1d, 0x01, 0x14, 0x1e, 0x01, 0x3f, 0x01, 0x35, 0x07, 0x06, 0x26, 0x01, 0x29, 0x03, 0x07,
    0x03, 0x15, 0x06, 0x08, 0x05, 0x16, 0x02, 0x08, 0x06, 0x03, 0x26, 0x02, 0x08, 0x03, 0x25, 0x03,
    0xe1, 0x09, 0x05, 0x96, 0x05, 0x13, 0x08, 0x07, 0x96, 0x09, 0x14, 0x0d, 0x0d, 0x14, 0x09, 0x5a,
    0x63, 0x05, 0x09, 0x4e, 0x03, 0x03, 0x15, 0x5a, 0x04, 0x05, 0x05, 0x04, 0x5a, 0x15, 0x03, 0x05,
    0x08, 0x03, 0x26, 0x02, 0x02, 0x26, 0x03, 0x08, 0x0e, 0xa8, 0x06, 0x05, 0x02, 0x55, 0x03, 0x05,
    0x07, 0x0e, 0x04, 0x54, 0x05, 0x04, 0x0f, 0x0b, 0xa8, 0x0b, 0x0f, 0x04, 0x05, 0x32, 0x16, 0x38,
    0x02, 0x05, 0x00, 0x00, 0x00, 0x05, 0x00, 0x00, 0x00, 0x00, 0x01, 0x07, 0x01, 0x07, 0x00, 0x0c,
    0x00, 0x1e, 0x00, 0x27, 0x00, 0x47, 0x00, 0x4f, 0x00, 0x00, 0x37, 0x32, 0x1e, 0x01, 0x14, 0x0e,
    0x01, 0x22, 0x2e, 0x01, 0x34, 0x3e, 0x01, 0x17, 0x26, 0x22, 0x0f, 0x01, 0x27, 0x26, 0x22, 0x06,
    0x14, 0x1f, 0x01, 0x16, 0x32, 0x3f, 0x01, 0x36, 0x34, 0x17, 0x14, 0x15, 0x14, 0x06, 0x0f, 0x01,
    0x36, 0x37, 0x27, 0x32, 0x1f, 0x01, 0x16, 0x17, 0x31, 0x16, 0x14, 0x06, 0x0f, 0x01, 0x26, 0x27,
    0x37, 0x3e, 0x01, 0x34, 0x26, 0x2f, 0x01, 0x26, 0x22, 0x06, 0x1d, 0x01, 0x06, 0x07, 0x35, 0x34,
    0x3e, 0x01, 0x07, 0x06, 0x07, 0x35, 0x34, 0x36, 0x37, 0x15, 0x54, 0x17, 0x27, 0x17, 0x17, 0x27,
    0x2e, 0x26, 0x17, 0x17, 0x26, 0x44, 0x03, 0x08, 0x03, 0x28, 0x15, 0x03, 0x08, 0x05, 0x02, 0x1c,
    0x03, 0x08, 0x03, 0x2f, 0x02, 0x5e, 0x08, 0x06, 0x20, 0x05, 0x02, 0x66, 0x07, 0x07, 0x96, 0x07,
    0x04, 0x03, 0x07, 0x07, 0x3d, 0x01, 0x02, 0x37, 0x02, 0x03, 0x03, 0x02, 0x96, 0x02, 0x07, 0x05,
    0x09, 0x0a, 0x08, 0x0d, 0x27, 0x0b, 0x08, 0x0a, 0x08, 0xa9, 0x17, 0x27, 0x2e, 0x26, 0x17, 0x17,
    0x26, 0x2e, 0x27, 0x17, 0x3b, 0x03, 0x03, 0x28, 0x15, 0x03, 0x06, 0x07, 0x03, 0x1c, 0x03, 0x03,
    0x2f, 0x02, 0x08, 0x10, 0x02, 0x03, 0x07, 0x0d, 0x04, 0x12, 0x0c, 0x0d, 0xc2, 0x04, 0x54, 0x04,
    0x07, 0x06, 0x0f, 0x0d, 0x04, 0x22, 0x09, 0x0a, 0x1f, 0x01, 0x05, 0x05, 0x04, 0x01, 0x55, 0x01,
    0x05, 0x04, 0x30, 0x01, 0x03, 0x34, 0x07, 0x0d, 0x07, 0x56, 0x05, 0x07, 0x07, 0x09, 0x0e, 0x03,
    0x15, 0x00, 0x00, 0x00, 0x00, 0x03, 0x00, 0x00, 0x00, 0x00, 0x01, 0x07, 0x01, 0x07, 0x00, 0x12,
    0x00, 0x24, 0x00, 0x3e, 0x00, 0x00, 0x37, 0x16, 0x33, 0x32, 0x3f, 0x01, 0x3e, 0x01, 0x34, 0x26,
    0x2f, 0x01, 0x26, 0x22, 0x0e, 0x01, 0x1d, 0x01, 0x14, 0x37, 0x36, 0x32, 0x1f, 0x01, 0x1e, 0x01,
    0x14, 0x06, 0x0f, 0x01, 0x06, 0x22, 0x2e, 0x01, 0x3d, 0x01, 0x34, 0x17, 0x37, 0x15, 0x14, 0x06,
    0x0f, 0x01, 0x06, 0x23, 0x22, 0x27, 0x26, 0x27, 0x2e, 0x01, 0x3d, 0x01, 0x34, 0x36, 0x37, 0x15,
    0x14, 0x1e, 0x01, 0x32, 0x37, 0x40, 0x09, 0x0b, 0x08, 0x06, 0x96, 0x07, 0x07, 0x07, 0x07, 0x96,
    0x07, 0x0e, 0x0d, 0x08, 0x16, 0x02, 0x07, 0x02, 0x96, 0x02, 0x03, 0x03, 0x02, 0x96, 0x02, 0x05,
    0x05, 0x02, 0x7f, 0x17, 0x08, 0x06, 0x5f, 0x0f, 0x11, 0x08, 0x09, 0x11, 0x0c, 0x0a, 0x09, 0x0a,
    0x09, 0x0c, 0x15, 0x19, 0x0b, 0x2e, 0x08, 0x03, 0x55, 0x03, 0x0d, 0x10, 0x0d, 0x04, 0x54, 0x03,
    0x07, 0x0d, 0x08, 0xa8, 0x0c, 0xbb, 0x03, 0x01, 0x55, 0x01, 0x04, 0x05, 0x05, 0x01, 0x54, 0x02,
    0x03, 0x04, 0x03, 0xa8, 0x04, 0xa0, 0x0d, 0x05, 0x07, 0x0e, 0x03, 0x36, 0x08, 0x03, 0x04, 0x0d,
    0x09, 0x18, 0x0d, 0x69, 0x08, 0x0f, 0x03, 0x83, 0x0d, 0x15, 0x0d, 0x06, 0x00, 0x02, 0x00, 0x00,
    0xff, 0xff, 0x01, 0x2c, 0x01, 0x09, 0x00, 0x23, 0x00, 0x3e, 0x00, 0x00, 0x25, 0x14, 0x06, 0x0f,
    0x01, 0x0e, 0x01, 0x22, 0x26, 0x2f, 0x01, 0x2e, 0x01, 0x34, 0x3e, 0x02, 0x32, 0x16, 0x1f, 0x01,
    0x35, 0x34, 0x36, 0x32, 0x16, 0x1d, 0x01, 0x37, 0x3e, 0x01, 0x32, 0x1e, 0x02, 0x15, 0x27, 0x07,
    0x06, 0x26, 0x3d, 0x01, 0x34, 0x36, 0x1f, 0x01, 0x16, 0x15, 0x33, 0x34, 0x26, 0x2f, 0x01, 0x26,
    0x0e, 0x01, 0x1d, 0x01, 0x14, 0x1e, 0x01, 0x3f, 0x01, 0x01, 0x2c, 0x01, 0x02, 0x25, 0x02, 0x03,
    0x04, 0x03, 0x01, 0x26, 0x01, 0x02, 0x02, 0x02, 0x04, 0x04, 0x03, 0x01, 0x16, 0x05, 0x08, 0x06,
    0x15, 0x01, 0x04, 0x04, 0x03, 0x03, 0x01, 0x4b, 0x88, 0x05, 0x09, 0x09, 0x05, 0x96, 0x05, 0x13,
    0x08, 0x07, 0x96, 0x09, 0x14, 0x0d, 0x0d, 0x14, 0x09, 0x7f, 0x2f, 0x02, 0x03, 0x02, 0x25, 0x02,
    0x01, 0x01, 0x02, 0x25, 0x02, 0x03, 0x04, 0x03, 0x03, 0x01, 0x01, 0x02, 0x15, 0x5a, 0x04, 0x05,
    0x05, 0x04, 0x5a, 0x15, 0x02, 0x01, 0x01, 0x03, 0x03, 0x02, 0x57, 0x4d, 0x02, 0x05, 0x06, 0xa8,
    0x06, 0x05, 0x02, 0x55, 0x03, 0x05, 0x07, 0x0e, 0x04, 0x54, 0x05, 0x04, 0x0f, 0x0b, 0xa8, 0x0b,
    0x0f, 0x04, 0x05, 0x47, 0x00, 0x03, 0x00, 0x00, 0x00, 0x00, 0x01, 0x07, 0x01, 0x07, 0x00, 0x0c,
    0x00, 0x1e, 0x00, 0x39, 0x00, 0x00, 0x37, 0x32, 0x1e, 0x01, 0x14, 0x0e, 0x01, 0x22, 0x2e, 0x01,
    0x34, 0x3e, 0x01, 0x17, 0x26, 0x22, 0x0f, 0x01, 0x27, 0x26, 0x22, 0x06, 0x14, 0x1f, 0x01, 0x16,
    0x32, 0x3f, 0x01, 0x36, 0x34, 0x27, 0x32, 0x1f, 0x01, 0x1e, 0x01, 0x14, 0x06, 0x0f, 0x01, 0x26,
    0x27, 0x37, 0x36, 0x34, 0x2f, 0x01, 0x26, 0x22, 0x06, 0x1d, 0x01, 0x06, 0x07, 0x35, 0x34, 0x36,
    0x54, 0x17, 0x27, 0x17, 0x17, 0x27, 0x2e, 0x26, 0x17, 0x17, 0x26, 0x44, 0x03, 0x08, 0x03, 0x28,
    0x15, 0x03, 0x08, 0x05, 0x02, 0x1c, 0x03, 0x08, 0x03, 0x2f, 0x02, 0x2f, 0x08, 0x06, 0x96, 0x07,
    0x08, 0x08, 0x07, 0x3d, 0x01, 0x02, 0x37, 0x05, 0x05, 0x96, 0x02, 0x06, 0x06, 0x09, 0x0a, 0x11,
    0xa9, 0x17, 0x27, 0x2e, 0x26, 0x17, 0x17, 0x26, 0x2e, 0x27, 0x17, 0x3b, 0x02, 0x02, 0x28, 0x15,
    0x03, 0x06, 0x08, 0x02, 0x1c, 0x03, 0x03, 0x2e, 0x03, 0x08, 0x9c, 0x04, 0x54, 0x04, 0x0d, 0x10,
    0x0d, 0x04, 0x22, 0x0a, 0x0a, 0x1f, 0x03, 0x0a, 0x03, 0x55, 0x01, 0x06, 0x04, 0x2f, 0x01, 0x02,
    0x32, 0x0c, 0x11, 0x00, 0x00, 0x03, 0x00, 0x00, 0x00, 0x00, 0x01, 0x07, 0x01, 0x07, 0x00, 0x1c,
    0x00, 0x29, 0x00, 0x45, 0x00, 0x00, 0x25, 0x14, 0x06, 0x0f, 0x01, 0x26, 0x27, 0x37, 0x36, 0x34,
    0x2f, 0x01, 0x26, 0x22, 0x06, 0x1d, 0x01, 0x06, 0x07, 0x35, 0x34, 0x36, 0x33, 0x32, 0x1f, 0x01,
    0x1e, 0x01, 0x15, 0x07, 0x14, 0x0e, 0x01, 0x22, 0x2e, 0x01, 0x34, 0x3e, 0x01, 0x32, 0x1e, 0x01,
    0x07, 0x37, 0x36, 0x34, 0x26, 0x22, 0x0f, 0x01, 0x27, 0x26, 0x22, 0x06, 0x14, 0x1f, 0x01, 0x07,
    0x06, 0x14, 0x16, 0x32, 0x3f, 0x01, 0x17, 0x16, 0x32, 0x36, 0x34, 0x27, 0x01, 0x07, 0x08, 0x07,
    0x3d, 0x01, 0x02, 0x37, 0x05, 0x05, 0x96, 0x02, 0x06, 0x06, 0x09, 0x0a, 0x11, 0x0b, 0x08, 0x06,
    0x96, 0x07, 0x07, 0x5d, 0x17, 0x27, 0x2e, 0x26, 0x17, 0x17, 0x26, 0x2e, 0x27, 0x17, 0x47, 0x18,
    0x03, 0x06, 0x08, 0x02, 0x19, 0x18, 0x03, 0x07, 0x06, 0x03, 0x18, 0x18, 0x03, 0x06, 0x07, 0x03,
    0x18, 0x19, 0x02, 0x08, 0x06, 0x03, 0x96, 0x08, 0x0d, 0x04, 0x22, 0x0a, 0x0a, 0x1f, 0x03, 0x0a,
    0x03, 0x55, 0x01, 0x06, 0x04, 0x2f, 0x01, 0x02, 0x32, 0x0c, 0x11, 0x04, 0x54, 0x04, 0x0d, 0x08,
    0x42, 0x17, 0x26, 0x17, 0x17, 0x26, 0x2e, 0x27, 0x17, 0x17, 0x27, 0x17, 0x19, 0x02, 0x08, 0x06,
    0x03, 0x18, 0x18, 0x03, 0x06, 0x08, 0x02, 0x19, 0x17, 0x02, 0x08, 0x06, 0x03, 0x17, 0x18, 0x03,
    0x06, 0x07, 0x03, 0x00, 0x00, 0x05, 0x00, 0x00, 0x00, 0x00, 0x01, 0x2c, 0x01, 0x09, 0x00, 0x1f,
    0x00, 0x3e, 0x00, 0x4e, 0x00, 0x5b, 0x00, 0x68, 0x00, 0x00, 0x37, 0x34, 0x2f, 0x01, 0x07, 0x06,
    0x26, 0x3d, 0x01, 0x34, 0x36, 0x1f, 0x01, 0x16, 0x15, 0x33, 0x34, 0x26, 0x2f, 0x01, 0x26, 0x0e,
    0x01, 0x1d, 0x01, 0x14, 0x1e, 0x01, 0x3f, 0x01, 0x34, 0x3f, 0x01, 0x34, 0x26, 0x2b, 0x01, 0x22,
    0x06, 0x1d, 0x01, 0x14, 0x17, 0x06, 0x1d, 0x01, 0x14, 0x16, 0x3b, 0x01, 0x32, 0x37, 0x16, 0x3b,
    0x01, 0x32, 0x36, 0x3d, 0x01, 0x34, 0x27, 0x36, 0x35, 0x27, 0x34, 0x36, 0x3b, 0x01, 0x32, 0x16,
    0x1d, 0x01, 0x14, 0x06, 0x2b, 0x01, 0x22, 0x26, 0x35, 0x17, 0x23, 0x22, 0x26, 0x3d, 0x01, 0x34,
    0x36, 0x3b, 0x01, 0x15, 0x14, 0x06, 0x37, 0x14, 0x06, 0x2b, 0x01, 0x22, 0x26, 0x3d, 0x01, 0x33,
    0x32, 0x16, 0x15, 0x74, 0x01, 0x01, 0x19, 0x05, 0x09, 0x09, 0x05, 0x96, 0x05, 0x13, 0x08, 0x07,
    0x96, 0x09, 0x14, 0x0d, 0x0d, 0x14, 0x09, 0x0f, 0x03, 0xb8, 0x10, 0x0c, 0x71, 0x0b, 0x11, 0x08,
    0x08, 0x11, 0x0b, 0x26, 0x0b, 0x08, 0x08, 0x0a, 0x26, 0x0c, 0x10, 0x07, 0x07, 0x96, 0x05, 0x04,
    0x71, 0x04, 0x05, 0x05, 0x04, 0x71, 0x04, 0x05, 0x2f, 0x26, 0x04, 0x05, 0x05, 0x04, 0x2f, 0x05,
    0x50, 0x05, 0x04, 0x26, 0x04, 0x05, 0x2f, 0x04, 0x05, 0x42, 0x01, 0x04, 0x01, 0x0f, 0x02, 0x05,
    0x06, 0xa8, 0x06, 0x05, 0x02, 0x55, 0x03, 0x05, 0x07, 0x0e, 0x04, 0x54, 0x05, 0x04, 0x0f, 0x0b,
    0xa8, 0x0b, 0x0f, 0x04, 0x05, 0x08, 0x09, 0x08, 0x25, 0x0c, 0x10, 0x10, 0x0c, 0x13, 0x0a, 0x08,
    0x08, 0x0b, 0x13, 0x0c, 0x10, 0x07, 0x07, 0x10, 0x0c, 0x13, 0x0b, 0x08, 0x08, 0x0a, 0x13, 0x04,
    0x06, 0x06, 0x04, 0x13, 0x03, 0x06, 0x06, 0x03, 0x41, 0x05, 0x04, 0x13, 0x04, 0x05, 0x1c, 0x04,
    0x05, 0x09, 0x04, 0x05, 0x05, 0x04, 0x1c, 0x05, 0x04, 0x00, 0x00, 0x00, 0x00, 0x05, 0x00, 0x00,
    0x00, 0x00, 0x01, 0x1a, 0x01, 0x1a, 0x00, 0x19, 0x00, 0x2b, 0x00, 0x2f, 0x00, 0x33, 0x00, 0x5a,
    0x00, 0x00, 0x25, 0x15, 0x14, 0x0e, 0x02, 0x2b, 0x02, 0x27, 0x26, 0x2f, 0x01, 0x26, 0x2f, 0x01,
    0x33, 0x32, 0x37, 0x36, 0x37, 0x36, 0x3d, 0x01, 0x17, 0x16, 0x07, 0x23, 0x22, 0x26, 0x3d, 0x01,
    0x34, 0x36, 0x3b, 0x01, 0x32, 0x1f, 0x01, 0x16, 0x1d, 0x01, 0x14, 0x06, 0x27, 0x33, 0x35, 0x23,
    0x17, 0x23, 0x15, 0x33, 0x37, 0x15, 0x33, 0x32, 0x36, 0x3d, 0x01, 0x34, 0x2f, 0x01, 0x26, 0x2b,
    0x01, 0x15, 0x14, 0x06, 0x2b, 0x01, 0x22, 0x26, 0x3d, 0x01, 0x23, 0x22, 0x06, 0x1d, 0x01, 0x1e,
    0x01, 0x3b, 0x01, 0x35, 0x34, 0x36, 0x3b, 0x01, 0x32, 0x16, 0x15, 0x01, 0x19, 0x0b, 0x15, 0x1c,
    0x0f, 0x70, 0x05, 0x05, 0x05, 0x04, 0x04, 0x04, 0x03, 0x03, 0x91, 0x0a, 0x09, 0x0c, 0x09, 0x11,
    0x07, 0x0b, 0x4b, 0x96, 0x0f, 0x16, 0x16, 0x0f, 0x81, 0x10, 0x0b, 0x15, 0x0b, 0x16, 0x6e, 0x26,
    0x26, 0x39, 0x4b, 0x4b, 0x13, 0x12, 0x08, 0x0b, 0x05, 0x16, 0x05, 0x08, 0x10, 0x0b, 0x08, 0x25,
    0x08, 0x0b, 0x26, 0x07, 0x0c, 0x01, 0x0b, 0x07, 0x13, 0x0b, 0x08, 0x4b, 0x07, 0x0b, 0xb9, 0x5b,
    0x0f, 0x1c, 0x15, 0x0b, 0x01, 0x01, 0x03, 0x03, 0x02, 0x04, 0x05, 0x03, 0x04, 0x09, 0x11, 0x17,
    0x7d, 0x07, 0x0b, 0x91, 0x16, 0x10, 0x96, 0x0f, 0x16, 0x0b, 0x15, 0x0b, 0x0f, 0x81, 0x10, 0x16,
    0xbc, 0x13, 0x71, 0x4b, 0x4b, 0x4b, 0x0b, 0x08, 0x81, 0x07, 0x06, 0x15, 0x06, 0x13, 0x08, 0x0b,
    0x0b, 0x08, 0x13, 0x0c, 0x07, 0x96, 0x08, 0x0b, 0x4b, 0x08, 0x0b, 0x0b, 0x08, 0x00, 0x00, 0x00,
    0x00, 0x03, 0x00, 0x00, 0xff, 0xff, 0x01, 0x2c, 0x01, 0x1a, 0x00, 0x3d, 0x00, 0x48, 0x00, 0x5e,
    0x00, 0x00, 0x37, 0x34, 0x36, 0x3b, 0x01, 0x32, 0x16, 0x17, 0x37, 0x2e, 0x01, 0x2b, 0x01, 0x22,
    0x06, 0x1d, 0x01, 0x23, 0x22, 0x26, 0x3d, 0x01, 0x3e, 0x01, 0x3b, 0x01, 0x15, 0x14, 0x16, 0x3b,
    0x01, 0x32, 0x36, 0x3d, 0x01, 0x33, 0x32, 0x1f, 0x01, 0x16, 0x1d, 0x01, 0x36, 0x32, 0x17, 0x35,
    0x34, 0x2f, 0x01, 0x26, 0x2b, 0x01, 0x22, 0x06, 0x1d, 0x01, 0x14, 0x16, 0x3b, 0x01, 0x37, 0x23,
    0x37, 0x33, 0x15, 0x14, 0x06, 0x2b, 0x01, 0x22, 0x26, 0x3d, 0x01, 0x17, 0x14, 0x06, 0x0f, 0x01,
    0x06, 0x0f, 0x01, 0x22, 0x2e, 0x02, 0x35, 0x37, 0x36, 0x3f, 0x01, 0x36, 0x32, 0x17, 0x1e, 0x01,
    0x5e, 0x05, 0x04, 0x5e, 0x03, 0x05, 0x01, 0x0e, 0x04, 0x0c, 0x07, 0x5e, 0x0c, 0x10, 0x13, 0x07,
    0x0c, 0x01, 0x0b, 0x07, 0x26, 0x10, 0x0c, 0x25, 0x0c, 0x11, 0x19, 0x08, 0x06, 0x1e, 0x06, 0x04,
    0x09, 0x05, 0x0b, 0x1e, 0x0b, 0x10, 0x9d, 0x0f, 0x16, 0x16, 0x0f, 0x4c, 0x05, 0x2b, 0x13, 0x38,
    0x06, 0x04, 0x25, 0x04, 0x06, 0xbc, 0x04, 0x05, 0x50, 0x0a, 0x0e, 0x17, 0x03, 0x06, 0x04, 0x01,
    0x06, 0x03, 0x0b, 0x50, 0x09, 0x18, 0x08, 0x04, 0x05, 0x7a, 0x04, 0x05, 0x04, 0x03, 0x0e, 0x05,
    0x07, 0x10, 0x0c, 0x54, 0x0b, 0x07, 0xbc, 0x07, 0x0b, 0x1c, 0x0b, 0x11, 0x11, 0x0b, 0x1d, 0x06,
    0x1e, 0x06, 0x08, 0x2d, 0x01, 0x01, 0x2d, 0x10, 0x0b, 0x1e, 0x0b, 0x16, 0x0f, 0xbc, 0x0f, 0x16,
    0x13, 0xe1, 0x1d, 0x04, 0x05, 0x05, 0x04, 0x1d, 0x8e, 0x06, 0x0b, 0x04, 0x50, 0x0b, 0x03, 0x06,
    0x01, 0x04, 0x06, 0x03, 0x17, 0x0e, 0x0a, 0x50, 0x09, 0x09, 0x04, 0x0a, 0x00, 0x04, 0x00, 0x00,
    0x00, 0x00, 0x01, 0x1a, 0x01, 0x1a, 0x00, 0x11, 0x00, 0x1b, 0x00, 0x25, 0x00, 0x4b, 0x00, 0x00,
    0x25, 0x27, 0x26, 0x2b, 0x01, 0x22, 0x06, 0x1d, 0x01, 0x14, 0x16, 0x3b, 0x01, 0x32, 0x36, 0x3d,
    0x01, 0x34, 0x27, 0x15, 0x14, 0x06, 0x2b, 0x01, 0x22, 0x26, 0x3d, 0x01, 0x07, 0x35, 0x34, 0x36,
    0x3b, 0x01, 0x32, 0x16, 0x1d, 0x01, 0x37, 0x14, 0x06, 0x2b, 0x01, 0x35, 0x34, 0x26, 0x2b, 0x01,
    0x22, 0x06, 0x1d, 0x01, 0x23, 0x22, 0x26, 0x3d, 0x01, 0x3e, 0x01, 0x3b, 0x01, 0x15, 0x14, 0x16,
    0x3b, 0x01, 0x32, 0x36, 0x3d, 0x01, 0x33, 0x32, 0x1f, 0x01, 0x16, 0x15, 0x01, 0x0e, 0x1e, 0x0b,
    0x10, 0x9d, 0x0f, 0x16, 0x16, 0x0f, 0xbc, 0x0f, 0x16, 0x70, 0x06, 0x04, 0x25, 0x04, 0x06, 0x12,
    0x05, 0x04, 0x5e, 0x04, 0x05, 0x39, 0x0c, 0x07, 0x13, 0x10, 0x0c, 0x5e, 0x0c, 0x10, 0x13, 0x07,
    0x0c, 0x01, 0x0b, 0x07, 0x26, 0x10, 0x0c, 0x25, 0x0c, 0x11, 0x19, 0x08, 0x06, 0x1e, 0x06, 0xf0,
    0x1e, 0x0b, 0x16, 0x0f, 0xbc, 0x0f, 0x16, 0x16, 0x0f, 0x9d, 0x10, 0x22, 0x1d, 0x04, 0x05, 0x05,
    0x04, 0x1d, 0xe1, 0x54, 0x04, 0x05, 0x05, 0x04, 0x54, 0x12, 0x07, 0x0c, 0x55, 0x0c, 0x10, 0x10,
    0x0c, 0x54, 0x0b, 0x07, 0xbc, 0x07, 0x0b, 0x1c, 0x0b, 0x11, 0x11, 0x0b, 0x1d, 0x06, 0x1e, 0x06,
    0x08, 0x00, 0x00, 0x00, 0x00, 0x0c, 0x00, 0x00, 0x00, 0x00, 0x01, 0x2c, 0x01, 0x07, 0x00, 0x1e,
    0x00, 0x27, 0x00, 0x30, 0x00, 0x43, 0x00, 0x56, 0x00, 0x5e, 0x00, 0x6c, 0x00, 0x7a, 0x00, 0x8f,
    0x00, 0xa4, 0x00, 0xb1, 0x00, 0xbe, 0x00, 0x00, 0x37, 0x36, 0x16, 0x1f, 0x01, 0x36, 0x33, 0x32,
    0x16, 0x14, 0x06, 0x22, 0x26, 0x34, 0x37, 0x27, 0x07, 0x16, 0x14, 0x06, 0x22, 0x26, 0x34, 0x36,
    0x33, 0x32, 0x17, 0x37, 0x27, 0x26, 0x36, 0x15, 0x22, 0x06, 0x14, 0x16, 0x3e, 0x01, 0x2e, 0x01,
    0x33, 0x22, 0x06, 0x14, 0x16, 0x3e, 0x01, 0x34, 0x26, 0x27, 0x32, 0x16, 0x1d, 0x01, 0x14, 0x1e,
    0x02, 0x0e, 0x01, 0x2b, 0x01, 0x2e, 0x01, 0x3d, 0x01, 0x34, 0x36, 0x21, 0x32, 0x16, 0x1d, 0x01,
    0x14, 0x06, 0x07, 0x23, 0x22, 0x2e, 0x01, 0x3e, 0x02, 0x3d, 0x01, 0x34, 0x36, 0x27, 0x3e, 0x01,
    0x1e, 0x01, 0x0f, 0x01, 0x2f, 0x01, 0x32, 0x16, 0x1d, 0x01, 0x14, 0x06, 0x22, 0x26, 0x3d, 0x01,
    0x34, 0x36, 0x33, 0x25, 0x32, 0x16, 0x1d, 0x01, 0x14, 0x06, 0x22, 0x26, 0x3d, 0x01, 0x34, 0x36,
    0x33, 0x27, 0x32, 0x16, 0x14, 0x06, 0x2b, 0x01, 0x22, 0x06, 0x1d, 0x01, 0x14, 0x06, 0x22, 0x26,
    0x3d, 0x01, 0x34, 0x36, 0x17, 0x33, 0x37, 0x32, 0x16, 0x1d, 0x01, 0x14, 0x06, 0x22, 0x26, 0x3d,
    0x01, 0x34, 0x26, 0x2b, 0x01, 0x22, 0x26, 0x34, 0x36, 0x3b, 0x01, 0x27, 0x1e, 0x01, 0x14, 0x06,
    0x2b, 0x01, 0x22, 0x26, 0x34, 0x36, 0x3b, 0x01, 0x37, 0x1e, 0x01, 0x14, 0x06, 0x2b, 0x01, 0x22,
    0x26, 0x34, 0x36, 0x3b, 0x01, 0x62, 0x03, 0x07, 0x03, 0x51, 0x07, 0x07, 0x10, 0x16, 0x16, 0x1f,
    0x16, 0x08, 0x1b, 0x1b, 0x08, 0x16, 0x1f, 0x16, 0x16, 0x10, 0x07, 0x07, 0x1e, 0x2a, 0x03, 0x01,
    0x08, 0x0b, 0x0b, 0x0f, 0x0c, 0x01, 0x0b, 0x69, 0x07, 0x0b, 0x0b, 0x0f, 0x0b, 0x0b, 0xcd, 0x04,
    0x06, 0x07, 0x09, 0x03, 0x02, 0x05, 0x03, 0x03, 0x0b, 0x0e, 0x05, 0x01, 0x1e, 0x04, 0x05, 0x0e,
    0x0b, 0x03, 0x03, 0x05, 0x02, 0x03, 0x09, 0x07, 0x06, 0x62, 0x03, 0x07, 0x07, 0x01, 0x03, 0x1f,
    0x0b, 0x99, 0x04, 0x06, 0x06, 0x08, 0x05, 0x05, 0x04, 0x01, 0x1a, 0x04, 0x05, 0x05, 0x08, 0x06,
    0x06, 0x04, 0xf4, 0x04, 0x05, 0x05, 0x04, 0x09, 0x08, 0x0b, 0x06, 0x08, 0x05, 0x16, 0x10, 0x09,
    0xd8, 0x0f, 0x16, 0x05, 0x08, 0x06, 0x0b, 0x08, 0x09, 0x04, 0x05, 0x05, 0x04, 0x0a, 0x84, 0x04,
    0x06, 0x06, 0x04, 0x2f, 0x04, 0x05, 0x05, 0x04, 0x2f, 0x55, 0x04, 0x05, 0x05, 0x04, 0x2f, 0x04,
    0x06, 0x06, 0x04, 0x2f, 0xcc, 0x03, 0x01, 0x04, 0x6f, 0x03, 0x16, 0x1f, 0x16, 0x16, 0x1d, 0x0a,
    0x25, 0x25, 0x0a, 0x1d, 0x16, 0x16, 0x1f, 0x16, 0x03, 0x2a, 0x3a, 0x03, 0x08, 0x7f, 0x0b, 0x0f,
    0x0c, 0x01, 0x0b, 0x0f, 0x0b, 0x0b, 0x0f, 0x0c, 0x01, 0x0b, 0x0f, 0x0b, 0x38, 0x05, 0x04, 0x09,
    0x06, 0x0a, 0x04, 0x06, 0x07, 0x03, 0x04, 0x14, 0x0c, 0x09, 0x04, 0x05, 0x05, 0x04, 0x09, 0x0c,
    0x14, 0x04, 0x03, 0x07, 0x07, 0x03, 0x0a, 0x05, 0x0a, 0x04, 0x05, 0x47, 0x04, 0x01, 0x05, 0x08,
    0x03, 0x2a, 0x10, 0x17, 0x06, 0x04, 0x13, 0x04, 0x05, 0x05, 0x04, 0x13, 0x04, 0x05, 0x01, 0x06,
    0x04, 0x13, 0x04, 0x05, 0x05, 0x04, 0x13, 0x04, 0x05, 0x4c, 0x06, 0x08, 0x05, 0x0b, 0x08, 0x09,
    0x04, 0x06, 0x06, 0x04, 0x09, 0x10, 0x16, 0x01, 0x01, 0x16, 0x10, 0x09, 0x04, 0x06, 0x06, 0x04,
    0x09, 0x08, 0x0b, 0x05, 0x08, 0x05, 0x01, 0x01, 0x05, 0x08, 0x05, 0x05, 0x08, 0x05, 0x01, 0x01,
    0x05, 0x08, 0x05, 0x05, 0x08, 0x05, 0x00, 0x00, 0x00, 0x04, 0x00, 0x00, 0x00, 0x00, 0x01, 0x07,
    0x01, 0x07, 0x00, 0x13, 0x00, 0x28, 0x00, 0x3d, 0x00, 0x52, 0x00, 0x00, 0x37, 0x22, 0x06, 0x1d,
    0x01, 0x14, 0x06, 0x22, 0x26, 0x27, 0x35, 0x3e, 0x01, 0x3b, 0x01, 0x32, 0x16, 0x14, 0x06, 0x23,
    0x37, 0x34, 0x36, 0x3b, 0x01, 0x32, 0x16, 0x1d, 0x01, 0x14, 0x0e, 0x01, 0x26, 0x3d, 0x01, 0x34,
    0x26, 0x2b, 0x01, 0x22, 0x26, 0x07, 0x32, 0x16, 0x1d, 0x01, 0x14, 0x16, 0x3b, 0x01, 0x32, 0x16,
    0x0e, 0x01, 0x2b, 0x01, 0x22, 0x26, 0x3d, 0x01, 0x34, 0x36, 0x33, 0x1e, 0x01, 0x1d, 0x01, 0x14,
    0x06, 0x2b, 0x01, 0x22, 0x26, 0x34, 0x36, 0x3b, 0x01, 0x32, 0x36, 0x3d, 0x01, 0x34, 0x36, 0x46,
    0x06, 0x08, 0x05, 0x08, 0x05, 0x01, 0x01, 0x13, 0x0d, 0x21, 0x04, 0x06, 0x06, 0x04, 0x55, 0x05,
    0x04, 0x21, 0x0d, 0x14, 0x06, 0x08, 0x05, 0x08, 0x06, 0x21, 0x04, 0x05, 0x8d, 0x04, 0x05, 0x08,
    0x06, 0x21, 0x04, 0x06, 0x01, 0x05, 0x04, 0x21, 0x0d, 0x13, 0x05, 0xd2, 0x04, 0x06, 0x14, 0x0d,
    0x21, 0x04, 0x05, 0x05, 0x04, 0x21, 0x06, 0x08, 0x05, 0xf4, 0x08, 0x06, 0x21, 0x04, 0x05, 0x05,
    0x04, 0x21, 0x0d, 0x14, 0x06, 0x08, 0x05, 0x09, 0x04, 0x06, 0x14, 0x0d, 0x21, 0x04, 0x05, 0x01,
    0x06, 0x04, 0x21, 0x06, 0x08, 0x05, 0x88, 0x06, 0x04, 0x21, 0x06, 0x08, 0x05, 0x08, 0x05, 0x13,
    0x0d, 0x21, 0x04, 0x06, 0x01, 0x05, 0x04, 0x21, 0x0d, 0x13, 0x05, 0x08, 0x05, 0x08, 0x06, 0x21,
    0x04, 0x05, 0x00, 0x00, 0x00, 0x04, 0x00, 0x00, 0x00, 0x00, 0x01, 0x07, 0x01, 0x07, 0x00, 0x13,
    0x00, 0x27, 0x00, 0x3b, 0x00, 0x4f, 0x00, 0x00, 0x37, 0x14, 0x16, 0x3b, 0x01, 0x32, 0x16, 0x14,
    0x06, 0x07, 0x23, 0x22, 0x26, 0x3d, 0x01, 0x3e, 0x01, 0x32, 0x16, 0x1d, 0x01, 0x34, 0x36, 0x3b,
    0x01, 0x32, 0x36, 0x34, 0x26, 0x27, 0x23, 0x22, 0x06, 0x1d, 0x01, 0x1e, 0x01, 0x32, 0x36, 0x35,
    0x27, 0x32, 0x16, 0x1d, 0x01, 0x14, 0x16, 0x32, 0x36, 0x3d, 0x01, 0x34, 0x26, 0x2b, 0x01, 0x22,
    0x06, 0x1e, 0x01, 0x33, 0x37, 0x14, 0x06, 0x2b, 0x01, 0x22, 0x06, 0x14, 0x16, 0x3b, 0x01, 0x32,
    0x36, 0x3d, 0x01, 0x2e, 0x01, 0x22, 0x06, 0x15, 0xce, 0x0b, 0x08, 0x1c, 0x04, 0x06, 0x06, 0x04,
    0x1c, 0x10, 0x16, 0x01, 0x05, 0x08, 0x05, 0x0b, 0x08, 0x1c, 0x04, 0x06, 0x06, 0x04, 0x1c, 0x10,
    0x16, 0x01, 0x05, 0x08, 0x05, 0x83, 0x08, 0x0b, 0x05, 0x08, 0x06, 0x16, 0x10, 0x1c, 0x04, 0x06,
    0x01, 0x05, 0x04, 0x2f, 0x0b, 0x08, 0x1c, 0x04, 0x05, 0x05, 0x04, 0x1c, 0x10, 0x16, 0x01, 0x05,
    0x08, 0x05, 0xe1, 0x08, 0x0b, 0x05, 0x08, 0x05, 0x01, 0x16, 0x10, 0x1c, 0x04, 0x06, 0x06, 0x04,
    0xb2, 0x08, 0x0b, 0x05, 0x08, 0x05, 0x01, 0x16, 0x10, 0x1c, 0x04, 0x05, 0x05, 0x04, 0x2f, 0x0b,
    0x08, 0x1c, 0x04, 0x05, 0x05, 0x04, 0x1c, 0x10, 0x16, 0x06, 0x08, 0x05, 0x83, 0x08, 0x0b, 0x05,
    0x08, 0x06, 0x16, 0x10, 0x1c, 0x04, 0x06, 0x06, 0x04, 0x00, 0x00, 0x00, 0x00, 0x03, 0xff, 0xff,
    0xff, 0xff, 0x01, 0x07, 0x01, 0x07, 0x00, 0x14, 0x00, 0x21, 0x00, 0x41, 0x00, 0x00, 0x25, 0x27,
    0x36, 0x35, 0x34, 0x2e, 0x01, 0x22, 0x0e, 0x01, 0x14, 0x1e, 0x01, 0x33, 0x32, 0x37, 0x17, 0x16,
    0x32, 0x36, 0x34, 0x27, 0x22, 0x2e, 0x01, 0x34, 0x3e, 0x01, 0x32, 0x1e, 0x01, 0x14, 0x0e, 0x01,
    0x17, 0x16, 0x14, 0x06, 0x22, 0x2f, 0x01, 0x07, 0x06, 0x22, 0x2f, 0x01, 0x07, 0x06, 0x22, 0x2f,
    0x01, 0x26, 0x34, 0x36, 0x32, 0x1f, 0x01, 0x37, 0x36, 0x32, 0x1f, 0x01, 0x37, 0x36, 0x32, 0x17,
    0x01, 0x04, 0x48, 0x12, 0x16, 0x27, 0x2e, 0x27, 0x16, 0x16, 0x27, 0x17, 0x1d, 0x18, 0x48, 0x02,
    0x08, 0x06, 0x8d, 0x12, 0x1e, 0x12, 0x12, 0x1e, 0x24, 0x1e, 0x12, 0x12, 0x1e, 0x3f, 0x03, 0x05,
    0x08, 0x03, 0x1f, 0x1e, 0x03, 0x08, 0x03, 0x1f, 0x1e, 0x03, 0x08, 0x03, 0x25, 0x03, 0x05, 0x08,
    0x03, 0x1f, 0x1f, 0x02, 0x08, 0x03, 0x1f, 0x1f, 0x03, 0x07, 0x03, 0x36, 0x47, 0x18, 0x1d, 0x17,
    0x27, 0x17, 0x17, 0x27, 0x2e, 0x27, 0x16, 0x12, 0x48, 0x02, 0x05, 0x08, 0x3e, 0x11, 0x1e, 0x24,
    0x1e, 0x12, 0x12, 0x1e, 0x24, 0x1e, 0x11, 0x61, 0x03, 0x08, 0x05, 0x03, 0x1f, 0x1f, 0x03, 0x03,
    0x1f, 0x1f, 0x03, 0x03, 0x25, 0x03, 0x08, 0x05, 0x03, 0x1e, 0x1e, 0x03, 0x03, 0x1e, 0x1e, 0x03,
    0x03, 0x00, 0x00, 0x00, 0x00, 0x02, 0x00, 0x00, 0x00, 0x00, 0x01, 0x1a, 0x01, 0x1a, 0x00, 0x17,
    0x00, 0x24, 0x00, 0x00, 0x25, 0x27, 0x3e, 0x01, 0x35, 0x34, 0x2e, 0x01, 0x22, 0x0e, 0x01, 0x14,
    0x1e, 0x01, 0x33, 0x32, 0x36, 0x37, 0x17, 0x16, 0x32, 0x36, 0x34, 0x2f, 0x01, 0x22, 0x2e, 0x01,
    0x34, 0x3e, 0x01, 0x32, 0x1e, 0x01, 0x14, 0x0e, 0x01, 0x01, 0x17, 0x4e, 0x0c, 0x0c, 0x1c, 0x2f,
    0x38, 0x2f, 0x1c, 0x1c, 0x2f, 0x1c, 0x12, 0x22, 0x0e, 0x4d, 0x03, 0x08, 0x05, 0x02, 0x9d, 0x17,
    0x27, 0x16, 0x16, 0x27, 0x2e, 0x27, 0x16, 0x16, 0x27, 0x23, 0x4d, 0x0e, 0x22, 0x12, 0x1c, 0x2f,
    0x1c, 0x1c, 0x2f, 0x38, 0x2f, 0x1c, 0x0d, 0x0b, 0x4e, 0x02, 0x05, 0x08, 0x03, 0x3b, 0x16, 0x27,
    0x2e, 0x27, 0x16, 0x16, 0x27, 0x2e, 0x27, 0x16, 0x00, 0x03, 0x00, 0x00, 0x00, 0x00, 0x01, 0x2d,
    0x01, 0x2c, 0x00, 0x2b, 0x00, 0x54, 0x00, 0x7b, 0x00, 0x00, 0x13, 0x17, 0x1e, 0x01, 0x1f, 0x01,
    0x1e, 0x01, 0x14, 0x06, 0x0f, 0x01, 0x0e, 0x01, 0x0f, 0x01, 0x14, 0x06, 0x22, 0x27, 0x31, 0x26,
    0x2f, 0x01, 0x26, 0x2f, 0x01, 0x26, 0x2f, 0x01, 0x2e, 0x01, 0x34, 0x36, 0x3f, 0x01, 0x3e, 0x01,
    0x3f, 0x01, 0x3e, 0x01, 0x32, 0x16, 0x17, 0x27, 0x2e, 0x01, 0x2f, 0x01, 0x34, 0x26, 0x22, 0x06,
    0x0f, 0x01, 0x0e, 0x01, 0x0f, 0x01, 0x0e, 0x01, 0x14, 0x16, 0x1f, 0x01, 0x1e, 0x01, 0x1f, 0x01,
    0x14, 0x16, 0x32, 0x36, 0x35, 0x37, 0x3e, 0x01, 0x3f, 0x01, 0x3e, 0x01, 0x34, 0x26, 0x2f, 0x01,
    0x32, 0x17, 0x07, 0x06, 0x07, 0x06, 0x07, 0x0e, 0x01, 0x15, 0x14, 0x1e, 0x01, 0x33, 0x32, 0x36,
    0x37, 0x16, 0x17, 0x06, 0x14, 0x17, 0x07, 0x17, 0x1e, 0x01, 0x06, 0x22, 0x2f, 0x01, 0x06, 0x23,
    0x22, 0x2e, 0x01, 0x34, 0x3e, 0x01, 0xcc, 0x06, 0x04, 0x0d, 0x0a, 0x14, 0x03, 0x03, 0x03, 0x03,
    0x14, 0x09, 0x0e, 0x03, 0x07, 0x05, 0x05, 0x02, 0x02, 0x01, 0x07, 0x03, 0x06, 0x02, 0x07, 0x07,
    0x14, 0x03, 0x03, 0x03, 0x03, 0x14, 0x09, 0x0d, 0x03, 0x07, 0x01, 0x04, 0x05, 0x04, 0x5d, 0x0e,
    0x07, 0x0a, 0x02, 0x05, 0x03, 0x04, 0x03, 0x01, 0x04, 0x02, 0x0a, 0x07, 0x0e, 0x02, 0x02, 0x02,
    0x02, 0x0e, 0x07, 0x0a, 0x02, 0x05, 0x03, 0x04, 0x03, 0x05, 0x02, 0x0a, 0x07, 0x0e, 0x02, 0x02,
    0x02, 0x02, 0xae, 0x07, 0x07, 0x06, 0x08, 0x05, 0x02, 0x01, 0x19, 0x21, 0x12, 0x1e, 0x12, 0x14,
    0x22, 0x07, 0x03, 0x04, 0x02, 0x02, 0x02, 0x48, 0x02, 0x01, 0x06, 0x08, 0x03, 0x47, 0x18, 0x1d,
    0x17, 0x27, 0x16, 0x16, 0x27, 0x01, 0x27, 0x14, 0x0a, 0x0d, 0x04, 0x06, 0x01, 0x04, 0x05, 0x04,
    0x01, 0x07, 0x03, 0x0e, 0x09, 0x14, 0x02, 0x03, 0x01, 0x02, 0x02, 0x17, 0x08, 0x05, 0x02, 0x06,
    0x02, 0x07, 0x01, 0x04, 0x05, 0x04, 0x01, 0x06, 0x04, 0x0d, 0x0a, 0x14, 0x02, 0x03, 0x03, 0x97,
    0x05, 0x02, 0x0a, 0x06, 0x0f, 0x01, 0x02, 0x02, 0x01, 0x0f, 0x06, 0x0a, 0x02, 0x05, 0x01, 0x03,
    0x03, 0x03, 0x01, 0x04, 0x03, 0x09, 0x07, 0x0e, 0x02, 0x02, 0x02, 0x02, 0x0e, 0x06, 0x0a, 0x03,
    0x04, 0x01, 0x03, 0x03, 0x03, 0x01, 0x74, 0x01, 0x01, 0x03, 0x07, 0x03, 0x04, 0x03, 0x25, 0x19,
    0x12, 0x1e, 0x12, 0x17, 0x13, 0x02, 0x01, 0x05, 0x0c, 0x05, 0x04, 0x48, 0x02, 0x08, 0x06, 0x03,
    0x48, 0x12, 0x16, 0x27, 0x2e, 0x27, 0x16, 0x00, 0x00, 0x04, 0x00, 0x00, 0x00, 0x00, 0x01, 0x07,
    0x01, 0x07, 0x00, 0x1f, 0x00, 0x2c, 0x00, 0x35, 0x00, 0x3e, 0x00, 0x00, 0x25, 0x06, 0x22, 0x2f,
    0x01, 0x26, 0x27, 0x36, 0x35, 0x34, 0x2e, 0x01, 0x23, 0x22, 0x06, 0x07, 0x06, 0x07, 0x35, 0x34,
    0x3e, 0x01, 0x32, 0x1e, 0x01, 0x15, 0x14, 0x07, 0x17, 0x16, 0x14, 0x07, 0x27, 0x14, 0x0e, 0x01,
    0x22, 0x2e, 0x01, 0x34, 0x3e, 0x01, 0x32, 0x1e, 0x01, 0x07, 0x37, 0x26, 0x23, 0x22, 0x0e, 0x01,
    0x15, 0x14, 0x37, 0x34, 0x27, 0x07, 0x16, 0x33, 0x32, 0x3e, 0x01, 0x01, 0x04, 0x03, 0x08, 0x02,
    0x3d, 0x03, 0x0a, 0x0f, 0x12, 0x1e, 0x12, 0x1a, 0x25, 0x02, 0x0a, 0x09, 0x16, 0x27, 0x2e, 0x27,
    0x16, 0x12, 0x48, 0x03, 0x03, 0x5b, 0x17, 0x27, 0x2e, 0x26, 0x17, 0x17, 0x26, 0x2e, 0x27, 0x17,
    0x89, 0x5c, 0x12, 0x16, 0x11, 0x1f, 0x11, 0x83, 0x0d, 0x5c, 0x11, 0x16, 0x12, 0x1e, 0x12, 0x28,
    0x03, 0x03, 0x3d, 0x13, 0x11, 0x12, 0x17, 0x12, 0x1e, 0x12, 0x23, 0x19, 0x03, 0x05, 0x02, 0x17,
    0x27, 0x16, 0x16, 0x27, 0x17, 0x1e, 0x17, 0x48, 0x02, 0x08, 0x03, 0x2c, 0x17, 0x26, 0x17, 0x17,
    0x26, 0x2e, 0x27, 0x17, 0x17, 0x27, 0x3e, 0x5c, 0x0d, 0x12, 0x1e, 0x12, 0x15, 0x15, 0x16, 0x12,
    0x5c, 0x0d, 0x11, 0x1f, 0x00, 0x02, 0x00, 0x00, 0x00, 0x00, 0x01, 0x07, 0x01, 0x1a, 0x00, 0x16,
    0x00, 0x23, 0x00, 0x00, 0x37, 0x0e, 0x01, 0x23, 0x22, 0x2e, 0x01, 0x34, 0x3e, 0x01, 0x32, 0x1e,
    0x01, 0x15, 0x14, 0x06, 0x07, 0x17, 0x16, 0x14, 0x06, 0x22, 0x2f, 0x01, 0x34, 0x2e, 0x02, 0x0e,
    0x01, 0x1e, 0x02, 0x32, 0x3e, 0x01, 0xbc, 0x0e, 0x22, 0x12, 0x1c, 0x30, 0x1b, 0x1b, 0x30, 0x38,
    0x2f, 0x1c, 0x0c, 0x0c, 0x3b, 0x02, 0x05, 0x08, 0x03, 0x28, 0x16, 0x27, 0x2e, 0x27, 0x17, 0x01,
    0x16, 0x27, 0x2e, 0x27, 0x16, 0x63, 0x0c, 0x0c, 0x1c, 0x2f, 0x38, 0x30, 0x1b, 0x1b, 0x30, 0x1c,
    0x12, 0x22, 0x0e, 0x3a, 0x03, 0x08, 0x05, 0x02, 0x8a, 0x17, 0x27, 0x16, 0x01, 0x17, 0x27, 0x2e,
    0x27, 0x16, 0x16, 0x27, 0x00, 0x02, 0x00, 0x00, 0x00, 0x00, 0x01, 0x2c, 0x01, 0x07, 0x00, 0x18,
    0x00, 0x44, 0x00, 0x00, 0x37, 0x32, 0x1f, 0x01, 0x16, 0x14, 0x0f, 0x01, 0x06, 0x22, 0x26, 0x35,
    0x3f, 0x01, 0x33, 0x32, 0x36, 0x34, 0x26, 0x2b, 0x01, 0x2f, 0x01, 0x34, 0x36, 0x37, 0x32, 0x16,
    0x17, 0x1e, 0x01, 0x15, 0x14, 0x07, 0x27, 0x37, 0x2e, 0x01, 0x2b, 0x01, 0x22, 0x26, 0x35, 0x34,
    0x26, 0x22, 0x06, 0x15, 0x14, 0x06, 0x2b, 0x01, 0x22, 0x06, 0x14, 0x16, 0x3b, 0x01, 0x15, 0x23,
    0x22, 0x2e, 0x01, 0x35, 0x34, 0x36, 0x37, 0x3e, 0x01, 0x8d, 0x02, 0x02, 0x96, 0x05, 0x05, 0x96,
    0x02, 0x06, 0x06, 0x01, 0x13, 0x53, 0x04, 0x06, 0x06, 0x04, 0x53, 0x13, 0x01, 0x05, 0x0e, 0x1d,
    0x2a, 0x03, 0x18, 0x21, 0x02, 0x11, 0x01, 0x01, 0x18, 0x12, 0x04, 0x04, 0x06, 0x21, 0x2e, 0x21,
    0x06, 0x04, 0x04, 0x12, 0x18, 0x18, 0x12, 0x33, 0x33, 0x11, 0x1c, 0x10, 0x21, 0x18, 0x03, 0x2a,
    0xa9, 0x01, 0x4b, 0x03, 0x0b, 0x03, 0x4b, 0x01, 0x05, 0x04, 0x03, 0x3f, 0x06, 0x07, 0x06, 0x3f,
    0x02, 0x04, 0x06, 0x5e, 0x26, 0x1c, 0x02, 0x23, 0x18, 0x07, 0x08, 0x09, 0x06, 0x11, 0x19, 0x06,
    0x03, 0x18, 0x21, 0x21, 0x17, 0x04, 0x06, 0x19, 0x23, 0x18, 0x13, 0x10, 0x1c, 0x11, 0x18, 0x23,
    0x02, 0x1c, 0x26, 0x00, 0x00, 0x02, 0x00, 0x00, 0x00, 0x00, 0x01, 0x1a, 0x01, 0x1c, 0x00, 0x0d,
    0x00, 0x18, 0x00, 0x00, 0x13, 0x36, 0x1f, 0x01, 0x16, 0x14, 0x0f, 0x01, 0x06, 0x26, 0x3f, 0x01,
    0x27, 0x26, 0x17, 0x07, 0x37, 0x27, 0x17, 0x33, 0x32, 0x16, 0x14, 0x06, 0x23, 0x16, 0x05, 0x05,
    0xf4, 0x05, 0x05, 0xf4, 0x05, 0x0a, 0x02, 0x25, 0x25, 0x02, 0x38, 0x1d, 0xcf, 0xcf, 0x1d, 0x69,
    0x04, 0x06, 0x06, 0x04, 0x01, 0x17, 0x04, 0x03, 0x7a, 0x02, 0x0c, 0x02, 0x7a, 0x03, 0x08, 0x06,
    0x77, 0x77, 0x06, 0x86, 0x5f, 0x68, 0x68, 0x5f, 0x05, 0x08, 0x05, 0x00, 0x00, 0x06, 0x00, 0x00,
    0x00, 0x00, 0x01, 0x07, 0x01, 0x1a, 0x00, 0x1d, 0x00, 0x2d, 0x00, 0x3b, 0x00, 0x48, 0x00, 0x55,
    0x00, 0x62, 0x00, 0x00, 0x25, 0x27, 0x2e, 0x01, 0x07, 0x23, 0x35, 0x34, 0x26, 0x2b, 0x01, 0x22,
    0x06, 0x1d, 0x01, 0x23, 0x22, 0x06, 0x0f, 0x01, 0x1c, 0x01, 0x1e, 0x01, 0x3b, 0x01, 0x32, 0x3e,
    0x02, 0x27, 0x34, 0x36, 0x17, 0x33, 0x36, 0x16, 0x07, 0x15, 0x16, 0x06, 0x2b, 0x01, 0x22, 0x26,
    0x35, 0x07, 0x37, 0x33, 0x15, 0x14, 0x16, 0x3b, 0x01, 0x32, 0x36, 0x3d, 0x01, 0x33, 0x17, 0x27,
    0x26, 0x36, 0x3b, 0x01, 0x32, 0x16, 0x14, 0x06, 0x2b, 0x01, 0x22, 0x26, 0x15, 0x26, 0x36, 0x3b,
    0x01, 0x32, 0x16, 0x14, 0x06, 0x2b, 0x01, 0x22, 0x26, 0x17, 0x34, 0x36, 0x37, 0x33, 0x32, 0x16,
    0x14, 0x06, 0x2b, 0x01, 0x22, 0x26, 0x01, 0x06, 0x1c, 0x01, 0x05, 0x03, 0x13, 0x10, 0x0c, 0x4b,
    0x0c, 0x10, 0x13, 0x03, 0x04, 0x02, 0x1c, 0x03, 0x04, 0x02, 0xe1, 0x02, 0x05, 0x02, 0x01, 0xa9,
    0x05, 0x04, 0x4b, 0x04, 0x06, 0x01, 0x01, 0x06, 0x04, 0x4b, 0x04, 0x05, 0x34, 0x15, 0x0c, 0x10,
    0x0c, 0x4b, 0x0c, 0x10, 0x0c, 0x16, 0x7f, 0x01, 0x06, 0x04, 0x25, 0x04, 0x06, 0x06, 0x04, 0x25,
    0x04, 0x05, 0x01, 0x06, 0x04, 0x25, 0x04, 0x06, 0x06, 0x04, 0x25, 0x04, 0x06, 0x01, 0x05, 0x04,
    0x25, 0x04, 0x06, 0x06, 0x04, 0x25, 0x04, 0x06, 0x1f, 0x4b, 0x03, 0x04, 0x01, 0x8d, 0x0c, 0x10,
    0x10, 0x0c, 0x8c, 0x04, 0x03, 0x4b, 0x02, 0x04, 0x04, 0x02, 0x02, 0x04, 0x04, 0xe0, 0x04, 0x06,
    0x01, 0x01, 0x06, 0x04, 0xa9, 0x04, 0x05, 0x05, 0x04, 0x2e, 0x38, 0x0a, 0x0b, 0x11, 0x11, 0x0b,
    0x0a, 0x38, 0xb2, 0x04, 0x05, 0x05, 0x08, 0x06, 0x06, 0x47, 0x04, 0x05, 0x05, 0x08, 0x06, 0x06,
    0x22, 0x04, 0x05, 0x01, 0x06, 0x08, 0x05, 0x05, 0x00, 0x07, 0x00, 0x00, 0x00, 0x00, 0x01, 0x2c,
    0x01, 0x1a, 0x00, 0x08, 0x00, 0x11, 0x00, 0xa9, 0x00, 0xdb, 0x01, 0x04, 0x01, 0x18, 0x01, 0x20,
    0x00, 0x00, 0x37, 0x14, 0x06, 0x22, 0x26, 0x34, 0x36, 0x32, 0x16, 0x37, 0x22, 0x06, 0x14, 0x16,
    0x32, 0x36, 0x34, 0x26, 0x17, 0x0f, 0x02, 0x06, 0x2f, 0x01, 0x26, 0x0f, 0x02, 0x14, 0x0f, 0x01,
    0x2b, 0x01, 0x26, 0x2f, 0x01, 0x34, 0x2b, 0x01, 0x07, 0x17, 0x16, 0x1f, 0x02, 0x14, 0x0f, 0x01,
    0x06, 0x14, 0x1f, 0x01, 0x16, 0x15, 0x0f, 0x01, 0x06, 0x0f, 0x01, 0x06, 0x23, 0x2f, 0x02, 0x22,
    0x0f, 0x01, 0x06, 0x0f, 0x01, 0x27, 0x26, 0x2f, 0x01, 0x2e, 0x01, 0x23, 0x0f, 0x02, 0x22, 0x2f,
    0x01, 0x26, 0x2f, 0x02, 0x34, 0x3f, 0x01, 0x36, 0x35, 0x31, 0x34, 0x2f, 0x01, 0x26, 0x35, 0x3f,
    0x01, 0x36, 0x3f, 0x01, 0x36, 0x3b, 0x01, 0x1f, 0x01, 0x32, 0x3f, 0x01, 0x36, 0x33, 0x37, 0x17,
    0x32, 0x1f, 0x01, 0x14, 0x16, 0x33, 0x37, 0x27, 0x26, 0x2f, 0x01, 0x26, 0x3f, 0x01, 0x36, 0x2f,
    0x01, 0x26, 0x3f, 0x02, 0x36, 0x1f, 0x01, 0x32, 0x33, 0x3f, 0x01, 0x36, 0x37, 0x33, 0x36, 0x17,
    0x33, 0x16, 0x15, 0x17, 0x14, 0x17, 0x33, 0x37, 0x36, 0x1f, 0x01, 0x16, 0x1f, 0x01, 0x16, 0x0f,
    0x01, 0x06, 0x1f, 0x01, 0x16, 0x07, 0x26, 0x27, 0x07, 0x06, 0x22, 0x27, 0x26, 0x2f, 0x01, 0x2b,
    0x01, 0x07, 0x06, 0x07, 0x06, 0x22, 0x2f, 0x01, 0x06, 0x07, 0x17, 0x16, 0x14, 0x0f, 0x01, 0x16,
    0x17, 0x37, 0x33, 0x32, 0x16, 0x1f, 0x01, 0x3b, 0x01, 0x37, 0x36, 0x37, 0x36, 0x32, 0x1f, 0x01,
    0x31, 0x36, 0x37, 0x27, 0x26, 0x34, 0x3f, 0x01, 0x36, 0x3f, 0x01, 0x27, 0x07, 0x06, 0x26, 0x2f,
    0x01, 0x23, 0x07, 0x06, 0x07, 0x06, 0x2f, 0x01, 0x07, 0x17, 0x1e, 0x01, 0x06, 0x0f, 0x01, 0x17,
    0x37, 0x36, 0x16, 0x1f, 0x01, 0x33, 0x37, 0x36, 0x37, 0x36, 0x1f, 0x01, 0x37, 0x27, 0x26, 0x34,
    0x07, 0x33, 0x15, 0x23, 0x22, 0x26, 0x3d, 0x01, 0x34, 0x36, 0x3b, 0x01, 0x32, 0x16, 0x1d, 0x01,
    0x23, 0x15, 0x14, 0x16, 0x27, 0x33, 0x34, 0x26, 0x2b, 0x01, 0x22, 0x06, 0xc5, 0x0b, 0x10, 0x0b,
    0x0b, 0x10, 0x0b, 0x38, 0x04, 0x05, 0x05, 0x08, 0x05, 0x05, 0x28, 0x01, 0x02, 0x05, 0x03, 0x05,
    0x09, 0x01, 0x01, 0x01, 0x02, 0x03, 0x05, 0x06, 0x08, 0x05, 0x01, 0x02, 0x01, 0x01, 0x07, 0x03,
    0x05, 0x03, 0x01, 0x01, 0x01, 0x0c, 0x03, 0x02, 0x0d, 0x01, 0x01, 0x01, 0x03, 0x05, 0x03, 0x02,
    0x03, 0x02, 0x0e, 0x02, 0x05, 0x01, 0x03, 0x01, 0x05, 0x0c, 0x0c, 0x05, 0x01, 0x02, 0x01, 0x03,
    0x03, 0x02, 0x0e, 0x02, 0x03, 0x02, 0x02, 0x05, 0x04, 0x01, 0x01, 0x01, 0x0d, 0x02, 0x01, 0x0d,
    0x02, 0x01, 0x01, 0x04, 0x05, 0x02, 0x02, 0x03, 0x02, 0x0e, 0x02, 0x05, 0x01, 0x03, 0x01, 0x05,
    0x0c, 0x0c, 0x05, 0x01, 0x03, 0x04, 0x02, 0x0d, 0x02, 0x04, 0x02, 0x01, 0x02, 0x04, 0x07, 0x02,
    0x01, 0x08, 0x04, 0x02, 0x04, 0x05, 0x03, 0x04, 0x09, 0x01, 0x01, 0x01, 0x02, 0x01, 0x05, 0x02,
    0x06, 0x06, 0x03, 0x05, 0x02, 0x01, 0x02, 0x09, 0x05, 0x03, 0x01, 0x04, 0x02, 0x01, 0x02, 0x03,
    0x08, 0x01, 0x01, 0x07, 0x04, 0x49, 0x02, 0x03, 0x0a, 0x03, 0x08, 0x04, 0x09, 0x01, 0x02, 0x06,
    0x06, 0x02, 0x03, 0x08, 0x04, 0x07, 0x03, 0x09, 0x04, 0x02, 0x07, 0x07, 0x07, 0x07, 0x02, 0x04,
    0x0c, 0x04, 0x08, 0x0a, 0x01, 0x01, 0x06, 0x06, 0x02, 0x03, 0x08, 0x04, 0x07, 0x03, 0x0a, 0x03,
    0x02, 0x07, 0x07, 0x07, 0x39, 0x01, 0x02, 0x04, 0x02, 0x06, 0x07, 0x0b, 0x01, 0x01, 0x04, 0x02,
    0x03, 0x03, 0x06, 0x07, 0x05, 0x02, 0x05, 0x04, 0x01, 0x04, 0x02, 0x04, 0x02, 0x06, 0x07, 0x0b,
    0x01, 0x01, 0x04, 0x02, 0x03, 0x03, 0x07, 0x06, 0x05, 0x02, 0x05, 0x04, 0xc7, 0x13, 0x13, 0x17,
    0x21, 0x21, 0x17, 0x96, 0x17, 0x21, 0xf3, 0x15, 0x15, 0xe1, 0x16, 0x10, 0x96, 0x10, 0x15, 0x42,
    0x08, 0x0b, 0x0b, 0x0f, 0x0b, 0x0b, 0x4d, 0x05, 0x08, 0x06, 0x06, 0x08, 0x05, 0x19, 0x02, 0x06,
    0x07, 0x04, 0x02, 0x03, 0x01, 0x01, 0x02, 0x09, 0x03, 0x02, 0x01, 0x01, 0x05, 0x0a, 0x01, 0x02,
    0x04, 0x06, 0x08, 0x04, 0x02, 0x02, 0x02, 0x0a, 0x02, 0x06, 0x01, 0x0c, 0x02, 0x02, 0x02, 0x04,
    0x07, 0x07, 0x03, 0x03, 0x01, 0x04, 0x01, 0x04, 0x10, 0x04, 0x01, 0x01, 0x01, 0x01, 0x04, 0x0f,
    0x02, 0x03, 0x01, 0x04, 0x01, 0x03, 0x03, 0x06, 0x08, 0x04, 0x02, 0x02, 0x02, 0x0b, 0x02, 0x03,
    0x02, 0x02, 0x0b, 0x02, 0x02, 0x03, 0x03, 0x08, 0x06, 0x03, 0x03, 0x05, 0x01, 0x05, 0x0f, 0x05,
    0x01, 0x01, 0x05, 0x0e, 0x03, 0x03, 0x05, 0x02, 0x05, 0x05, 0x03, 0x04, 0x03, 0x07, 0x02, 0x01,
    0x07, 0x03, 0x04, 0x08, 0x07, 0x04, 0x02, 0x03, 0x02, 0x09, 0x05, 0x01, 0x01, 0x01, 0x01, 0x05,
    0x09, 0x01, 0x01, 0x03, 0x02, 0x04, 0x02, 0x05, 0x05, 0x03, 0x04, 0x03, 0x07, 0x01, 0x02, 0x06,
    0x04, 0x2a, 0x05, 0x05, 0x04, 0x01, 0x02, 0x05, 0x09, 0x0a, 0x0d, 0x08, 0x03, 0x02, 0x01, 0x04,
    0x05, 0x05, 0x06, 0x06, 0x12, 0x06, 0x06, 0x06, 0x04, 0x04, 0x0a, 0x06, 0x0a, 0x0d, 0x08, 0x03,
    0x02, 0x01, 0x03, 0x04, 0x06, 0x06, 0x06, 0x12, 0x06, 0x43, 0x03, 0x01, 0x04, 0x03, 0x02, 0x01,
    0x06, 0x07, 0x05, 0x09, 0x04, 0x02, 0x04, 0x02, 0x02, 0x03, 0x05, 0x05, 0x09, 0x06, 0x02, 0x03,
    0x04, 0x02, 0x01, 0x06, 0x07, 0x05, 0x09, 0x04, 0x03, 0x03, 0x02, 0x02, 0x04, 0x04, 0x05, 0x0a,
    0x6b, 0x13, 0x21, 0x17, 0x96, 0x17, 0x21, 0x21, 0x17, 0x13, 0x83, 0x10, 0x15, 0xbb, 0x10, 0x16,
    0x16, 0x00, 0x00, 0x00, 0x00, 0x07, 0x00, 0x00, 0x00, 0x00, 0x01, 0x07, 0x01, 0x1a, 0x00, 0x0a,
    0x00, 0x15, 0x00, 0x3a, 0x00, 0x4a, 0x00, 0x5b, 0x00, 0x6b, 0x00, 0x76, 0x00, 0x00, 0x37, 0x14,
    0x0e, 0x01, 0x2e, 0x02, 0x3e, 0x01, 0x32, 0x16, 0x27, 0x32, 0x3e, 0x01, 0x2e, 0x02, 0x0e, 0x01,
    0x14, 0x16, 0x37, 0x06, 0x07, 0x16, 0x17, 0x15, 0x06, 0x07, 0x16, 0x17, 0x15, 0x14, 0x06, 0x2b,
    0x01, 0x22, 0x26, 0x37, 0x35, 0x34, 0x37, 0x26, 0x3d, 0x01, 0x34, 0x37, 0x26, 0x3d, 0x01, 0x34,
    0x36, 0x3b, 0x01, 0x32, 0x16, 0x07, 0x15, 0x23, 0x14, 0x16, 0x3b, 0x01, 0x32, 0x36, 0x3d, 0x01,
    0x34, 0x26, 0x07, 0x23, 0x26, 0x06, 0x15, 0x17, 0x23, 0x22, 0x06, 0x1d, 0x01, 0x14, 0x16, 0x3b,
    0x01, 0x32, 0x36, 0x3d, 0x01, 0x34, 0x26, 0x07, 0x17, 0x34, 0x26, 0x2b, 0x01, 0x0e, 0x01, 0x1d,
    0x01, 0x14, 0x16, 0x3b, 0x01, 0x32, 0x36, 0x35, 0x27, 0x32, 0x3e, 0x01, 0x2e, 0x02, 0x0e, 0x01,
    0x14, 0x16, 0xe1, 0x03, 0x05, 0x06, 0x04, 0x01, 0x02, 0x05, 0x07, 0x05, 0x09, 0x02, 0x05, 0x02,
    0x01, 0x04, 0x05, 0x06, 0x03, 0x06, 0x33, 0x01, 0x07, 0x07, 0x01, 0x01, 0x07, 0x07, 0x01, 0x11,
    0x0c, 0xa8, 0x0c, 0x11, 0x01, 0x07, 0x07, 0x07, 0x07, 0x10, 0x0c, 0xa8, 0x0c, 0x11, 0x01, 0xce,
    0x06, 0x04, 0xa8, 0x04, 0x06, 0x06, 0x04, 0xa8, 0x04, 0x06, 0xb2, 0xa8, 0x04, 0x06, 0x06, 0x04,
    0xa8, 0x04, 0x06, 0x06, 0x04, 0x0a, 0x06, 0x04, 0xa8, 0x04, 0x06, 0x06, 0x04, 0xa8, 0x04, 0x06,
    0x1c, 0x02, 0x05, 0x02, 0x01, 0x04, 0x05, 0x06, 0x03, 0x06, 0x54, 0x02, 0x05, 0x02, 0x01, 0x04,
    0x05, 0x06, 0x03, 0x06, 0x3e, 0x03, 0x05, 0x06, 0x04, 0x01, 0x02, 0x05, 0x07, 0x05, 0x42, 0x0b,
    0x08, 0x08, 0x0b, 0x25, 0x0b, 0x08, 0x08, 0x0b, 0x25, 0x0c, 0x10, 0x10, 0x0c, 0x25, 0x0b, 0x08,
    0x08, 0x0b, 0x25, 0x0b, 0x08, 0x08, 0x0b, 0x25, 0x0c, 0x10, 0x10, 0x0c, 0x25, 0x04, 0x06, 0x06,
    0x04, 0x25, 0x04, 0x06, 0x01, 0x01, 0x06, 0x04, 0x41, 0x06, 0x04, 0x25, 0x04, 0x06, 0x06, 0x04,
    0x25, 0x04, 0x06, 0x01, 0x54, 0x04, 0x06, 0x01, 0x05, 0x04, 0x25, 0x04, 0x06, 0x06, 0x04, 0x9f,
    0x03, 0x05, 0x06, 0x04, 0x01, 0x02, 0x05, 0x07, 0x05, 0x00, 0x00, 0x00, 0x00, 0x04, 0x00, 0x00,
    0x00, 0x00, 0x01, 0x1a, 0x01, 0x1a, 0x00, 0x13, 0x00, 0x23, 0x00, 0x43, 0x00, 0x54, 0x00, 0x00,
    0x25, 0x14, 0x07, 0x0e, 0x01, 0x2b, 0x01, 0x2e, 0x01, 0x35, 0x36, 0x34, 0x27, 0x34, 0x3e, 0x01,
    0x16, 0x17, 0x16, 0x15, 0x27, 0x16, 0x17, 0x16, 0x33, 0x32, 0x3e, 0x01, 0x27, 0x26, 0x27, 0x26,
    0x0e, 0x01, 0x16, 0x17, 0x27, 0x32, 0x17, 0x32, 0x3e, 0x01, 0x26, 0x27, 0x26, 0x23, 0x22, 0x0e,
    0x01, 0x14, 0x1e, 0x01, 0x33, 0x32, 0x37, 0x3e, 0x01, 0x2e, 0x01, 0x23, 0x06, 0x07, 0x2e, 0x02,
    0x34, 0x3e, 0x01, 0x17, 0x26, 0x06, 0x07, 0x06, 0x07, 0x0e, 0x01, 0x16, 0x33, 0x32, 0x37, 0x36,
    0x37, 0x36, 0x26, 0x27, 0x01, 0x19, 0x02, 0x01, 0x05, 0x03, 0x02, 0x04, 0x04, 0x02, 0x02, 0x04,
    0x08, 0x06, 0x01, 0x02, 0x47, 0x15, 0x0e, 0x02, 0x05, 0x03, 0x06, 0x01, 0x02, 0x0f, 0x19, 0x03,
    0x07, 0x05, 0x02, 0x03, 0x3c, 0x0d, 0x0d, 0x04, 0x06, 0x02, 0x04, 0x04, 0x0f, 0x0f, 0x24, 0x3c,
    0x23, 0x23, 0x3c, 0x24, 0x0f, 0x0f, 0x04, 0x04, 0x02, 0x06, 0x04, 0x0d, 0x0d, 0x1f, 0x33, 0x1f,
    0x1f, 0x33, 0x8b, 0x03, 0x08, 0x02, 0x0e, 0x14, 0x04, 0x01, 0x05, 0x05, 0x02, 0x03, 0x18, 0x10,
    0x02, 0x02, 0x03, 0x96, 0x0d, 0x0c, 0x04, 0x04, 0x01, 0x07, 0x03, 0x0b, 0x16, 0x0b, 0x03, 0x07,
    0x01, 0x04, 0x04, 0x0c, 0x0d, 0x5f, 0x0d, 0x15, 0x04, 0x03, 0x08, 0x03, 0x18, 0x10, 0x02, 0x02,
    0x06, 0x08, 0x02, 0x12, 0x04, 0x04, 0x07, 0x07, 0x01, 0x03, 0x23, 0x3c, 0x48, 0x3c, 0x23, 0x03,
    0x01, 0x07, 0x07, 0x04, 0x03, 0x01, 0x01, 0x1e, 0x33, 0x3e, 0x33, 0x1f, 0xab, 0x02, 0x01, 0x04,
    0x14, 0x0e, 0x02, 0x07, 0x08, 0x01, 0x10, 0x18, 0x04, 0x07, 0x02, 0x00, 0x00, 0x04, 0x00, 0x00,
    0x00, 0x00, 0x01, 0x16, 0x01, 0x1a, 0x00, 0x08, 0x00, 0x11, 0x00, 0x61, 0x00, 0x9a, 0x00, 0x00,
    0x37, 0x22, 0x06, 0x14, 0x16, 0x32, 0x36, 0x34, 0x26, 0x07, 0x22, 0x26, 0x34, 0x36, 0x32, 0x16,
    0x14, 0x06, 0x17, 0x2f, 0x01, 0x26, 0x36, 0x3f, 0x01, 0x36, 0x27, 0x26, 0x27, 0x26, 0x23, 0x0f,
    0x01, 0x23, 0x22, 0x26, 0x2f, 0x01, 0x26, 0x27, 0x26, 0x22, 0x07, 0x06, 0x0f, 0x01, 0x0e, 0x01,
    0x23, 0x22, 0x23, 0x2f, 0x01, 0x22, 0x07, 0x06, 0x07, 0x06, 0x1f, 0x01, 0x16, 0x06, 0x0f, 0x01,
    0x06, 0x17, 0x16, 0x17, 0x16, 0x33, 0x3f, 0x01, 0x33, 0x32, 0x16, 0x1f, 0x01, 0x16, 0x17, 0x16,
    0x32, 0x37, 0x36, 0x3f, 0x01, 0x3e, 0x01, 0x33, 0x32, 0x33, 0x1f, 0x01, 0x32, 0x37, 0x36, 0x37,
    0x36, 0x27, 0x07, 0x27, 0x26, 0x23, 0x22, 0x06, 0x0f, 0x02, 0x06, 0x22, 0x2f, 0x01, 0x2e, 0x01,
    0x2b, 0x01, 0x0f, 0x01, 0x26, 0x27, 0x37, 0x3e, 0x01, 0x2f, 0x02, 0x36, 0x37, 0x17, 0x16, 0x33,
    0x32, 0x36, 0x3f, 0x02, 0x36, 0x32, 0x1f, 0x01, 0x1e, 0x01, 0x3b, 0x01, 0x3f, 0x01, 0x16, 0x17,
    0x07, 0x0e, 0x01, 0x1f, 0x02, 0x06, 0x07, 0x96, 0x10, 0x15, 0x15, 0x20, 0x16, 0x16, 0x10, 0x08,
    0x0b, 0x0b, 0x10, 0x0b, 0x0b, 0x73, 0x18, 0x02, 0x04, 0x01, 0x05, 0x18, 0x04, 0x02, 0x08, 0x13,
    0x02, 0x04, 0x03, 0x20, 0x02, 0x06, 0x09, 0x01, 0x05, 0x01, 0x05, 0x0e, 0x1c, 0x0e, 0x05, 0x01,
    0x06, 0x02, 0x08, 0x04, 0x03, 0x03, 0x1d, 0x03, 0x04, 0x02, 0x13, 0x08, 0x02, 0x04, 0x1a, 0x04,
    0x01, 0x05, 0x18, 0x04, 0x02, 0x08, 0x13, 0x02, 0x04, 0x03, 0x20, 0x03, 0x05, 0x09, 0x01, 0x05,
    0x01, 0x05, 0x0e, 0x1c, 0x0e, 0x05, 0x01, 0x06, 0x02, 0x08, 0x05, 0x02, 0x03, 0x1d, 0x03, 0x04,
    0x02, 0x13, 0x08, 0x02, 0x04, 0x22, 0x17, 0x06, 0x05, 0x0b, 0x12, 0x04, 0x01, 0x04, 0x09, 0x10,
    0x08, 0x05, 0x02, 0x13, 0x0c, 0x07, 0x05, 0x17, 0x0a, 0x06, 0x12, 0x0b, 0x02, 0x09, 0x04, 0x12,
    0x06, 0x0a, 0x17, 0x06, 0x06, 0x0a, 0x12, 0x04, 0x01, 0x05, 0x08, 0x10, 0x09, 0x04, 0x02, 0x13,
    0x0c, 0x07, 0x05, 0x17, 0x0a, 0x06, 0x12, 0x0b, 0x02, 0x09, 0x04, 0x12, 0x06, 0x0a, 0xbc, 0x16,
    0x20, 0x15, 0x15, 0x20, 0x16, 0x39, 0x0b, 0x10, 0x0b, 0x0b, 0x10, 0x0b, 0x0d, 0x14, 0x02, 0x05,
    0x0d, 0x04, 0x14, 0x03, 0x05, 0x1b, 0x15, 0x03, 0x01, 0x0b, 0x07, 0x05, 0x1f, 0x05, 0x01, 0x03,
    0x03, 0x01, 0x05, 0x21, 0x05, 0x05, 0x0b, 0x01, 0x03, 0x15, 0x1b, 0x05, 0x03, 0x16, 0x05, 0x0d,
    0x04, 0x14, 0x04, 0x04, 0x1b, 0x15, 0x03, 0x01, 0x0b, 0x07, 0x05, 0x1f, 0x05, 0x01, 0x03, 0x03,
    0x01, 0x05, 0x21, 0x05, 0x05, 0x0b, 0x01, 0x03, 0x15, 0x1b, 0x04, 0x04, 0x26, 0x08, 0x02, 0x0c,
    0x0a, 0x06, 0x17, 0x01, 0x01, 0x17, 0x0c, 0x10, 0x02, 0x08, 0x0d, 0x0f, 0x10, 0x09, 0x1c, 0x0b,
    0x04, 0x10, 0x0f, 0x0d, 0x08, 0x02, 0x0c, 0x0a, 0x06, 0x17, 0x02, 0x02, 0x17, 0x0c, 0x10, 0x02,
    0x08, 0x0d, 0x0f, 0x10, 0x09, 0x1c, 0x0b, 0x04, 0x0f, 0x10, 0x0d, 0x00, 0x00, 0x04, 0x00, 0x00,
    0x00, 0x00, 0x01, 0x07, 0x00, 0xfe, 0x00, 0x19, 0x00, 0x23, 0x00, 0x3c, 0x00, 0x46, 0x00, 0x00,
    0x37, 0x32, 0x16, 0x17, 0x33, 0x32, 0x16, 0x14, 0x06, 0x07, 0x23, 0x0e, 0x01, 0x22, 0x26, 0x27,
    0x23, 0x22, 0x26, 0x3e, 0x01, 0x37, 0x33, 0x3e, 0x01, 0x33, 0x17, 0x22, 0x06, 0x14, 0x16, 0x32,
    0x36, 0x34, 0x26, 0x23, 0x37, 0x32, 0x16, 0x17, 0x33, 0x32, 0x16, 0x14, 0x06, 0x07, 0x23, 0x0e,
    0x01, 0x22, 0x26, 0x27, 0x23, 0x22, 0x26, 0x34, 0x36, 0x37, 0x33, 0x3e, 0x01, 0x17, 0x22, 0x06,
    0x14, 0x16, 0x32, 0x36, 0x34, 0x26, 0x23, 0x71, 0x0c, 0x15, 0x03, 0x68, 0x04, 0x06, 0x05, 0x03,
    0x6a, 0x03, 0x15, 0x19, 0x15, 0x03, 0x1d, 0x04, 0x06, 0x01, 0x04, 0x03, 0x1f, 0x03, 0x15, 0x0c,
    0x01, 0x08, 0x0b, 0x0b, 0x0f, 0x0b, 0x0b, 0x08, 0x4c, 0x0c, 0x15, 0x03, 0x1d, 0x04, 0x06, 0x05,
    0x03, 0x1f, 0x03, 0x15, 0x19, 0x15, 0x03, 0x68, 0x04, 0x05, 0x04, 0x03, 0x6a, 0x03, 0x15, 0x0d,
    0x08, 0x0b, 0x0b, 0x0f, 0x0b, 0x0b, 0x08, 0x7a, 0x10, 0x0c, 0x06, 0x07, 0x05, 0x01, 0x0c, 0x10,
    0x10, 0x0c, 0x05, 0x08, 0x05, 0x01, 0x0c, 0x10, 0x13, 0x0b, 0x0f, 0x0b, 0x0b, 0x0f, 0x0b, 0x96,
    0x10, 0x0c, 0x05, 0x08, 0x05, 0x01, 0x0c, 0x10, 0x10, 0x0c, 0x06, 0x07, 0x05, 0x01, 0x0c, 0x10,
    0x13, 0x0b, 0x0f, 0x0b, 0x0b, 0x0f, 0x0b, 0x00, 0x00, 0x03, 0x00, 0x00, 0x00, 0x00, 0x01, 0x2d,
    0x01, 0x1b, 0x00, 0x1c, 0x00, 0x33, 0x00, 0x57, 0x00, 0x00, 0x13, 0x26, 0x06, 0x1d, 0x01, 0x07,
    0x06, 0x07, 0x06, 0x07, 0x06, 0x07, 0x14, 0x1e, 0x01, 0x36, 0x37, 0x36, 0x37, 0x36, 0x37, 0x15,
    0x14, 0x16, 0x3f, 0x01, 0x36, 0x34, 0x2f, 0x01, 0x31, 0x16, 0x36, 0x3d, 0x01, 0x17, 0x07, 0x35,
    0x34, 0x26, 0x23, 0x07, 0x06, 0x07, 0x06, 0x07, 0x36, 0x37, 0x36, 0x37, 0x36, 0x37, 0x27, 0x22,
    0x06, 0x1d, 0x01, 0x14, 0x16, 0x3b, 0x01, 0x32, 0x36, 0x27, 0x35, 0x36, 0x26, 0x22, 0x06, 0x1d,
    0x01, 0x14, 0x06, 0x2b, 0x01, 0x22, 0x26, 0x3d, 0x01, 0x34, 0x36, 0x3b, 0x01, 0x32, 0x36, 0x34,
    0x26, 0x23, 0xd4, 0x05, 0x0a, 0x03, 0x0f, 0x0e, 0x18, 0x0f, 0x13, 0x04, 0x03, 0x05, 0x06, 0x02,
    0x1c, 0x21, 0x09, 0x08, 0x0b, 0x04, 0x55, 0x03, 0x04, 0x5b, 0x04, 0x07, 0x3c, 0x3c, 0x06, 0x04,
    0x09, 0x0b, 0x0c, 0x19, 0x17, 0x05, 0x0a, 0x0c, 0x13, 0x0b, 0x0d, 0x82, 0x14, 0x1b, 0x1b, 0x14,
    0x96, 0x13, 0x1c, 0x01, 0x01, 0x06, 0x08, 0x05, 0x11, 0x0b, 0x96, 0x0c, 0x10, 0x10, 0x0c, 0x4b,
    0x04, 0x05, 0x05, 0x04, 0x01, 0x17, 0x04, 0x05, 0x06, 0x25, 0x01, 0x01, 0x05, 0x09, 0x14, 0x1a,
    0x29, 0x03, 0x05, 0x02, 0x01, 0x02, 0x1b, 0x0b, 0x03, 0x02, 0x25, 0x06, 0x05, 0x04, 0x4b, 0x03,
    0x09, 0x03, 0x02, 0x01, 0x06, 0x04, 0x1c, 0x2f, 0x36, 0x1a, 0x04, 0x06, 0x01, 0x02, 0x04, 0x08,
    0x11, 0x12, 0x0d, 0x10, 0x08, 0x04, 0x01, 0x2f, 0x1c, 0x13, 0x96, 0x14, 0x1b, 0x1b, 0x14, 0x38,
    0x04, 0x05, 0x05, 0x04, 0x38, 0x0c, 0x10, 0x10, 0x0c, 0x96, 0x0b, 0x11, 0x05, 0x08, 0x06, 0x00,
    0x00, 0x03, 0x00, 0x00, 0x00, 0x00, 0x01, 0x07, 0x01, 0x10, 0x00, 0x11, 0x00, 0x30, 0x00, 0x44,
    0x00, 0x00, 0x37, 0x14, 0x06, 0x07, 0x15, 0x14, 0x06, 0x22, 0x26, 0x3d, 0x01, 0x2e, 0x01, 0x35,
    0x34, 0x36, 0x32, 0x16, 0x27, 0x0e, 0x01, 0x0f, 0x01, 0x22, 0x06, 0x07, 0x15, 0x1e, 0x01, 0x1f,
    0x01, 0x16, 0x3f, 0x01, 0x3e, 0x01, 0x3d, 0x01, 0x34, 0x26, 0x23, 0x27, 0x2e, 0x01, 0x2f, 0x01,
    0x26, 0x22, 0x0f, 0x01, 0x35, 0x37, 0x3e, 0x01, 0x3f, 0x01, 0x17, 0x1e, 0x01, 0x1f, 0x01, 0x15,
    0x14, 0x06, 0x0f, 0x01, 0x27, 0x2e, 0x01, 0xad, 0x07, 0x07, 0x05, 0x08, 0x05, 0x07, 0x07, 0x0d,
    0x14, 0x0d, 0x27, 0x0e, 0x25, 0x14, 0x10, 0x04, 0x05, 0x01, 0x01, 0x24, 0x21, 0x26, 0x05, 0x05,
    0x26, 0x21, 0x25, 0x06, 0x04, 0x10, 0x14, 0x25, 0x0e, 0x09, 0x03, 0x08, 0x03, 0x57, 0x0a, 0x16,
    0x29, 0x0f, 0x06, 0x06, 0x0f, 0x29, 0x17, 0x09, 0x20, 0x1c, 0x22, 0x22, 0x1c, 0x20, 0xa4, 0x07,
    0x0c, 0x02, 0x15, 0x04, 0x06, 0x06, 0x04, 0x15, 0x02, 0x0c, 0x07, 0x0a, 0x0e, 0x0e, 0x58, 0x0a,
    0x0e, 0x02, 0x02, 0x05, 0x04, 0x34, 0x25, 0x41, 0x13, 0x17, 0x02, 0x02, 0x17, 0x13, 0x41, 0x25,
    0x34, 0x04, 0x05, 0x02, 0x02, 0x0e, 0x0a, 0x07, 0x03, 0x03, 0x60, 0x2b, 0x01, 0x03, 0x10, 0x0a,
    0x04, 0x04, 0x0a, 0x10, 0x03, 0x01, 0x2b, 0x20, 0x38, 0x11, 0x14, 0x14, 0x11, 0x38, 0x00, 0x00,
    0x00, 0x02, 0x00, 0x00, 0x00, 0x00, 0x01, 0x1a, 0x01, 0x1a, 0x00, 0x1d, 0x00, 0x35, 0x00, 0x00,
    0x37, 0x14, 0x06, 0x2b, 0x01, 0x06, 0x26, 0x3d, 0x01, 0x34, 0x36, 0x3b, 0x01, 0x32, 0x1e, 0x01,
    0x06, 0x2b, 0x01, 0x22, 0x06, 0x1d, 0x01, 0x14, 0x16, 0x3b, 0x01, 0x32, 0x16, 0x15, 0x37, 0x23,
    0x37, 0x36, 0x34, 0x26, 0x22, 0x0f, 0x01, 0x06, 0x14, 0x1f, 0x01, 0x16, 0x32, 0x36, 0x34, 0x2f,
    0x01, 0x33, 0x32, 0x36, 0x34, 0x26, 0xbc, 0x06, 0x04, 0x5e, 0x13, 0x1c, 0x1c, 0x13, 0x5e, 0x04,
    0x05, 0x01, 0x06, 0x04, 0x5e, 0x0b, 0x11, 0x11, 0x0b, 0x5e, 0x04, 0x05, 0x55, 0x7f, 0x28, 0x02,
    0x05, 0x08, 0x03, 0x38, 0x03, 0x03, 0x38, 0x03, 0x08, 0x05, 0x02, 0x28, 0x7f, 0x04, 0x05, 0x05,
    0x2f, 0x04, 0x05, 0x01, 0x1c, 0x13, 0x96, 0x14, 0x1b, 0x05, 0x08, 0x05, 0x11, 0x0c, 0x96, 0x0b,
    0x11, 0x05, 0x04, 0x7a, 0x28, 0x03, 0x08, 0x05, 0x03, 0x38, 0x03, 0x07, 0x03, 0x38, 0x03, 0x05,
    0x08, 0x03, 0x28, 0x06, 0x07, 0x06, 0x00, 0x00, 0x00, 0x02, 0x00, 0x00, 0x00, 0x00, 0x01, 0x07,
    0x01, 0x1a, 0x00, 0x1d, 0x00, 0x35, 0x00, 0x00, 0x37, 0x14, 0x06, 0x2b, 0x01, 0x06, 0x26, 0x3d,
    0x01, 0x34, 0x36, 0x3b, 0x01, 0x32, 0x1e, 0x01, 0x06, 0x2b, 0x01, 0x22, 0x06, 0x1d, 0x01, 0x14,
    0x16, 0x3b, 0x01, 0x32, 0x16, 0x15, 0x37, 0x27, 0x26, 0x22, 0x06, 0x14, 0x1f, 0x01, 0x23, 0x22,
    0x06, 0x14, 0x16, 0x3b, 0x01, 0x07, 0x06, 0x14, 0x16, 0x32, 0x3f, 0x01, 0x36, 0x34, 0xbc, 0x06,
    0x04, 0x5e, 0x13, 0x1c, 0x1c, 0x13, 0x5e, 0x04, 0x05, 0x01, 0x06, 0x04, 0x5e, 0x0b, 0x11, 0x11,
    0x0b, 0x5e, 0x04, 0x05, 0x49, 0x38, 0x03, 0x08, 0x05, 0x02, 0x28, 0x7f, 0x04, 0x05, 0x05, 0x04,
    0x7f, 0x28, 0x02, 0x05, 0x08, 0x03, 0x38, 0x03, 0x2f, 0x04, 0x05, 0x01, 0x1c, 0x13, 0x96, 0x14,
    0x1b, 0x05, 0x08, 0x05, 0x11, 0x0c, 0x96, 0x0b, 0x11, 0x05, 0x04, 0x77, 0x38, 0x03, 0x06, 0x07,
    0x03, 0x28, 0x06, 0x08, 0x05, 0x28, 0x03, 0x08, 0x05, 0x02, 0x39, 0x02, 0x08, 0x00, 0x00, 0x00,
    0x00, 0x03, 0x00, 0x00, 0x00, 0x00, 0x01, 0x1a, 0x01, 0x1a, 0x00, 0x0c, 0x00, 0x19, 0x00, 0x27,
    0x00, 0x00, 0x13, 0x22, 0x0e, 0x01, 0x14, 0x1e, 0x01, 0x32, 0x3e, 0x01, 0x34, 0x2e, 0x01, 0x07,
    0x22, 0x2e, 0x01, 0x34, 0x3e, 0x01, 0x32, 0x1e, 0x01, 0x14, 0x0e, 0x01, 0x37, 0x16, 0x14, 0x0f,
    0x01, 0x06, 0x22, 0x26, 0x34, 0x3f, 0x01, 0x36, 0x32, 0x17, 0x96, 0x24, 0x3c, 0x23, 0x23, 0x3c,
    0x48, 0x3c, 0x23, 0x23, 0x3c, 0x24, 0x1f, 0x33, 0x1e, 0x1e, 0x33, 0x3e, 0x33, 0x1f, 0x1f, 0x33,
    0x17, 0x02, 0x02, 0x5e, 0x03, 0x08, 0x05, 0x02, 0x5e, 0x03, 0x08, 0x02, 0x01, 0x19, 0x23, 0x3c,
    0x48, 0x3c, 0x23, 0x23, 0x3c, 0x48, 0x3c, 0x23, 0xf3, 0x1e, 0x33, 0x3e, 0x33, 0x1f, 0x1f, 0x33,
    0x3e, 0x33, 0x1e, 0xa6, 0x03, 0x08, 0x03, 0x5d, 0x03, 0x05, 0x08, 0x03, 0x5e, 0x02, 0x02, 0x00,
    0x00, 0x05, 0x00, 0x00, 0x00, 0x00, 0x01, 0x07, 0x01, 0x07, 0x00, 0x08, 0x00, 0x1c, 0x00, 0x25,
    0x00, 0x32, 0x00, 0x3f, 0x00, 0x00, 0x37, 0x32, 0x36, 0x34, 0x26, 0x22, 0x06, 0x14, 0x16, 0x17,
    0x26, 0x22, 0x0e, 0x01, 0x17, 0x1e, 0x01, 0x32, 0x36, 0x37, 0x36, 0x2e, 0x01, 0x22, 0x07, 0x0e,
    0x01, 0x22, 0x26, 0x37, 0x14, 0x06, 0x22, 0x26, 0x34, 0x36, 0x32, 0x16, 0x17, 0x34, 0x2e, 0x01,
    0x22, 0x0e, 0x01, 0x14, 0x1e, 0x01, 0x32, 0x3e, 0x01, 0x27, 0x34, 0x3e, 0x01, 0x32, 0x1e, 0x01,
    0x14, 0x0e, 0x01, 0x22, 0x2e, 0x01, 0x75, 0x06, 0x08, 0x08, 0x0c, 0x08, 0x08, 0x04, 0x03, 0x07,
    0x06, 0x01, 0x03, 0x09, 0x1a, 0x1c, 0x1a, 0x09, 0x03, 0x01, 0x06, 0x07, 0x03, 0x07, 0x12, 0x14,
    0x12, 0x4b, 0x08, 0x0c, 0x08, 0x08, 0x0c, 0x08, 0x42, 0x1f, 0x33, 0x3e, 0x33, 0x1e, 0x1e, 0x33,
    0x3e, 0x33, 0x1f, 0xcf, 0x19, 0x2c, 0x32, 0x2c, 0x19, 0x19, 0x2c, 0x32, 0x2c, 0x19, 0x9b, 0x08,
    0x0c, 0x08, 0x08, 0x0c, 0x08, 0x24, 0x03, 0x05, 0x08, 0x03, 0x0a, 0x0c, 0x0c, 0x0a, 0x03, 0x08,
    0x05, 0x03, 0x08, 0x08, 0x08, 0x3a, 0x06, 0x08, 0x08, 0x0c, 0x08, 0x08, 0x19, 0x1f, 0x33, 0x1f,
    0x1f, 0x33, 0x3e, 0x33, 0x1e, 0x1e, 0x33, 0x1f, 0x19, 0x2c, 0x19, 0x19, 0x2c, 0x32, 0x2c, 0x19,
    0x19, 0x2c, 0x00, 0x00, 0x00, 0x03, 0x00, 0x00, 0x00, 0x00, 0x01, 0x1a, 0x01, 0x1a, 0x00, 0x31,
    0x00, 0x67, 0x00, 0x70, 0x00, 0x00, 0x37, 0x35, 0x34, 0x26, 0x23, 0x35, 0x34, 0x26, 0x2b, 0x01,
    0x22, 0x06, 0x15, 0x14, 0x17, 0x07, 0x23, 0x22, 0x06, 0x14, 0x16, 0x3b, 0x01, 0x15, 0x06, 0x16,
    0x32, 0x36, 0x3d, 0x01, 0x37, 0x16, 0x3b, 0x01, 0x15, 0x23, 0x22, 0x06, 0x1d, 0x01, 0x22, 0x06,
    0x1e, 0x01, 0x3b, 0x01, 0x32, 0x36, 0x34, 0x26, 0x07, 0x23, 0x22, 0x26, 0x34, 0x36, 0x3b, 0x01,
    0x32, 0x36, 0x3d, 0x01, 0x34, 0x36, 0x3b, 0x01, 0x32, 0x36, 0x3d, 0x01, 0x34, 0x26, 0x2b, 0x01,
    0x22, 0x26, 0x34, 0x36, 0x3b, 0x01, 0x32, 0x16, 0x1d, 0x01, 0x14, 0x16, 0x3b, 0x01, 0x32, 0x16,
    0x1d, 0x01, 0x23, 0x22, 0x06, 0x14, 0x16, 0x3b, 0x01, 0x32, 0x16, 0x14, 0x06, 0x23, 0x27, 0x14,
    0x06, 0x22, 0x26, 0x3e, 0x01, 0x32, 0x16, 0xf4, 0x16, 0x10, 0x1b, 0x14, 0x38, 0x13, 0x1c, 0x08,
    0x15, 0x18, 0x04, 0x06, 0x06, 0x04, 0x13, 0x01, 0x06, 0x08, 0x05, 0x15, 0x0c, 0x0e, 0x1c, 0x12,
    0x10, 0x16, 0x10, 0x16, 0x01, 0x15, 0x10, 0xa9, 0x0f, 0x16, 0x16, 0x0f, 0xa9, 0x08, 0x0b, 0x0b,
    0x08, 0x09, 0x04, 0x06, 0x0b, 0x08, 0x1c, 0x04, 0x05, 0x05, 0x04, 0x26, 0x0c, 0x10, 0x10, 0x0c,
    0x38, 0x0c, 0x11, 0x05, 0x04, 0x09, 0x08, 0x0b, 0x54, 0x04, 0x06, 0x06, 0x04, 0x67, 0x08, 0x0b,
    0x0b, 0x08, 0x71, 0x05, 0x08, 0x06, 0x01, 0x05, 0x08, 0x05, 0x5e, 0x13, 0x0f, 0x16, 0x54, 0x14,
    0x1b, 0x1b, 0x14, 0x0e, 0x0b, 0x15, 0x06, 0x08, 0x05, 0x13, 0x04, 0x05, 0x05, 0x04, 0x18, 0x15,
    0x07, 0x26, 0x16, 0x10, 0x12, 0x16, 0x1f, 0x16, 0x16, 0x1f, 0x16, 0x38, 0x0a, 0x10, 0x0b, 0x05,
    0x04, 0x1d, 0x07, 0x0b, 0x06, 0x04, 0x38, 0x04, 0x05, 0x11, 0x17, 0x11, 0x11, 0x0c, 0x5d, 0x04,
    0x06, 0x0b, 0x07, 0x13, 0x06, 0x08, 0x05, 0x0b, 0x10, 0x0b, 0xc5, 0x04, 0x05, 0x05, 0x08, 0x06,
    0x06, 0x00, 0x00, 0x00, 0x00, 0x06, 0x00, 0x00, 0x00, 0x00, 0x01, 0x1a, 0x01, 0x1a, 0x00, 0x17,
    0x00, 0x2a, 0x00, 0x3a, 0x00, 0x44, 0x00, 0x4e, 0x00, 0x55, 0x00, 0x00, 0x13, 0x34, 0x26, 0x22,
    0x06, 0x1d, 0x01, 0x27, 0x26, 0x22, 0x06, 0x14, 0x1f, 0x01, 0x16, 0x32, 0x3f, 0x01, 0x36, 0x34,
    0x26, 0x22, 0x0f, 0x01, 0x37, 0x23, 0x22, 0x06, 0x1d, 0x01, 0x33, 0x35, 0x33, 0x15, 0x23, 0x15,
    0x33, 0x32, 0x36, 0x3d, 0x01, 0x34, 0x26, 0x07, 0x23, 0x15, 0x33, 0x15, 0x23, 0x16, 0x14, 0x07,
    0x33, 0x32, 0x36, 0x3d, 0x01, 0x34, 0x26, 0x07, 0x14, 0x06, 0x22, 0x26, 0x34, 0x36, 0x32, 0x16,
    0x15, 0x27, 0x34, 0x36, 0x32, 0x16, 0x14, 0x06, 0x2e, 0x01, 0x35, 0x37, 0x22, 0x06, 0x15, 0x33,
    0x34, 0x26, 0x4b, 0x05, 0x08, 0x06, 0x15, 0x03, 0x08, 0x05, 0x03, 0x25, 0x03, 0x08, 0x02, 0x26,
    0x03, 0x06, 0x08, 0x02, 0x16, 0xbb, 0x83, 0x07, 0x0c, 0x13, 0x83, 0x12, 0x12, 0x08, 0x0b, 0x0b,
    0x40, 0x70, 0x70, 0x4c, 0x01, 0x01, 0x4c, 0x08, 0x0b, 0x0b, 0x1b, 0x0a, 0x10, 0x0b, 0x0b, 0x10,
    0x0a, 0x5d, 0x0b, 0x0f, 0x0b, 0x0b, 0x0f, 0x0b, 0x4b, 0x08, 0x0b, 0x25, 0x0b, 0x01, 0x10, 0x04,
    0x05, 0x05, 0x04, 0xdd, 0x15, 0x03, 0x05, 0x08, 0x03, 0x26, 0x02, 0x02, 0x26, 0x03, 0x08, 0x05,
    0x03, 0x15, 0xd4, 0x0c, 0x07, 0x26, 0x26, 0x5e, 0x13, 0x0b, 0x08, 0x5e, 0x07, 0x0c, 0x4b, 0x13,
    0x5e, 0x05, 0x09, 0x05, 0x0b, 0x08, 0x5e, 0x08, 0x0b, 0x4b, 0x08, 0x0b, 0x0b, 0x0f, 0x0b, 0x0b,
    0x08, 0x13, 0x08, 0x0b, 0x0b, 0x10, 0x0b, 0x01, 0x0a, 0x08, 0x5e, 0x0b, 0x08, 0x08, 0x0b, 0x00,
    0x00, 0x02, 0x00, 0x00, 0x00, 0x00, 0x01, 0x07, 0x01, 0x07, 0x00, 0x2a, 0x00, 0x56, 0x00, 0x00,
    0x37, 0x1e, 0x01, 0x36, 0x3f, 0x01, 0x3e, 0x01, 0x3f, 0x01, 0x3e, 0x01, 0x34, 0x26, 0x2f, 0x01,
    0x2e, 0x01, 0x2f, 0x01, 0x2e, 0x01, 0x22, 0x06, 0x0f, 0x01, 0x0e, 0x01, 0x0f, 0x01, 0x0e, 0x01,
    0x1e, 0x01, 0x1f, 0x01, 0x16, 0x1f, 0x01, 0x16, 0x1f, 0x01, 0x16, 0x17, 0x16, 0x32, 0x36, 0x3f,
    0x01, 0x3e, 0x01, 0x3f, 0x01, 0x3e, 0x02, 0x2e, 0x01, 0x2f, 0x01, 0x2e, 0x01, 0x2f, 0x01, 0x2e,
    0x02, 0x0e, 0x01, 0x0f, 0x01, 0x0e, 0x01, 0x0f, 0x01, 0x0e, 0x02, 0x1e, 0x01, 0x1f, 0x01, 0x1e,
    0x01, 0x1f, 0x01, 0x16, 0x66, 0x05, 0x0b, 0x09, 0x02, 0x06, 0x03, 0x0b, 0x07, 0x14, 0x05, 0x07,
    0x07, 0x06, 0x14, 0x07, 0x0b, 0x02, 0x07, 0x01, 0x09, 0x0b, 0x0a, 0x01, 0x07, 0x02, 0x0b, 0x07,
    0x14, 0x05, 0x07, 0x01, 0x06, 0x05, 0x14, 0x07, 0x06, 0x02, 0x04, 0x02, 0x06, 0x02, 0x64, 0x03,
    0x0a, 0x08, 0x01, 0x05, 0x02, 0x06, 0x05, 0x0e, 0x05, 0x05, 0x01, 0x02, 0x06, 0x03, 0x0e, 0x05,
    0x07, 0x01, 0x05, 0x01, 0x07, 0x07, 0x07, 0x05, 0x01, 0x05, 0x01, 0x07, 0x04, 0x0f, 0x03, 0x05,
    0x02, 0x01, 0x05, 0x04, 0x0f, 0x04, 0x07, 0x01, 0x05, 0x02, 0x74, 0x03, 0x01, 0x07, 0x05, 0x14,
    0x07, 0x0b, 0x03, 0x06, 0x02, 0x09, 0x0b, 0x09, 0x02, 0x06, 0x03, 0x0b, 0x07, 0x14, 0x05, 0x06,
    0x06, 0x05, 0x15, 0x07, 0x0a, 0x03, 0x06, 0x02, 0x09, 0x0b, 0x09, 0x02, 0x06, 0x03, 0x05, 0x03,
    0x04, 0x06, 0x14, 0x05, 0x4f, 0x02, 0x05, 0x05, 0x0e, 0x05, 0x06, 0x02, 0x05, 0x01, 0x07, 0x07,
    0x07, 0x05, 0x01, 0x05, 0x01, 0x07, 0x04, 0x0f, 0x05, 0x04, 0x01, 0x02, 0x05, 0x03, 0x0e, 0x05,
    0x07, 0x01, 0x05, 0x01, 0x05, 0x07, 0x07, 0x07, 0x01, 0x05, 0x02, 0x06, 0x05, 0x0e, 0x05, 0x00,
    0x00, 0x04, 0x00, 0x00, 0x00, 0x00, 0x01, 0x07, 0x01, 0x07, 0x00, 0x2a, 0x00, 0x40, 0x00, 0x6c,
    0x00, 0x80, 0x00, 0x00, 0x37, 0x1e, 0x01, 0x36, 0x3f, 0x01, 0x3e, 0x01, 0x3f, 0x01, 0x3e, 0x01,
    0x34, 0x26, 0x2f, 0x01, 0x2e, 0x01, 0x2f, 0x01, 0x2e, 0x01, 0x22, 0x06, 0x0f, 0x01, 0x0e, 0x01,
    0x0f, 0x01, 0x0e, 0x01, 0x1e, 0x01, 0x1f, 0x01, 0x16, 0x1f, 0x01, 0x16, 0x1f, 0x01, 0x16, 0x2f,
    0x01, 0x37, 0x3e, 0x01, 0x3f, 0x01, 0x17, 0x1e, 0x01, 0x1f, 0x01, 0x07, 0x0e, 0x01, 0x0f, 0x01,
    0x27, 0x26, 0x2f, 0x01, 0x26, 0x17, 0x16, 0x32, 0x36, 0x3f, 0x01, 0x3e, 0x01, 0x3f, 0x01, 0x3e,
    0x02, 0x2e, 0x01, 0x2f, 0x01, 0x2e, 0x01, 0x2f, 0x01, 0x2e, 0x02, 0x0e, 0x01, 0x0f, 0x01, 0x0e,
    0x01, 0x0f, 0x01, 0x0e, 0x02, 0x1e, 0x01, 0x1f, 0x01, 0x1e, 0x01, 0x1f, 0x01, 0x16, 0x2f, 0x01,
    0x37, 0x3e, 0x01, 0x3f, 0x01, 0x17, 0x1e, 0x01, 0x1f, 0x01, 0x07, 0x0e, 0x01, 0x0f, 0x01, 0x27,
    0x2e, 0x01, 0x66, 0x05, 0x0b, 0x09, 0x02, 0x06, 0x03, 0x0b, 0x07, 0x14, 0x05, 0x07, 0x07, 0x06,
    0x14, 0x07, 0x0b, 0x02, 0x07, 0x01, 0x09, 0x0b, 0x0a, 0x01, 0x07, 0x02, 0x0b, 0x07, 0x14, 0x05,
    0x07, 0x01, 0x06, 0x05, 0x14, 0x07, 0x06, 0x02, 0x04, 0x02, 0x06, 0x02, 0x17, 0x10, 0x10, 0x0c,
    0x10, 0x04, 0x05, 0x05, 0x04, 0x11, 0x0b, 0x11, 0x10, 0x0c, 0x11, 0x03, 0x05, 0x06, 0x02, 0x06,
    0x04, 0x08, 0x6f, 0x03, 0x0a, 0x08, 0x01, 0x05, 0x02, 0x06, 0x05, 0x0e, 0x05, 0x05, 0x01, 0x02,
    0x06, 0x03, 0x0e, 0x05, 0x07, 0x01, 0x05, 0x01, 0x07, 0x07, 0x07, 0x05, 0x01, 0x05, 0x01, 0x07,
    0x04, 0x0f, 0x03, 0x05, 0x02, 0x01, 0x05, 0x04, 0x0f, 0x04, 0x07, 0x01, 0x05, 0x02, 0x0e, 0x03,
    0x03, 0x09, 0x0d, 0x03, 0x01, 0x01, 0x03, 0x0d, 0x09, 0x03, 0x03, 0x09, 0x0d, 0x03, 0x01, 0x01,
    0x03, 0x0d, 0x74, 0x03, 0x01, 0x07, 0x05, 0x14, 0x07, 0x0b, 0x03, 0x06, 0x02, 0x09, 0x0b, 0x09,
    0x02, 0x06, 0x03, 0x0b, 0x07, 0x14, 0x05, 0x06, 0x06, 0x05, 0x15, 0x07, 0x0a, 0x03, 0x06, 0x02,
    0x09, 0x0b, 0x09, 0x02, 0x06, 0x03, 0x05, 0x03, 0x04, 0x06, 0x14, 0x05, 0x40, 0x05, 0x05, 0x04,
    0x11, 0x0b, 0x10, 0x10, 0x0c, 0x11, 0x03, 0x05, 0x06, 0x03, 0x11, 0x0c, 0x10, 0x10, 0x09, 0x06,
    0x05, 0x09, 0x8b, 0x02, 0x05, 0x05, 0x0e, 0x05, 0x06, 0x02, 0x05, 0x01, 0x07, 0x07, 0x07, 0x05,
    0x01, 0x05, 0x01, 0x07, 0x04, 0x0f, 0x05, 0x04, 0x01, 0x02, 0x05, 0x03, 0x0e, 0x05, 0x07, 0x01,
    0x05, 0x01, 0x05, 0x07, 0x07, 0x07, 0x01, 0x05, 0x02, 0x06, 0x05, 0x0e, 0x05, 0x32, 0x01, 0x01,
    0x03, 0x0d, 0x09, 0x03, 0x03, 0x09, 0x0d, 0x03, 0x01, 0x01, 0x03, 0x0d, 0x09, 0x04, 0x04, 0x09,
    0x0d, 0x00, 0x00, 0x00, 0x00, 0x03, 0x00, 0x00, 0x00, 0x00, 0x01, 0x1a, 0x01, 0x1a, 0x00, 0x0f,
    0x00, 0x19, 0x00, 0x23, 0x00, 0x00, 0x13, 0x23, 0x22, 0x06, 0x1d, 0x01, 0x14, 0x16, 0x3b, 0x01,
    0x32, 0x36, 0x3d, 0x01, 0x34, 0x26, 0x07, 0x35, 0x34, 0x36, 0x3b, 0x01, 0x15, 0x23, 0x22, 0x26,
    0x37, 0x14, 0x06, 0x2b, 0x01, 0x35, 0x33, 0x32, 0x16, 0x15, 0xea, 0xa8, 0x14, 0x1b, 0x1b, 0x14,
    0xa8, 0x14, 0x1b, 0x1b, 0xd8, 0x10, 0x0c, 0x4b, 0x4b, 0x0c, 0x10, 0xe1, 0x11, 0x0c, 0x4b, 0x4b,
    0x0c, 0x11, 0x01, 0x19, 0x1b, 0x14, 0xa8, 0x14, 0x1b, 0x1b, 0x14, 0xa8, 0x14, 0x1b, 0xd7, 0xa8,
    0x0c, 0x11, 0xe1, 0x10, 0x0c, 0x0c, 0x10, 0xe1, 0x11, 0x0c, 0x00, 0x00, 0x00, 0x03, 0x00, 0x00,
    0x00, 0x00, 0x01, 0x1a, 0x01, 0x1a, 0x00, 0x0f, 0x00, 0x19, 0x00, 0x23, 0x00, 0x00, 0x37, 0x15,
    0x14, 0x16, 0x3b, 0x01, 0x32, 0x36, 0x3d, 0x01, 0x34, 0x26, 0x2b, 0x01, 0x22, 0x06, 0x17, 0x23,
    0x22, 0x26, 0x3d, 0x01, 0x33, 0x15, 0x14, 0x06, 0x27, 0x32, 0x16, 0x1d, 0x01, 0x23, 0x35, 0x34,
    0x36, 0x33, 0x13, 0x1b, 0x14, 0xa8, 0x14, 0x1b, 0x1b, 0x14, 0xa8, 0x14, 0x1b, 0xd7, 0xa8, 0x0c,
    0x10, 0xe1, 0x11, 0x0c, 0x0c, 0x11, 0xe1, 0x10, 0x0c, 0xea, 0xa8, 0x14, 0x1b, 0x1b, 0x14, 0xa8,
    0x14, 0x1b, 0x1b, 0xd8, 0x10, 0x0c, 0x4b, 0x4b, 0x0c, 0x10, 0xe1, 0x11, 0x0c, 0x4b, 0x4b, 0x0c,
    0x11, 0x00, 0x00, 0x00, 0x00, 0x03, 0x00, 0x00, 0x00, 0x00, 0x01, 0x1a, 0x01, 0x12, 0x00, 0x08,
    0x00, 0x52, 0x00, 0xa4, 0x00, 0x00, 0x37, 0x32, 0x16, 0x14, 0x06, 0x22, 0x26, 0x34, 0x36, 0x37,
    0x1e, 0x01, 0x1d, 0x01, 0x16, 0x17, 0x36, 0x37, 0x36, 0x37, 0x36, 0x17, 0x16, 0x17, 0x16, 0x15,
    0x14, 0x0e, 0x02, 0x2e, 0x01, 0x0f, 0x01, 0x0e, 0x01, 0x16, 0x1f, 0x01, 0x16, 0x17, 0x16, 0x0e,
    0x02, 0x27, 0x23, 0x22, 0x2e, 0x02, 0x37, 0x34, 0x36, 0x37, 0x33, 0x36, 0x37, 0x23, 0x06, 0x22,
    0x2e, 0x01, 0x37, 0x36, 0x37, 0x30, 0x23, 0x26, 0x27, 0x26, 0x27, 0x35, 0x3e, 0x01, 0x37, 0x35,
    0x32, 0x1e, 0x01, 0x1f, 0x03, 0x26, 0x07, 0x0e, 0x01, 0x07, 0x0e, 0x01, 0x17, 0x31, 0x15, 0x23,
    0x27, 0x26, 0x27, 0x2e, 0x01, 0x2b, 0x01, 0x0e, 0x01, 0x07, 0x1e, 0x01, 0x37, 0x07, 0x0e, 0x01,
    0x2b, 0x01, 0x22, 0x0e, 0x01, 0x16, 0x36, 0x3b, 0x01, 0x36, 0x37, 0x17, 0x22, 0x0e, 0x02, 0x17,
    0x15, 0x23, 0x22, 0x06, 0x15, 0x33, 0x32, 0x37, 0x36, 0x37, 0x36, 0x27, 0x37, 0x16, 0x17, 0x15,
    0x37, 0x36, 0x35, 0x26, 0x2f, 0x01, 0x2e, 0x01, 0x37, 0x3e, 0x02, 0x1e, 0x02, 0x3e, 0x01, 0x3d,
    0x01, 0x2e, 0x01, 0x50, 0x03, 0x06, 0x06, 0x07, 0x06, 0x06, 0x1c, 0x0c, 0x0f, 0x07, 0x05, 0x05,
    0x0a, 0x0d, 0x12, 0x1a, 0x18, 0x11, 0x0c, 0x0d, 0x05, 0x0a, 0x0d, 0x0e, 0x0b, 0x04, 0x02, 0x03,
    0x03, 0x05, 0x07, 0x02, 0x0d, 0x01, 0x01, 0x09, 0x16, 0x1c, 0x10, 0x7d, 0x02, 0x03, 0x02, 0x01,
    0x01, 0x17, 0x11, 0x06, 0x02, 0x05, 0x27, 0x07, 0x0f, 0x0b, 0x01, 0x04, 0x0a, 0x1c, 0x01, 0x0a,
    0x08, 0x11, 0x05, 0x04, 0x1e, 0x16, 0x05, 0x0b, 0x08, 0x02, 0x01, 0x02, 0x7f, 0x10, 0x13, 0x0e,
    0x13, 0x04, 0x01, 0x02, 0x01, 0x03, 0x08, 0x08, 0x07, 0x0b, 0x0e, 0x08, 0x02, 0x15, 0x21, 0x04,
    0x0a, 0x1c, 0x0f, 0x06, 0x01, 0x05, 0x04, 0x13, 0x07, 0x0a, 0x04, 0x05, 0x08, 0x02, 0x3c, 0x03,
    0x08, 0x0c, 0x06, 0x0c, 0x09, 0x05, 0x01, 0x18, 0x08, 0x0a, 0x6e, 0x09, 0x09, 0x0d, 0x03, 0x02,
    0x02, 0x07, 0x06, 0x02, 0x02, 0x04, 0x01, 0x0a, 0x02, 0x08, 0x07, 0x03, 0x02, 0x09, 0x0c, 0x0b,
    0x09, 0x08, 0x07, 0x05, 0x02, 0x11, 0xce, 0x05, 0x08, 0x06, 0x06, 0x08, 0x05, 0x42, 0x01, 0x10,
    0x0b, 0x03, 0x07, 0x07, 0x0e, 0x0b, 0x0e, 0x03, 0x05, 0x0d, 0x0b, 0x12, 0x16, 0x11, 0x07, 0x0c,
    0x08, 0x04, 0x03, 0x06, 0x01, 0x01, 0x02, 0x09, 0x0b, 0x08, 0x03, 0x11, 0x16, 0x10, 0x1d, 0x17,
    0x0b, 0x01, 0x01, 0x03, 0x03, 0x02, 0x12, 0x1b, 0x02, 0x0a, 0x09, 0x03, 0x0a, 0x10, 0x0a, 0x13,
    0x04, 0x02, 0x04, 0x06, 0x0a, 0x08, 0x17, 0x23, 0x09, 0x19, 0x05, 0x08, 0x05, 0x03, 0x01, 0x06,
    0x09, 0x04, 0x02, 0x13, 0x0c, 0x06, 0x17, 0x07, 0x01, 0x0c, 0x0c, 0x08, 0x0c, 0x07, 0x01, 0x1c,
    0x15, 0x0a, 0x09, 0x02, 0x18, 0x03, 0x05, 0x08, 0x0b, 0x03, 0x03, 0x02, 0x03, 0x11, 0x05, 0x0a,
    0x0d, 0x06, 0x0a, 0x0b, 0x07, 0x03, 0x08, 0x0e, 0x09, 0x0f, 0x07, 0x0a, 0x0a, 0x05, 0x05, 0x0b,
    0x0b, 0x10, 0x0c, 0x03, 0x08, 0x17, 0x0b, 0x07, 0x0a, 0x03, 0x01, 0x05, 0x02, 0x02, 0x05, 0x07,
    0x02, 0x0c, 0x1b, 0x00, 0x00, 0x02, 0x00, 0x00, 0x00, 0x00, 0x01, 0x22, 0x01, 0x1a, 0x00, 0x1c,
    0x00, 0x26, 0x00, 0x00, 0x37, 0x22, 0x2f, 0x01, 0x07, 0x06, 0x2e, 0x01, 0x3f, 0x01, 0x27, 0x26,
    0x36, 0x3f, 0x02, 0x3e, 0x01, 0x16, 0x1f, 0x02, 0x1e, 0x01, 0x0f, 0x01, 0x17, 0x16, 0x06, 0x27,
    0x0f, 0x01, 0x17, 0x07, 0x37, 0x17, 0x27, 0x37, 0x27, 0xe0, 0x05, 0x04, 0x41, 0x41, 0x06, 0x0c,
    0x0a, 0x02, 0x0c, 0x35, 0x08, 0x07, 0x0b, 0x49, 0x21, 0x03, 0x0d, 0x0d, 0x03, 0x21, 0x49, 0x0b,
    0x07, 0x08, 0x35, 0x0c, 0x02, 0x0b, 0x53, 0x23, 0x53, 0x3c, 0x0e, 0x49, 0x49, 0x0e, 0x3c, 0x53,
    0x13, 0x02, 0x22, 0x22, 0x03, 0x02, 0x0c, 0x08, 0x48, 0x34, 0x08, 0x15, 0x01, 0x0b, 0x42, 0x06,
    0x05, 0x05, 0x06, 0x42, 0x0b, 0x01, 0x15, 0x08, 0x34, 0x48, 0x08, 0x0d, 0xf4, 0x4b, 0x0c, 0x39,
    0x52, 0x27, 0x26, 0x51, 0x3a, 0x0b, 0x00, 0x00, 0x00, 0x01, 0x00, 0x00, 0x00, 0x00, 0x01, 0x22,
    0x01, 0x1a, 0x00, 0x1c, 0x00, 0x00, 0x25, 0x07, 0x17, 0x16, 0x06, 0x23, 0x22, 0x2f, 0x01, 0x07,
    0x06, 0x2e, 0x01, 0x3f, 0x01, 0x27, 0x26, 0x36, 0x3f, 0x02, 0x3e, 0x01, 0x16, 0x1f, 0x02, 0x1e,
    0x01, 0x01, 0x1a, 0x35, 0x0c, 0x02, 0x0b, 0x08, 0x05, 0x04, 0x41, 0x41, 0x06, 0x0c, 0x0a, 0x02,
    0x0c, 0x35, 0x08, 0x07, 0x0b, 0x49, 0x21, 0x03, 0x0d, 0x0d, 0x03, 0x21, 0x49, 0x0b, 0x07, 0xa4,
    0x34, 0x48, 0x08, 0x0d, 0x02, 0x22, 0x22, 0x03, 0x02, 0x0b, 0x09, 0x48, 0x34, 0x08, 0x15, 0x01,
    0x0b, 0x42, 0x06, 0x05, 0x05, 0x06, 0x42, 0x0b, 0x01, 0x15, 0x00, 0x00, 0x00, 0x02, 0x00, 0x00,
    0x00, 0x00, 0x01, 0x22, 0x01, 0x1a, 0x00, 0x1e, 0x00, 0x2a, 0x00, 0x00, 0x25, 0x26, 0x2f, 0x02,
    0x2e, 0x01, 0x06, 0x0f, 0x02, 0x0e, 0x01, 0x1f, 0x01, 0x07, 0x06, 0x1e, 0x01, 0x3f, 0x01, 0x17,
    0x16, 0x33, 0x32, 0x36, 0x2f, 0x01, 0x37, 0x36, 0x27, 0x07, 0x06, 0x15, 0x17, 0x27, 0x26, 0x23,
    0x35, 0x17, 0x16, 0x1f, 0x01, 0x01, 0x1e, 0x03, 0x0b, 0x49, 0x21, 0x03, 0x0d, 0x0d, 0x03, 0x21,
    0x49, 0x0b, 0x07, 0x08, 0x35, 0x0c, 0x02, 0x0a, 0x0c, 0x06, 0x41, 0x41, 0x04, 0x05, 0x08, 0x0b,
    0x02, 0x0c, 0x35, 0x08, 0x04, 0x4a, 0x03, 0x0e, 0x45, 0x02, 0x02, 0x22, 0x02, 0x05, 0x4e, 0xb6,
    0x0b, 0x01, 0x0b, 0x42, 0x06, 0x05, 0x05, 0x06, 0x42, 0x0a, 0x02, 0x15, 0x08, 0x34, 0x48, 0x09,
    0x0b, 0x02, 0x03, 0x22, 0x22, 0x02, 0x0c, 0x09, 0x49, 0x33, 0x08, 0x0a, 0x3c, 0x03, 0x05, 0x4c,
    0x24, 0x01, 0xba, 0x45, 0x04, 0x01, 0x0a, 0x00, 0x00, 0x03, 0x00, 0x00, 0x00, 0x00, 0x01, 0x1a,
    0x01, 0x1a, 0x00, 0x0f, 0x00, 0x1c, 0x00, 0x2a, 0x00, 0x00, 0x37, 0x22, 0x06, 0x1d, 0x01, 0x14,
    0x16, 0x3b, 0x01, 0x32, 0x36, 0x3d, 0x01, 0x34, 0x26, 0x23, 0x07, 0x34, 0x3e, 0x01, 0x32, 0x1e,
    0x01, 0x14, 0x0e, 0x01, 0x22, 0x2e, 0x01, 0x37, 0x22, 0x0e, 0x01, 0x14, 0x1e, 0x01, 0x32, 0x3e,
    0x01, 0x34, 0x2e, 0x01, 0x07, 0x71, 0x08, 0x0b, 0x0b, 0x08, 0x4b, 0x07, 0x0b, 0x0b, 0x08, 0xa8,
    0x23, 0x3c, 0x48, 0x3c, 0x23, 0x23, 0x3c, 0x48, 0x3c, 0x23, 0x83, 0x1f, 0x33, 0x1e, 0x1e, 0x33,
    0x3e, 0x33, 0x1f, 0x1f, 0x33, 0x1f, 0xce, 0x0b, 0x08, 0x4a, 0x08, 0x0b, 0x0b, 0x08, 0x4b, 0x07,
    0x0b, 0x38, 0x24, 0x3c, 0x23, 0x23, 0x3c, 0x48, 0x3c, 0x23, 0x23, 0x3c, 0x95, 0x1f, 0x33, 0x3e,
    0x33, 0x1e, 0x1e, 0x33, 0x3e, 0x33, 0x1f, 0x01, 0x00, 0x02, 0x00, 0x00, 0x00, 0x00, 0x01, 0x07,
    0x01, 0x07, 0x00, 0x18, 0x00, 0x3d, 0x00, 0x00, 0x37, 0x34, 0x36, 0x33, 0x32, 0x16, 0x17, 0x1e,
    0x01, 0x3e, 0x01, 0x27, 0x2e, 0x01, 0x23, 0x26, 0x07, 0x0e, 0x01, 0x15, 0x14, 0x17, 0x33, 0x2e,
    0x01, 0x17, 0x32, 0x16, 0x14, 0x06, 0x2b, 0x01, 0x16, 0x15, 0x14, 0x06, 0x07, 0x06, 0x23, 0x2e,
    0x01, 0x27, 0x26, 0x3e, 0x01, 0x16, 0x17, 0x1e, 0x01, 0x33, 0x32, 0x36, 0x35, 0x34, 0x26, 0x27,
    0x23, 0x22, 0x26, 0x34, 0x36, 0x33, 0x5e, 0x20, 0x1a, 0x12, 0x1c, 0x06, 0x02, 0x07, 0x07, 0x02,
    0x02, 0x08, 0x26, 0x16, 0x1f, 0x16, 0x0b, 0x0d, 0x0f, 0x20, 0x0d, 0x0f, 0x9f, 0x04, 0x06, 0x06,
    0x04, 0x2c, 0x10, 0x0d, 0x0b, 0x16, 0x1f, 0x17, 0x24, 0x0b, 0x02, 0x02, 0x06, 0x08, 0x02, 0x07,
    0x1c, 0x13, 0x19, 0x21, 0x11, 0x10, 0x7e, 0x04, 0x05, 0x05, 0x04, 0xcc, 0x10, 0x18, 0x0e, 0x0a,
    0x03, 0x02, 0x04, 0x07, 0x04, 0x0f, 0x11, 0x01, 0x10, 0x08, 0x16, 0x0d, 0x13, 0x10, 0x05, 0x14,
    0x2c, 0x05, 0x08, 0x06, 0x0f, 0x14, 0x0d, 0x15, 0x08, 0x11, 0x01, 0x11, 0x0f, 0x03, 0x08, 0x04,
    0x02, 0x03, 0x0b, 0x0d, 0x19, 0x0f, 0x0b, 0x13, 0x05, 0x06, 0x08, 0x05, 0x00, 0x05, 0x00, 0x00,
    0x00, 0x00, 0x01, 0x1a, 0x00, 0xf4, 0x00, 0x08, 0x00, 0x11, 0x00, 0x1a, 0x00, 0x30, 0x00, 0x47,
    0x00, 0x00, 0x37, 0x32, 0x36, 0x2e, 0x01, 0x22, 0x06, 0x14, 0x16, 0x37, 0x14, 0x06, 0x22, 0x26,
    0x34, 0x36, 0x32, 0x16, 0x17, 0x32, 0x36, 0x34, 0x26, 0x22, 0x06, 0x14, 0x16, 0x07, 0x23, 0x22,
    0x26, 0x3d, 0x01, 0x34, 0x36, 0x3b, 0x01, 0x32, 0x16, 0x14, 0x06, 0x2b, 0x01, 0x15, 0x33, 0x32,
    0x16, 0x14, 0x06, 0x33, 0x23, 0x22, 0x26, 0x34, 0x36, 0x3b, 0x01, 0x35, 0x23, 0x22, 0x26, 0x34,
    0x36, 0x3b, 0x01, 0x32, 0x16, 0x1d, 0x01, 0x14, 0x06, 0x23, 0x5e, 0x08, 0x0b, 0x01, 0x0a, 0x10,
    0x0b, 0x0b, 0x53, 0x0b, 0x10, 0x0b, 0x0b, 0x10, 0x0b, 0x25, 0x08, 0x0b, 0x0b, 0x10, 0x0b, 0x0b,
    0x97, 0x09, 0x08, 0x0b, 0x0b, 0x08, 0x09, 0x04, 0x05, 0x05, 0x04, 0x09, 0x09, 0x04, 0x05, 0x05,
    0xd4, 0x0a, 0x04, 0x05, 0x05, 0x04, 0x0a, 0x0a, 0x04, 0x05, 0x05, 0x04, 0x0a, 0x07, 0x0b, 0x0b,
    0x08, 0x83, 0x0b, 0x10, 0x0b, 0x0b, 0x10, 0x0b, 0x13, 0x08, 0x0b, 0x0b, 0x10, 0x0b, 0x0b, 0x1b,
    0x0b, 0x10, 0x0b, 0x0b, 0x10, 0x0b, 0x4b, 0x0b, 0x08, 0x96, 0x08, 0x0b, 0x06, 0x08, 0x05, 0x96,
    0x05, 0x08, 0x06, 0x06, 0x08, 0x05, 0x96, 0x05, 0x08, 0x06, 0x0b, 0x08, 0x96, 0x08, 0x0b, 0x00,
    0x00, 0x02, 0x00, 0x00, 0x00, 0x00, 0x00, 0xf4, 0x01, 0x07, 0x00, 0x1b, 0x00, 0x37, 0x00, 0x00,
    0x37, 0x23, 0x22, 0x26, 0x3d, 0x01, 0x34, 0x36, 0x3b, 0x01, 0x32, 0x16, 0x14, 0x06, 0x2b, 0x01,
    0x22, 0x06, 0x1d, 0x01, 0x14, 0x16, 0x3b, 0x01, 0x32, 0x16, 0x14, 0x06, 0x37, 0x35, 0x34, 0x26,
    0x2b, 0x01, 0x0e, 0x01, 0x14, 0x16, 0x3b, 0x01, 0x32, 0x16, 0x1d, 0x01, 0x14, 0x06, 0x2b, 0x01,
    0x22, 0x06, 0x14, 0x16, 0x3b, 0x01, 0x32, 0x36, 0x5e, 0x0a, 0x0b, 0x11, 0x11, 0x0b, 0x0a, 0x04,
    0x05, 0x05, 0x04, 0x0a, 0x03, 0x06, 0x06, 0x03, 0x0a, 0x04, 0x05, 0x05, 0x92, 0x11, 0x0b, 0x0a,
    0x04, 0x05, 0x05, 0x04, 0x0a, 0x03, 0x06, 0x06, 0x03, 0x0a, 0x04, 0x05, 0x05, 0x04, 0x0a, 0x0b,
    0x11, 0x26, 0x10, 0x0c, 0xa8, 0x0c, 0x11, 0x06, 0x08, 0x05, 0x06, 0x04, 0xa8, 0x04, 0x06, 0x05,
    0x08, 0x05, 0x1c, 0xa8, 0x0c, 0x11, 0x01, 0x05, 0x08, 0x05, 0x06, 0x04, 0xa8, 0x04, 0x06, 0x05,
    0x08, 0x05, 0x10, 0x00, 0x00, 0x03, 0x00, 0x00, 0x00, 0x00, 0x01, 0x2c, 0x00, 0xf4, 0x00, 0x14,
    0x00, 0x24, 0x00, 0x43, 0x00, 0x00, 0x37, 0x06, 0x14, 0x16, 0x32, 0x3f, 0x01, 0x36, 0x34, 0x2f,
    0x01, 0x26, 0x22, 0x06, 0x14, 0x1f, 0x01, 0x23, 0x15, 0x33, 0x07, 0x37, 0x23, 0x22, 0x06, 0x1d,
    0x01, 0x14, 0x16, 0x3b, 0x01, 0x32, 0x36, 0x3d, 0x01, 0x34, 0x26, 0x17, 0x14, 0x06, 0x2b, 0x01,
    0x35, 0x23, 0x17, 0x16, 0x14, 0x06, 0x22, 0x2f, 0x01, 0x26, 0x34, 0x3f, 0x01, 0x36, 0x32, 0x16,
    0x14, 0x0f, 0x01, 0x33, 0x35, 0x33, 0x32, 0x16, 0x1d, 0x01, 0xc8, 0x03, 0x05, 0x08, 0x03, 0x2f,
    0x03, 0x03, 0x2f, 0x03, 0x08, 0x05, 0x03, 0x1e, 0x50, 0x50, 0x1e, 0x35, 0xce, 0x14, 0x1b, 0x1b,
    0x14, 0xce, 0x14, 0x1b, 0x1b, 0x08, 0x10, 0x0c, 0x67, 0x51, 0x1f, 0x03, 0x05, 0x08, 0x03, 0x2f,
    0x03, 0x03, 0x2f, 0x03, 0x08, 0x05, 0x03, 0x1f, 0x51, 0x67, 0x0c, 0x10, 0x64, 0x02, 0x08, 0x06,
    0x03, 0x2f, 0x03, 0x08, 0x02, 0x2f, 0x03, 0x06, 0x07, 0x03, 0x1f, 0x13, 0x1f, 0x90, 0x1c, 0x13,
    0x71, 0x13, 0x1c, 0x1c, 0x13, 0x71, 0x13, 0x1c, 0xa0, 0x0b, 0x11, 0x4b, 0x1f, 0x02, 0x08, 0x06,
    0x03, 0x2f, 0x03, 0x08, 0x02, 0x2f, 0x03, 0x06, 0x07, 0x03, 0x1f, 0x4b, 0x11, 0x0b, 0x71, 0x00,
    0x00, 0x04, 0x00, 0x00, 0x00, 0x00, 0x01, 0x0c, 0x01, 0x03, 0x00, 0x3a, 0x00, 0x3e, 0x00, 0x42,
    0x00, 0x46, 0x00, 0x00, 0x37, 0x26, 0x22, 0x0f, 0x01, 0x23, 0x35, 0x33, 0x06, 0x16, 0x1f, 0x01,
    0x16, 0x32, 0x3f, 0x01, 0x36, 0x34, 0x2f, 0x01, 0x26, 0x22, 0x0f, 0x01, 0x23, 0x37, 0x36, 0x34,
    0x2f, 0x01, 0x26, 0x22, 0x0f, 0x01, 0x06, 0x14, 0x1f, 0x01, 0x16, 0x32, 0x3f, 0x01, 0x33, 0x15,
    0x14, 0x16, 0x3b, 0x01, 0x06, 0x16, 0x1f, 0x01, 0x16, 0x32, 0x3f, 0x01, 0x36, 0x34, 0x2f, 0x02,
    0x37, 0x1f, 0x01, 0x07, 0x27, 0x37, 0x07, 0x27, 0x37, 0x17, 0xf8, 0x06, 0x0f, 0x06, 0x09, 0x2b,
    0x19, 0x03, 0x01, 0x05, 0x0f, 0x05, 0x10, 0x05, 0x18, 0x06, 0x06, 0x0e, 0x06, 0x0f, 0x06, 0x09,
    0x56, 0x0f, 0x05, 0x05, 0x19, 0x05, 0x10, 0x05, 0x3e, 0x05, 0x05, 0x18, 0x06, 0x0f, 0x06, 0x1c,
    0x2b, 0x05, 0x04, 0x23, 0x03, 0x01, 0x05, 0x0f, 0x05, 0x10, 0x05, 0x18, 0x06, 0x06, 0xc4, 0x19,
    0x3e, 0x18, 0x7a, 0x18, 0x0f, 0x18, 0x09, 0x0f, 0x18, 0x0f, 0x67, 0x06, 0x06, 0x09, 0x4b, 0x06,
    0x0c, 0x05, 0x0f, 0x05, 0x05, 0x18, 0x06, 0x10, 0x05, 0x0f, 0x05, 0x05, 0x09, 0x0e, 0x06, 0x0f,
    0x06, 0x18, 0x06, 0x06, 0x3e, 0x05, 0x10, 0x05, 0x18, 0x06, 0x06, 0x1c, 0x55, 0x04, 0x05, 0x05,
    0x0d, 0x05, 0x0e, 0x06, 0x06, 0x18, 0x05, 0x10, 0x05, 0x42, 0x18, 0x3e, 0x18, 0x2f, 0x18, 0x0e,
    0x19, 0x85, 0x0f, 0x18, 0x0f, 0x00, 0x00, 0x00, 0x00, 0x07, 0x00, 0x00, 0x00, 0x00, 0x01, 0x1a,
    0x01, 0x1a, 0x00, 0x1f, 0x00, 0x3f, 0x00, 0x48, 0x00, 0x51, 0x00, 0x5a, 0x00, 0x64, 0x00, 0x6d,
    0x00, 0x00, 0x13, 0x22, 0x0e, 0x01, 0x15, 0x14, 0x16, 0x33, 0x36, 0x37, 0x3e, 0x01, 0x37, 0x36,
    0x32, 0x16, 0x1d, 0x01, 0x14, 0x1e, 0x01, 0x33, 0x32, 0x37, 0x36, 0x37, 0x36, 0x35, 0x34, 0x2e,
    0x01, 0x23, 0x17, 0x22, 0x26, 0x3d, 0x01, 0x34, 0x26, 0x23, 0x22, 0x07, 0x06, 0x07, 0x0e, 0x01,
    0x23, 0x22, 0x26, 0x35, 0x34, 0x3e, 0x02, 0x1e, 0x01, 0x15, 0x06, 0x07, 0x06, 0x07, 0x06, 0x23,
    0x31, 0x37, 0x14, 0x06, 0x22, 0x26, 0x34, 0x36, 0x1e, 0x01, 0x37, 0x14, 0x06, 0x22, 0x26, 0x34,
    0x36, 0x32, 0x16, 0x27, 0x14, 0x06, 0x22, 0x26, 0x34, 0x36, 0x32, 0x16, 0x17, 0x26, 0x36, 0x32,
    0x16, 0x14, 0x06, 0x22, 0x26, 0x2f, 0x01, 0x14, 0x06, 0x22, 0x26, 0x34, 0x36, 0x32, 0x16, 0x96,
    0x24, 0x3c, 0x23, 0x19, 0x13, 0x09, 0x06, 0x05, 0x0c, 0x04, 0x06, 0x10, 0x0a, 0x12, 0x1e, 0x12,
    0x1c, 0x14, 0x12, 0x09, 0x09, 0x23, 0x3c, 0x24, 0x2f, 0x14, 0x1b, 0x15, 0x10, 0x0c, 0x0a, 0x06,
    0x07, 0x05, 0x05, 0x05, 0x0b, 0x0e, 0x1d, 0x33, 0x3f, 0x33, 0x1f, 0x01, 0x06, 0x07, 0x0e, 0x10,
    0x16, 0x1c, 0x0b, 0x10, 0x0b, 0x0b, 0x10, 0x0b, 0x13, 0x0b, 0x10, 0x0b, 0x0b, 0x10, 0x0b, 0x83,
    0x0b, 0x10, 0x0b, 0x0b, 0x10, 0x0b, 0x4b, 0x01, 0x0b, 0x10, 0x0b, 0x0b, 0x10, 0x0a, 0x01, 0x12,
    0x0b, 0x10, 0x0b, 0x0b, 0x10, 0x0b, 0x01, 0x19, 0x20, 0x39, 0x24, 0x12, 0x1a, 0x01, 0x03, 0x01,
    0x0a, 0x01, 0x03, 0x0e, 0x09, 0x18, 0x11, 0x1f, 0x11, 0x14, 0x13, 0x1f, 0x1d, 0x20, 0x24, 0x3c,
    0x23, 0xf3, 0x1b, 0x13, 0x18, 0x12, 0x18, 0x05, 0x02, 0x06, 0x03, 0x03, 0x0f, 0x0a, 0x1e, 0x31,
    0x1b, 0x01, 0x1f, 0x33, 0x1f, 0x19, 0x18, 0x1c, 0x10, 0x14, 0x39, 0x08, 0x0b, 0x0b, 0x10, 0x0b,
    0x01, 0x0a, 0x30, 0x08, 0x0b, 0x0b, 0x10, 0x0b, 0x0b, 0x30, 0x08, 0x0b, 0x0b, 0x10, 0x0b, 0x0b,
    0x08, 0x08, 0x0b, 0x0b, 0x10, 0x0b, 0x0b, 0x08, 0x13, 0x08, 0x0b, 0x0b, 0x10, 0x0b, 0x0b, 0x00,
    0x00, 0x04, 0x00, 0x00, 0x00, 0x00, 0x01, 0x07, 0x01, 0x07, 0x00, 0x0f, 0x00, 0x1f, 0x00, 0x2c,
    0x00, 0x38, 0x00, 0x00, 0x13, 0x22, 0x06, 0x07, 0x15, 0x1e, 0x01, 0x17, 0x33, 0x3e, 0x01, 0x3d,
    0x01, 0x34, 0x26, 0x23, 0x07, 0x34, 0x36, 0x3b, 0x01, 0x32, 0x16, 0x1d, 0x01, 0x14, 0x06, 0x2b,
    0x01, 0x22, 0x26, 0x35, 0x37, 0x34, 0x36, 0x17, 0x33, 0x36, 0x16, 0x14, 0x06, 0x2b, 0x01, 0x22,
    0x26, 0x17, 0x23, 0x22, 0x06, 0x14, 0x16, 0x37, 0x33, 0x32, 0x36, 0x34, 0x26, 0x54, 0x13, 0x1b,
    0x01, 0x01, 0x1b, 0x13, 0x84, 0x13, 0x1c, 0x1c, 0x13, 0xa0, 0x11, 0x0b, 0x84, 0x0b, 0x11, 0x11,
    0x0b, 0x84, 0x0b, 0x11, 0x26, 0x05, 0x04, 0x5e, 0x04, 0x05, 0x05, 0x04, 0x5e, 0x04, 0x05, 0x67,
    0x5e, 0x04, 0x05, 0x05, 0x04, 0x5e, 0x04, 0x05, 0x05, 0x01, 0x07, 0x1c, 0x13, 0x84, 0x13, 0x1b,
    0x01, 0x01, 0x1b, 0x13, 0x84, 0x13, 0x1c, 0x2f, 0x0b, 0x11, 0x11, 0x0b, 0x84, 0x0b, 0x11, 0x11,
    0x0b, 0x5e, 0x04, 0x06, 0x01, 0x01, 0x06, 0x08, 0x05, 0x05, 0x2b, 0x05, 0x08, 0x06, 0x01, 0x05,
    0x08, 0x05, 0x00, 0x00, 0x00, 0x05, 0x00, 0x00, 0x00, 0x00, 0x01, 0x1a, 0x01, 0x07, 0x00, 0x1d,
    0x00, 0x29, 0x00, 0x34, 0x00, 0x40, 0x00, 0x50, 0x00, 0x00, 0x25, 0x15, 0x14, 0x06, 0x2b, 0x01,
    0x35, 0x34, 0x27, 0x33, 0x32, 0x36, 0x3d, 0x01, 0x34, 0x26, 0x2b, 0x01, 0x22, 0x06, 0x1d, 0x01,
    0x23, 0x35, 0x34, 0x36, 0x3b, 0x01, 0x32, 0x16, 0x07, 0x32, 0x36, 0x34, 0x26, 0x2b, 0x01, 0x22,
    0x06, 0x14, 0x16, 0x33, 0x17, 0x34, 0x26, 0x2b, 0x01, 0x32, 0x16, 0x17, 0x33, 0x32, 0x36, 0x07,
    0x23, 0x22, 0x06, 0x14, 0x16, 0x3b, 0x01, 0x32, 0x36, 0x34, 0x26, 0x37, 0x15, 0x0e, 0x01, 0x2b,
    0x01, 0x22, 0x26, 0x3d, 0x01, 0x34, 0x36, 0x3b, 0x01, 0x32, 0x16, 0x01, 0x19, 0x10, 0x0c, 0x2f,
    0x01, 0x30, 0x04, 0x06, 0x06, 0x04, 0x70, 0x04, 0x06, 0x12, 0x10, 0x0c, 0x70, 0x0c, 0x10, 0x2f,
    0x04, 0x06, 0x06, 0x04, 0x4b, 0x04, 0x05, 0x05, 0x04, 0x55, 0x06, 0x04, 0x4b, 0x0c, 0x13, 0x07,
    0x25, 0x04, 0x06, 0x67, 0x4b, 0x04, 0x06, 0x06, 0x04, 0x4b, 0x04, 0x05, 0x05, 0x2b, 0x01, 0x10,
    0x0c, 0x70, 0x0c, 0x10, 0x10, 0x0c, 0x70, 0x0c, 0x11, 0xea, 0x4b, 0x0c, 0x10, 0x0a, 0x04, 0x05,
    0x05, 0x04, 0x4b, 0x04, 0x06, 0x06, 0x04, 0x2e, 0x2e, 0x0c, 0x11, 0x11, 0x28, 0x06, 0x08, 0x05,
    0x05, 0x08, 0x06, 0x1c, 0x04, 0x06, 0x0b, 0x08, 0x05, 0x3d, 0x06, 0x08, 0x05, 0x05, 0x08, 0x06,
    0x1c, 0x4b, 0x0c, 0x10, 0x10, 0x0c, 0x4b, 0x0b, 0x11, 0x11, 0x00, 0x00, 0x00, 0x07, 0x00, 0x00,
    0x00, 0x00, 0x01, 0x1a, 0x01, 0x07, 0x00, 0x1d, 0x00, 0x29, 0x00, 0x34, 0x00, 0x40, 0x00, 0x4c,
    0x00, 0x5c, 0x00, 0x6c, 0x00, 0x00, 0x25, 0x15, 0x14, 0x06, 0x2b, 0x01, 0x35, 0x34, 0x27, 0x33,
    0x32, 0x36, 0x3d, 0x01, 0x34, 0x26, 0x2b, 0x01, 0x22, 0x06, 0x1d, 0x01, 0x23, 0x35, 0x34, 0x36,
    0x3b, 0x01, 0x32, 0x16, 0x07, 0x32, 0x36, 0x34, 0x26, 0x2b, 0x01, 0x22, 0x06, 0x14, 0x16, 0x33,
    0x17, 0x34, 0x26, 0x2b, 0x01, 0x32, 0x16, 0x17, 0x33, 0x32, 0x36, 0x07, 0x23, 0x22, 0x06, 0x14,
    0x16, 0x3b, 0x01, 0x3e, 0x01, 0x34, 0x26, 0x07, 0x23, 0x22, 0x06, 0x14, 0x16, 0x3b, 0x01, 0x32,
    0x36, 0x34, 0x26, 0x37, 0x15, 0x0e, 0x01, 0x2b, 0x01, 0x22, 0x26, 0x3d, 0x01, 0x34, 0x36, 0x3b,
    0x01, 0x32, 0x16, 0x07, 0x34, 0x26, 0x2b, 0x01, 0x22, 0x06, 0x1d, 0x01, 0x14, 0x16, 0x3b, 0x01,
    0x32, 0x36, 0x35, 0x01, 0x19, 0x10, 0x0c, 0x2f, 0x01, 0x30, 0x04, 0x06, 0x06, 0x04, 0x70, 0x04,
    0x06, 0x12, 0x10, 0x0c, 0x70, 0x0c, 0x10, 0x2f, 0x04, 0x06, 0x06, 0x04, 0x4b, 0x04, 0x05, 0x05,
    0x04, 0x55, 0x06, 0x04, 0x4b, 0x0c, 0x13, 0x07, 0x25, 0x04, 0x06, 0x67, 0x4b, 0x04, 0x06, 0x06,
    0x04, 0x4b, 0x04, 0x05, 0x05, 0x04, 0x4b, 0x04, 0x06, 0x06, 0x04, 0x4b, 0x04, 0x05, 0x05, 0x2b,
    0x01, 0x10, 0x0c, 0x70, 0x0c, 0x10, 0x10, 0x0c, 0x70, 0x0c, 0x11, 0x13, 0x06, 0x04, 0x70, 0x04,
    0x05, 0x05, 0x04, 0x70, 0x04, 0x06, 0xea, 0x4b, 0x0c, 0x10, 0x0a, 0x04, 0x05, 0x05, 0x04, 0x4b,
    0x04, 0x06, 0x06, 0x04, 0x2e, 0x2e, 0x0c, 0x11, 0x11, 0x28, 0x06, 0x08, 0x05, 0x05, 0x08, 0x06,
    0x1c, 0x04, 0x06, 0x0b, 0x08, 0x05, 0x2b, 0x05, 0x08, 0x06, 0x01, 0x05, 0x08, 0x05, 0x25, 0x06,
    0x08, 0x05, 0x05, 0x08, 0x06, 0x2f, 0x4b, 0x0c, 0x10, 0x10, 0x0c, 0x4b, 0x0b, 0x11, 0x11, 0x0b,
    0x03, 0x06, 0x06, 0x03, 0x4b, 0x04, 0x06, 0x06, 0x04, 0x00, 0x00, 0x00, 0x00, 0x02, 0x00, 0x00,
    0x00, 0x00, 0x00, 0xf7, 0x01, 0x1a, 0x00, 0x16, 0x00, 0x28, 0x00, 0x00, 0x13, 0x3e, 0x01, 0x3b,
    0x01, 0x32, 0x16, 0x0f, 0x01, 0x33, 0x32, 0x16, 0x0f, 0x01, 0x06, 0x2e, 0x01, 0x3f, 0x01, 0x23,
    0x22, 0x26, 0x3f, 0x01, 0x23, 0x07, 0x33, 0x32, 0x16, 0x0f, 0x01, 0x06, 0x1e, 0x01, 0x36, 0x3f,
    0x01, 0x23, 0x22, 0x26, 0x37, 0x5c, 0x02, 0x0a, 0x06, 0x53, 0x0a, 0x0b, 0x04, 0x12, 0x26, 0x09,
    0x07, 0x05, 0x7c, 0x08, 0x16, 0x0e, 0x03, 0x18, 0x1e, 0x07, 0x08, 0x02, 0x88, 0x53, 0x21, 0x24,
    0x04, 0x06, 0x01, 0x1c, 0x01, 0x02, 0x03, 0x03, 0x01, 0x76, 0x2a, 0x05, 0x05, 0x01, 0x01, 0x0c,
    0x06, 0x07, 0x10, 0x09, 0x32, 0x10, 0x07, 0x9b, 0x0a, 0x01, 0x12, 0x0c, 0x52, 0x0c, 0x06, 0x72,
    0x71, 0x08, 0x04, 0x5e, 0x02, 0x03, 0x02, 0x01, 0x01, 0x95, 0x08, 0x04, 0x00, 0x03, 0x00, 0x00,
    0x00, 0x00, 0x01, 0x1a, 0x00, 0xfe, 0x00, 0x1d, 0x00, 0x33, 0x00, 0x4a, 0x00, 0x00, 0x37, 0x16,
    0x14, 0x0e, 0x01, 0x23, 0x07, 0x15, 0x14, 0x06, 0x22, 0x26, 0x3d, 0x01, 0x27, 0x2e, 0x02, 0x34,
    0x3e, 0x02, 0x32, 0x33, 0x17, 0x37, 0x36, 0x32, 0x1e, 0x01, 0x37, 0x15, 0x14, 0x06, 0x0f, 0x01,
    0x06, 0x2f, 0x01, 0x2e, 0x01, 0x3d, 0x01, 0x34, 0x36, 0x3f, 0x01, 0x36, 0x1f, 0x01, 0x1e, 0x01,
    0x07, 0x2e, 0x01, 0x2f, 0x01, 0x26, 0x0f, 0x01, 0x0e, 0x01, 0x1d, 0x01, 0x1e, 0x01, 0x1f, 0x01,
    0x16, 0x3f, 0x01, 0x3e, 0x01, 0x27, 0x35, 0xe0, 0x01, 0x02, 0x02, 0x02, 0x4e, 0x06, 0x08, 0x05,
    0x29, 0x02, 0x02, 0x02, 0x01, 0x03, 0x03, 0x04, 0x02, 0x2b, 0x51, 0x02, 0x04, 0x03, 0x03, 0x39,
    0x0a, 0x08, 0x7a, 0x0a, 0x0a, 0x54, 0x08, 0x0a, 0x0a, 0x08, 0x7a, 0x0a, 0x0a, 0x54, 0x08, 0x0a,
    0x12, 0x01, 0x03, 0x03, 0x54, 0x03, 0x04, 0x79, 0x03, 0x04, 0x01, 0x03, 0x03, 0x54, 0x03, 0x04,
    0x79, 0x03, 0x04, 0x01, 0xba, 0x02, 0x04, 0x03, 0x03, 0x1e, 0x20, 0x04, 0x05, 0x05, 0x04, 0x20,
    0x0f, 0x01, 0x03, 0x03, 0x04, 0x03, 0x03, 0x01, 0x11, 0x1f, 0x01, 0x02, 0x02, 0x03, 0x44, 0x09,
    0x0e, 0x03, 0x2f, 0x04, 0x04, 0x21, 0x03, 0x0e, 0x09, 0x44, 0x09, 0x0e, 0x03, 0x2f, 0x04, 0x04,
    0x21, 0x03, 0x0e, 0x09, 0x03, 0x05, 0x01, 0x20, 0x02, 0x02, 0x2e, 0x01, 0x05, 0x03, 0x44, 0x03,
    0x05, 0x01, 0x20, 0x02, 0x02, 0x2e, 0x01, 0x05, 0x03, 0x44, 0x00, 0x00, 0x00, 0x03, 0x00, 0x00,
    0x00, 0x00, 0x01, 0x1a, 0x00, 0xd8, 0x00, 0x19, 0x00, 0x22, 0x00, 0x2b, 0x00, 0x00, 0x37, 0x22,
    0x06, 0x07, 0x23, 0x2e, 0x01, 0x23, 0x22, 0x06, 0x14, 0x16, 0x33, 0x32, 0x36, 0x37, 0x33, 0x1e,
    0x01, 0x33, 0x32, 0x3e, 0x01, 0x34, 0x2e, 0x01, 0x07, 0x22, 0x26, 0x34, 0x36, 0x32, 0x16, 0x14,
    0x06, 0x17, 0x22, 0x26, 0x34, 0x36, 0x32, 0x16, 0x14, 0x06, 0xd8, 0x19, 0x25, 0x03, 0x3b, 0x03,
    0x14, 0x0d, 0x0f, 0x16, 0x16, 0x0f, 0x0d, 0x14, 0x03, 0x3b, 0x03, 0x25, 0x19, 0x11, 0x1f, 0x11,
    0x11, 0x1f, 0xb1, 0x08, 0x0a, 0x0a, 0x10, 0x0b, 0x0b, 0x98, 0x14, 0x1b, 0x1b, 0x27, 0x1c, 0x1c,
    0xd8, 0x21, 0x18, 0x0d, 0x10, 0x16, 0x20, 0x15, 0x0f, 0x0d, 0x18, 0x21, 0x12, 0x1e, 0x24, 0x1e,
    0x12, 0x55, 0x0b, 0x10, 0x0b, 0x0b, 0x10, 0x0b, 0x1c, 0x1c, 0x26, 0x1c, 0x1c, 0x26, 0x1c, 0x00,
    0x00, 0x05, 0x00, 0x00, 0x00, 0x00, 0x01, 0x07, 0x00, 0xe1, 0x00, 0x14, 0x00, 0x1d, 0x00, 0x3d,
    0x00, 0x5f, 0x00, 0x68, 0x00, 0x00, 0x37, 0x22, 0x07, 0x35, 0x34, 0x26, 0x22, 0x06, 0x1d, 0x01,
    0x14, 0x16, 0x3e, 0x01, 0x37, 0x16, 0x33, 0x3e, 0x01, 0x34, 0x26, 0x07, 0x22, 0x26, 0x34, 0x36,
    0x32, 0x16, 0x14, 0x06, 0x17, 0x22, 0x26, 0x34, 0x36, 0x33, 0x32, 0x17, 0x16, 0x15, 0x14, 0x06,
    0x22, 0x27, 0x31, 0x26, 0x23, 0x22, 0x06, 0x14, 0x16, 0x33, 0x32, 0x37, 0x31, 0x36, 0x32, 0x16,
    0x15, 0x14, 0x07, 0x06, 0x27, 0x36, 0x37, 0x36, 0x33, 0x32, 0x16, 0x1d, 0x01, 0x14, 0x06, 0x26,
    0x27, 0x06, 0x23, 0x2e, 0x01, 0x34, 0x36, 0x33, 0x32, 0x17, 0x35, 0x34, 0x27, 0x26, 0x23, 0x22,
    0x07, 0x31, 0x06, 0x22, 0x26, 0x34, 0x17, 0x22, 0x06, 0x14, 0x16, 0x32, 0x37, 0x35, 0x26, 0x96,
    0x0a, 0x09, 0x05, 0x08, 0x05, 0x05, 0x07, 0x05, 0x01, 0x09, 0x0a, 0x10, 0x16, 0x16, 0x10, 0x08,
    0x0b, 0x0b, 0x10, 0x0b, 0x0b, 0x51, 0x0f, 0x16, 0x16, 0x0f, 0x06, 0x07, 0x0b, 0x06, 0x06, 0x04,
    0x04, 0x04, 0x08, 0x0b, 0x0b, 0x08, 0x04, 0x04, 0x04, 0x06, 0x06, 0x0b, 0x07, 0xd1, 0x02, 0x05,
    0x07, 0x0b, 0x0d, 0x14, 0x06, 0x07, 0x03, 0x08, 0x09, 0x12, 0x14, 0x14, 0x12, 0x08, 0x06, 0x07,
    0x03, 0x04, 0x09, 0x04, 0x02, 0x08, 0x05, 0x1c, 0x09, 0x0a, 0x0a, 0x13, 0x04, 0x06, 0xc5, 0x06,
    0x19, 0x04, 0x05, 0x05, 0x04, 0x5e, 0x04, 0x06, 0x01, 0x03, 0x03, 0x07, 0x01, 0x18, 0x23, 0x19,
    0x42, 0x0e, 0x13, 0x0e, 0x0e, 0x13, 0x0e, 0x12, 0x18, 0x23, 0x19, 0x03, 0x03, 0x08, 0x04, 0x05,
    0x02, 0x02, 0x0e, 0x13, 0x0e, 0x03, 0x02, 0x06, 0x04, 0x07, 0x04, 0x03, 0x52, 0x03, 0x02, 0x03,
    0x0f, 0x0e, 0x33, 0x04, 0x06, 0x01, 0x02, 0x03, 0x01, 0x10, 0x17, 0x11, 0x01, 0x05, 0x06, 0x03,
    0x01, 0x03, 0x02, 0x05, 0x08, 0x29, 0x06, 0x07, 0x06, 0x04, 0x0e, 0x01, 0x00, 0x08, 0x00, 0x00,
    0x00, 0x00, 0x01, 0x07, 0x01, 0x07, 0x00, 0x0c, 0x00, 0x18, 0x00, 0x24, 0x00, 0x30, 0x00, 0x3c,
    0x00, 0x4c, 0x00, 0x50, 0x00, 0x5c, 0x00, 0x00, 0x37, 0x32, 0x16, 0x14, 0x06, 0x2b, 0x01, 0x22,
    0x26, 0x3e, 0x01, 0x3b, 0x01, 0x27, 0x32, 0x16, 0x14, 0x06, 0x2b, 0x01, 0x22, 0x26, 0x3e, 0x01,
    0x3b, 0x01, 0x32, 0x16, 0x14, 0x06, 0x2b, 0x01, 0x22, 0x26, 0x34, 0x36, 0x33, 0x35, 0x32, 0x16,
    0x14, 0x06, 0x2b, 0x01, 0x22, 0x26, 0x34, 0x36, 0x3b, 0x01, 0x32, 0x16, 0x14, 0x06, 0x2b, 0x01,
    0x22, 0x26, 0x34, 0x36, 0x33, 0x27, 0x32, 0x16, 0x1d, 0x01, 0x14, 0x06, 0x2b, 0x01, 0x2e, 0x01,
    0x3d, 0x01, 0x3e, 0x01, 0x33, 0x15, 0x33, 0x35, 0x23, 0x17, 0x32, 0x16, 0x14, 0x06, 0x2b, 0x01,
    0x22, 0x26, 0x34, 0x36, 0x33, 0xb2, 0x04, 0x06, 0x06, 0x04, 0x83, 0x04, 0x06, 0x01, 0x05, 0x04,
    0x83, 0x38, 0x04, 0x05, 0x05, 0x04, 0x4b, 0x04, 0x06, 0x01, 0x05, 0x04, 0xce, 0x04, 0x06, 0x06,
    0x04, 0x5e, 0x04, 0x05, 0x05, 0x04, 0x04, 0x06, 0x06, 0x04, 0x70, 0x04, 0x05, 0x05, 0x04, 0xce,
    0x04, 0x06, 0x06, 0x04, 0x38, 0x04, 0x05, 0x05, 0x04, 0x1c, 0x08, 0x0b, 0x0b, 0x08, 0x71, 0x08,
    0x0b, 0x01, 0x0a, 0x08, 0x71, 0x71, 0xc5, 0x04, 0x06, 0x06, 0x04, 0x25, 0x04, 0x06, 0x06, 0x04,
    0x26, 0x06, 0x08, 0x05, 0x05, 0x08, 0x05, 0x39, 0x06, 0x08, 0x05, 0x05, 0x08, 0x06, 0x06, 0x08,
    0x05, 0x05, 0x08, 0x06, 0x38, 0x05, 0x08, 0x06, 0x06, 0x08, 0x05, 0x05, 0x08, 0x06, 0x06, 0x08,
    0x05, 0x71, 0x0b, 0x08, 0x26, 0x08, 0x0b, 0x01, 0x0a, 0x08, 0x26, 0x08, 0x0b, 0x39, 0x26, 0x13,
    0x05, 0x08, 0x06, 0x06, 0x08, 0x05, 0x00, 0x00, 0x00, 0x03, 0x00, 0x00, 0xff, 0xff, 0x01, 0x2d,
    0x01, 0x1a, 0x00, 0x1e, 0x00, 0x46, 0x00, 0x5c, 0x00, 0x00, 0x37, 0x32, 0x1f, 0x01, 0x1e, 0x01,
    0x14, 0x06, 0x0f, 0x01, 0x0e, 0x01, 0x22, 0x2e, 0x02, 0x34, 0x36, 0x3f, 0x01, 0x23, 0x22, 0x26,
    0x34, 0x36, 0x3b, 0x01, 0x27, 0x26, 0x34, 0x36, 0x27, 0x36, 0x1f, 0x01, 0x1e, 0x01, 0x1d, 0x01,
    0x27, 0x26, 0x2f, 0x02, 0x36, 0x2f, 0x01, 0x26, 0x0f, 0x01, 0x06, 0x1d, 0x01, 0x14, 0x1f, 0x01,
    0x16, 0x33, 0x16, 0x1f, 0x01, 0x06, 0x2f, 0x01, 0x2e, 0x01, 0x3d, 0x01, 0x34, 0x36, 0x37, 0x17,
    0x3e, 0x01, 0x1f, 0x01, 0x37, 0x36, 0x1e, 0x01, 0x06, 0x0f, 0x01, 0x15, 0x14, 0x06, 0x22, 0x26,
    0x3d, 0x01, 0x27, 0x2e, 0x01, 0xfd, 0x04, 0x03, 0x25, 0x02, 0x01, 0x01, 0x02, 0x25, 0x02, 0x03,
    0x04, 0x03, 0x03, 0x01, 0x01, 0x02, 0x15, 0x5a, 0x04, 0x05, 0x05, 0x04, 0x5a, 0x15, 0x03, 0x05,
    0x77, 0x14, 0x14, 0x5d, 0x08, 0x0a, 0x08, 0x04, 0x05, 0x01, 0x01, 0x01, 0x07, 0x5d, 0x0d, 0x0d,
    0x5d, 0x06, 0x06, 0x5d, 0x06, 0x08, 0x01, 0x06, 0x04, 0x10, 0x10, 0x5d, 0x08, 0x0a, 0x0a, 0x08,
    0x27, 0x01, 0x08, 0x03, 0x3e, 0x3e, 0x03, 0x08, 0x03, 0x03, 0x04, 0x3c, 0x05, 0x08, 0x05, 0x3c,
    0x04, 0x03, 0x5e, 0x03, 0x26, 0x01, 0x03, 0x04, 0x03, 0x02, 0x25, 0x02, 0x01, 0x01, 0x03, 0x04,
    0x03, 0x04, 0x01, 0x15, 0x06, 0x08, 0x05, 0x16, 0x03, 0x07, 0x06, 0xb4, 0x08, 0x08, 0x24, 0x03,
    0x0e, 0x09, 0x74, 0x08, 0x04, 0x02, 0x01, 0x65, 0x07, 0x02, 0x24, 0x05, 0x05, 0x24, 0x02, 0x07,
    0x7c, 0x07, 0x02, 0x24, 0x02, 0x08, 0x06, 0x03, 0x04, 0x06, 0x24, 0x03, 0x0e, 0x09, 0x7c, 0x09,
    0x0e, 0x03, 0x25, 0x03, 0x03, 0x02, 0x1a, 0x1a, 0x02, 0x03, 0x07, 0x07, 0x02, 0x19, 0x3c, 0x04,
    0x05, 0x05, 0x04, 0x3c, 0x19, 0x02, 0x07, 0x00, 0x00, 0x03, 0x00, 0x00, 0x00, 0x00, 0x01, 0x1a,
    0x01, 0x1a, 0x00, 0x14, 0x00, 0x2a, 0x00, 0x3c, 0x00, 0x00, 0x37, 0x26, 0x0e, 0x01, 0x16, 0x1f,
    0x01, 0x15, 0x14, 0x16, 0x32, 0x36, 0x3d, 0x01, 0x37, 0x3e, 0x01, 0x2e, 0x01, 0x0f, 0x01, 0x37,
    0x26, 0x0f, 0x01, 0x0e, 0x01, 0x1d, 0x01, 0x14, 0x16, 0x1f, 0x01, 0x16, 0x3f, 0x01, 0x3e, 0x01,
    0x3d, 0x01, 0x34, 0x26, 0x2f, 0x01, 0x36, 0x1f, 0x01, 0x16, 0x1d, 0x01, 0x14, 0x0f, 0x01, 0x06,
    0x2f, 0x01, 0x26, 0x27, 0x35, 0x36, 0x37, 0x58, 0x04, 0x07, 0x03, 0x03, 0x04, 0x3c, 0x05, 0x08,
    0x05, 0x3c, 0x04, 0x03, 0x03, 0x08, 0x03, 0x3e, 0x14, 0x14, 0x14, 0x5d, 0x08, 0x0a, 0x0a, 0x08,
    0x5d, 0x14, 0x14, 0x5d, 0x08, 0x0a, 0x0a, 0x08, 0x7e, 0x0d, 0x0d, 0x5d, 0x07, 0x07, 0x5d, 0x0d,
    0x0d, 0x5d, 0x06, 0x01, 0x01, 0x06, 0xcd, 0x02, 0x03, 0x07, 0x07, 0x02, 0x19, 0x3c, 0x04, 0x05,
    0x05, 0x04, 0x3c, 0x19, 0x02, 0x07, 0x07, 0x03, 0x02, 0x1a, 0x5f, 0x08, 0x08, 0x24, 0x03, 0x0e,
    0x09, 0x7c, 0x09, 0x0e, 0x03, 0x24, 0x08, 0x08, 0x24, 0x03, 0x0e, 0x09, 0x7c, 0x09, 0x0e, 0x03,
    0x13, 0x05, 0x05, 0x24, 0x02, 0x07, 0x7c, 0x07, 0x02, 0x24, 0x05, 0x05, 0x24, 0x02, 0x07, 0x7c,
    0x07, 0x02, 0x00, 0x00, 0x00, 0x04, 0xff, 0xff, 0x00, 0x00, 0x01, 0x2c, 0x01, 0x07, 0x00, 0x14,
    0x00, 0x24, 0x00, 0x34, 0x00, 0x44, 0x00, 0x00, 0x37, 0x22, 0x06, 0x07, 0x33, 0x3e, 0x01, 0x33,
    0x32, 0x16, 0x15, 0x14, 0x06, 0x07, 0x15, 0x3e, 0x01, 0x35, 0x34, 0x2e, 0x01, 0x07, 0x23, 0x22,
    0x26, 0x3d, 0x01, 0x34, 0x36, 0x3b, 0x01, 0x32, 0x16, 0x1d, 0x01, 0x14, 0x06, 0x27, 0x22, 0x06,
    0x1d, 0x01, 0x14, 0x16, 0x3b, 0x01, 0x32, 0x36, 0x3d, 0x01, 0x34, 0x26, 0x23, 0x27, 0x26, 0x22,
    0x0f, 0x01, 0x06, 0x16, 0x3b, 0x01, 0x35, 0x34, 0x37, 0x23, 0x37, 0x17, 0x33, 0xe1, 0x1a, 0x28,
    0x07, 0x14, 0x06, 0x1d, 0x12, 0x17, 0x21, 0x15, 0x10, 0x18, 0x20, 0x14, 0x23, 0x30, 0x5e, 0x0c,
    0x10, 0x10, 0x0c, 0x5e, 0x0c, 0x10, 0x10, 0x6a, 0x04, 0x05, 0x05, 0x04, 0x5e, 0x04, 0x05, 0x05,
    0x04, 0x72, 0x02, 0x0c, 0x02, 0x41, 0x03, 0x06, 0x05, 0x2e, 0x01, 0x1f, 0x31, 0x1b, 0x16, 0xf4,
    0x20, 0x18, 0x10, 0x15, 0x21, 0x17, 0x12, 0x1d, 0x06, 0x14, 0x06, 0x29, 0x1a, 0x14, 0x23, 0x14,
    0xe1, 0x10, 0x0c, 0x5e, 0x0b, 0x11, 0x11, 0x0b, 0x5e, 0x0c, 0x10, 0x83, 0x06, 0x03, 0x5e, 0x04,
    0x05, 0x05, 0x04, 0x5e, 0x03, 0x06, 0x6c, 0x04, 0x04, 0x71, 0x04, 0x0a, 0x0a, 0x04, 0x05, 0x54,
    0x2f, 0x00, 0x00, 0x00, 0x00, 0x02, 0x00, 0x00, 0x00, 0x00, 0x01, 0x1a, 0x01, 0x1a, 0x00, 0x3b,
    0x00, 0x3f, 0x00, 0x00, 0x25, 0x23, 0x35, 0x33, 0x32, 0x36, 0x34, 0x26, 0x2b, 0x01, 0x35, 0x34,
    0x26, 0x22, 0x06, 0x1d, 0x01, 0x23, 0x35, 0x34, 0x26, 0x22, 0x06, 0x1d, 0x01, 0x23, 0x22, 0x06,
    0x14, 0x16, 0x3b, 0x01, 0x15, 0x23, 0x0e, 0x01, 0x14, 0x16, 0x3b, 0x01, 0x15, 0x14, 0x16, 0x32,
    0x36, 0x3d, 0x01, 0x33, 0x15, 0x14, 0x16, 0x32, 0x36, 0x3d, 0x01, 0x33, 0x32, 0x36, 0x34, 0x26,
    0x23, 0x35, 0x33, 0x15, 0x01, 0x10, 0x42, 0x42, 0x04, 0x05, 0x05, 0x04, 0x42, 0x05, 0x08, 0x05,
    0x4b, 0x06, 0x08, 0x05, 0x42, 0x04, 0x05, 0x05, 0x04, 0x42, 0x42, 0x04, 0x05, 0x05, 0x04, 0x42,
    0x05, 0x08, 0x06, 0x4b, 0x05, 0x08, 0x05, 0x42, 0x04, 0x05, 0x05, 0xa3, 0x4b, 0x71, 0x4b, 0x05,
    0x08, 0x05, 0x42, 0x04, 0x05, 0x05, 0x04, 0x42, 0x42, 0x04, 0x05, 0x05, 0x04, 0x42, 0x05, 0x08,
    0x05, 0x4b, 0x01, 0x05, 0x08, 0x05, 0x42, 0x04, 0x05, 0x05, 0x04, 0x42, 0x42, 0x04, 0x05, 0x05,
    0x04, 0x42, 0x05, 0x08, 0x06, 0x4b, 0x4b, 0x00, 0x00, 0x06, 0x00, 0x00, 0x00, 0x00, 0x01, 0x07,
    0x01, 0x07, 0x00, 0x1c, 0x00, 0x28, 0x00, 0x45, 0x00, 0x4e, 0x00, 0x5a, 0x00, 0x63, 0x00, 0x00,
    0x37, 0x14, 0x06, 0x2b, 0x01, 0x15, 0x14, 0x06, 0x22, 0x26, 0x3d, 0x01, 0x23, 0x22, 0x2e, 0x01,
    0x36, 0x3b, 0x01, 0x35, 0x34, 0x3e, 0x01, 0x16, 0x1d, 0x01, 0x33, 0x32, 0x16, 0x17, 0x33, 0x32,
    0x36, 0x34, 0x26, 0x2b, 0x01, 0x22, 0x06, 0x14, 0x16, 0x07, 0x26, 0x22, 0x0f, 0x01, 0x27, 0x26,
    0x22, 0x06, 0x14, 0x1f, 0x01, 0x07, 0x06, 0x14, 0x16, 0x32, 0x3f, 0x01, 0x17, 0x16, 0x32, 0x36,
    0x34, 0x2f, 0x01, 0x37, 0x36, 0x34, 0x17, 0x14, 0x16, 0x32, 0x36, 0x34, 0x26, 0x22, 0x06, 0x17,
    0x23, 0x22, 0x06, 0x14, 0x16, 0x3b, 0x01, 0x32, 0x3e, 0x01, 0x26, 0x07, 0x22, 0x06, 0x14, 0x16,
    0x32, 0x36, 0x34, 0x26, 0x83, 0x05, 0x04, 0x1c, 0x06, 0x08, 0x05, 0x1c, 0x04, 0x05, 0x01, 0x06,
    0x04, 0x1c, 0x05, 0x08, 0x06, 0x1c, 0x04, 0x05, 0x2f, 0x4b, 0x04, 0x05, 0x05, 0x04, 0x4b, 0x04,
    0x05, 0x05, 0x2d, 0x03, 0x08, 0x03, 0x1f, 0x1e, 0x03, 0x08, 0x05, 0x02, 0x1f, 0x1f, 0x02, 0x05,
    0x08, 0x03, 0x1e, 0x1f, 0x03, 0x08, 0x05, 0x02, 0x1f, 0x1f, 0x02, 0x47, 0x08, 0x0b, 0x09, 0x09,
    0x0b, 0x08, 0x33, 0x4b, 0x04, 0x05, 0x05, 0x04, 0x4b, 0x04, 0x05, 0x01, 0x06, 0x29, 0x06, 0x08,
    0x08, 0x0b, 0x09, 0x09, 0xd8, 0x04, 0x06, 0x1c, 0x04, 0x05, 0x05, 0x04, 0x1c, 0x06, 0x08, 0x05,
    0x1c, 0x04, 0x05, 0x01, 0x06, 0x04, 0x1c, 0x05, 0x0e, 0x06, 0x08, 0x05, 0x05, 0x08, 0x06, 0x4d,
    0x02, 0x02, 0x1f, 0x1f, 0x02, 0x05, 0x08, 0x03, 0x1f, 0x1e, 0x03, 0x08, 0x05, 0x02, 0x1f, 0x1f,
    0x02, 0x05, 0x08, 0x03, 0x1e, 0x1f, 0x03, 0x08, 0x04, 0x06, 0x08, 0x08, 0x0c, 0x08, 0x08, 0x22,
    0x06, 0x08, 0x05, 0x05, 0x08, 0x06, 0x21, 0x08, 0x0c, 0x08, 0x08, 0x0c, 0x08, 0x00, 0x00, 0x00,
    0x00, 0x03, 0x00, 0x00, 0x00, 0x00, 0x01, 0x1a, 0x00, 0xf4, 0x00, 0x25, 0x00, 0x37, 0x00, 0x48,
    0x00, 0x00, 0x37, 0x34, 0x36, 0x3b, 0x01, 0x32, 0x16, 0x1d, 0x01, 0x14, 0x06, 0x22, 0x26, 0x3d,
    0x01, 0x23, 0x15, 0x33, 0x32, 0x16, 0x14, 0x06, 0x2b, 0x01, 0x22, 0x26, 0x34, 0x36, 0x3b, 0x01,
    0x35, 0x23, 0x15, 0x14, 0x06, 0x22, 0x26, 0x35, 0x17, 0x16, 0x14, 0x0f, 0x01, 0x17, 0x16, 0x14,
    0x06, 0x22, 0x2f, 0x01, 0x26, 0x34, 0x3f, 0x01, 0x36, 0x32, 0x17, 0x27, 0x26, 0x22, 0x06, 0x14,
    0x1f, 0x01, 0x07, 0x06, 0x14, 0x16, 0x32, 0x3f, 0x01, 0x36, 0x34, 0x4b, 0x05, 0x04, 0x84, 0x04,
    0x05, 0x05, 0x08, 0x06, 0x2f, 0x0a, 0x04, 0x05, 0x05, 0x04, 0x26, 0x04, 0x05, 0x05, 0x04, 0x0a,
    0x2f, 0x06, 0x08, 0x05, 0x07, 0x02, 0x02, 0x29, 0x29, 0x02, 0x05, 0x08, 0x03, 0x2f, 0x02, 0x02,
    0x2f, 0x03, 0x08, 0xc8, 0x2f, 0x03, 0x08, 0x05, 0x02, 0x29, 0x29, 0x02, 0x05, 0x08, 0x03, 0x2f,
    0x02, 0xea, 0x04, 0x06, 0x06, 0x04, 0x12, 0x04, 0x06, 0x06, 0x04, 0x09, 0x96, 0x05, 0x08, 0x06,
    0x06, 0x08, 0x05, 0x96, 0x09, 0x04, 0x06, 0x06, 0x04, 0x29, 0x02, 0x08, 0x03, 0x28, 0x28, 0x03,
    0x08, 0x05, 0x02, 0x2f, 0x03, 0x08, 0x03, 0x2e, 0x03, 0x31, 0x2e, 0x03, 0x05, 0x08, 0x03, 0x28,
    0x28, 0x03, 0x08, 0x05, 0x02, 0x2f, 0x03, 0x08, 0x00, 0x02, 0x00, 0x00, 0x00, 0x00, 0x01, 0x1a,
    0x01, 0x1a, 0x00, 0x1f, 0x00, 0x40, 0x00, 0x00, 0x37, 0x34, 0x3e, 0x01, 0x33, 0x32, 0x17, 0x1e,
    0x01, 0x0f, 0x01, 0x17, 0x37, 0x36, 0x16, 0x17, 0x16, 0x15, 0x14, 0x0e, 0x01, 0x23, 0x22, 0x27,
    0x07, 0x0e, 0x01, 0x2e, 0x01, 0x3f, 0x01, 0x26, 0x37, 0x22, 0x06, 0x15, 0x14, 0x17, 0x16, 0x0f,
    0x01, 0x06, 0x1e, 0x01, 0x36, 0x3f, 0x01, 0x36, 0x17, 0x16, 0x33, 0x32, 0x36, 0x3d, 0x01, 0x07,
    0x06, 0x22, 0x2f, 0x01, 0x26, 0x34, 0x3f, 0x01, 0x23, 0x83, 0x14, 0x23, 0x14, 0x0e, 0x0d, 0x05,
    0x02, 0x03, 0x24, 0x18, 0x24, 0x03, 0x0a, 0x02, 0x05, 0x14, 0x22, 0x15, 0x0a, 0x0a, 0x5e, 0x0a,
    0x1d, 0x18, 0x02, 0x0b, 0x5f, 0x02, 0x4b, 0x17, 0x21, 0x03, 0x01, 0x04, 0x62, 0x06, 0x01, 0x0c,
    0x0e, 0x05, 0x62, 0x05, 0x05, 0x0a, 0x0a, 0x18, 0x20, 0x1e, 0x03, 0x08, 0x03, 0x25, 0x03, 0x03,
    0x1f, 0x06, 0xce, 0x15, 0x22, 0x14, 0x05, 0x02, 0x0a, 0x03, 0x24, 0x18, 0x24, 0x03, 0x02, 0x05,
    0x0d, 0x0e, 0x14, 0x23, 0x14, 0x03, 0x5f, 0x0a, 0x02, 0x13, 0x21, 0x0c, 0x62, 0x09, 0x41, 0x21,
    0x18, 0x08, 0x09, 0x05, 0x04, 0x66, 0x06, 0x10, 0x0a, 0x01, 0x05, 0x63, 0x05, 0x02, 0x04, 0x21,
    0x17, 0x05, 0x1e, 0x03, 0x03, 0x25, 0x03, 0x08, 0x03, 0x1e, 0x00, 0x00, 0x00, 0x02, 0x00, 0x00,
    0x00, 0x00, 0x00, 0xcf, 0x01, 0x07, 0x00, 0x0f, 0x00, 0x37, 0x00, 0x00, 0x37, 0x34, 0x26, 0x2b,
    0x01, 0x22, 0x06, 0x1d, 0x01, 0x14, 0x16, 0x3b, 0x01, 0x32, 0x36, 0x35, 0x27, 0x32, 0x16, 0x1d,
    0x01, 0x14, 0x06, 0x2b, 0x01, 0x22, 0x26, 0x3d, 0x01, 0x33, 0x32, 0x36, 0x34, 0x26, 0x2b, 0x01,
    0x35, 0x33, 0x32, 0x36, 0x34, 0x26, 0x2b, 0x01, 0x35, 0x33, 0x32, 0x36, 0x34, 0x26, 0x2b, 0x01,
    0x35, 0x34, 0x36, 0x33, 0xce, 0x10, 0x0c, 0x38, 0x0c, 0x10, 0x10, 0x0c, 0x38, 0x0c, 0x10, 0x1c,
    0x04, 0x05, 0x05, 0x04, 0x38, 0x04, 0x06, 0x1d, 0x04, 0x05, 0x05, 0x04, 0x1d, 0x26, 0x04, 0x05,
    0x05, 0x04, 0x26, 0x1d, 0x04, 0x05, 0x05, 0x04, 0x1d, 0x06, 0x04, 0xea, 0x0c, 0x11, 0x11, 0x0c,
    0xa8, 0x0c, 0x11, 0x11, 0x0c, 0xb2, 0x06, 0x04, 0xa8, 0x04, 0x06, 0x06, 0x04, 0x1c, 0x05, 0x08,
    0x06, 0x1c, 0x05, 0x08, 0x05, 0x1d, 0x05, 0x08, 0x05, 0x1c, 0x04, 0x06, 0x00, 0x04, 0x00, 0x00,
    0x00, 0x00, 0x00, 0xf4, 0x01, 0x07, 0x00, 0x1c, 0x00, 0x29, 0x00, 0x35, 0x00, 0x41, 0x00, 0x00,
    0x37, 0x22, 0x26, 0x3d, 0x01, 0x34, 0x26, 0x2b, 0x01, 0x22, 0x06, 0x1d, 0x01, 0x14, 0x06, 0x22,
    0x26, 0x3d, 0x01, 0x34, 0x36, 0x17, 0x33, 0x36, 0x16, 0x1d, 0x01, 0x14, 0x06, 0x07, 0x14, 0x06,
    0x27, 0x23, 0x22, 0x26, 0x34, 0x36, 0x3b, 0x01, 0x32, 0x16, 0x37, 0x23, 0x22, 0x06, 0x14, 0x16,
    0x3b, 0x01, 0x16, 0x36, 0x34, 0x26, 0x33, 0x23, 0x22, 0x06, 0x14, 0x16, 0x37, 0x33, 0x32, 0x36,
    0x34, 0x26, 0xea, 0x04, 0x05, 0x0b, 0x08, 0x70, 0x08, 0x0b, 0x05, 0x08, 0x06, 0x16, 0x10, 0x70,
    0x10, 0x16, 0x06, 0x87, 0x05, 0x04, 0x1c, 0x04, 0x06, 0x06, 0x04, 0x1c, 0x04, 0x05, 0x42, 0x26,
    0x04, 0x05, 0x05, 0x04, 0x26, 0x04, 0x05, 0x05, 0x3d, 0x1c, 0x04, 0x05, 0x05, 0x04, 0x1c, 0x04,
    0x06, 0x06, 0x4b, 0x05, 0x04, 0x8d, 0x08, 0x0b, 0x0b, 0x08, 0x8d, 0x04, 0x05, 0x05, 0x04, 0x8d,
    0x10, 0x16, 0x01, 0x01, 0x16, 0x10, 0x8d, 0x04, 0x05, 0x1c, 0x04, 0x06, 0x01, 0x05, 0x08, 0x05,
    0x05, 0x05, 0x05, 0x08, 0x05, 0x01, 0x06, 0x08, 0x05, 0x05, 0x08, 0x06, 0x01, 0x05, 0x08, 0x05,
    0x00, 0x06, 0x00, 0x00, 0x00, 0x00, 0x01, 0x1a, 0x01, 0x07, 0x00, 0x0f, 0x00, 0x13, 0x00, 0x23,
    0x00, 0x27, 0x00, 0x37, 0x00, 0x3b, 0x00, 0x00, 0x37, 0x34, 0x36, 0x3b, 0x01, 0x32, 0x16, 0x1d,
    0x01, 0x14, 0x06, 0x2b, 0x01, 0x22, 0x26, 0x35, 0x37, 0x33, 0x15, 0x23, 0x15, 0x22, 0x06, 0x1d,
    0x01, 0x14, 0x16, 0x3b, 0x01, 0x32, 0x36, 0x3d, 0x01, 0x34, 0x26, 0x23, 0x15, 0x23, 0x15, 0x33,
    0x37, 0x22, 0x06, 0x1d, 0x01, 0x1e, 0x01, 0x3b, 0x01, 0x32, 0x36, 0x3d, 0x01, 0x34, 0x26, 0x23,
    0x15, 0x23, 0x15, 0x33, 0x13, 0x0b, 0x08, 0xe1, 0x07, 0x0b, 0x0b, 0x07, 0xe1, 0x08, 0x0b, 0x13,
    0xe1, 0xe1, 0x08, 0x0b, 0x0b, 0x08, 0x38, 0x08, 0x0b, 0x0b, 0x08, 0x38, 0x38, 0x70, 0x08, 0x0b,
    0x01, 0x0a, 0x08, 0x39, 0x07, 0x0b, 0x0b, 0x07, 0x39, 0x39, 0xf4, 0x08, 0x0b, 0x0b, 0x08, 0x38,
    0x08, 0x0b, 0x0b, 0x08, 0x38, 0x38, 0x39, 0x0b, 0x08, 0x38, 0x08, 0x0a, 0x0a, 0x08, 0x39, 0x07,
    0x0b, 0x12, 0x39, 0x4b, 0x0b, 0x08, 0x38, 0x08, 0x0a, 0x0a, 0x08, 0x39, 0x07, 0x0b, 0x12, 0x39,
    0x00, 0x05, 0x00, 0x00, 0x00, 0x00, 0x01, 0x07, 0x01, 0x07, 0x00, 0x16, 0x00, 0x1d, 0x00, 0x32,
    0x00, 0x4e, 0x00, 0x6b, 0x00, 0x00, 0x37, 0x27, 0x26, 0x0f, 0x01, 0x0e, 0x01, 0x1d, 0x01, 0x14,
    0x16, 0x1f, 0x01, 0x16, 0x32, 0x3f, 0x01, 0x3e, 0x01, 0x3d, 0x01, 0x34, 0x26, 0x0f, 0x01, 0x27,
    0x35, 0x37, 0x17, 0x15, 0x27, 0x37, 0x36, 0x1e, 0x01, 0x06, 0x0f, 0x01, 0x15, 0x14, 0x06, 0x22,
    0x26, 0x3d, 0x01, 0x27, 0x2e, 0x01, 0x3e, 0x01, 0x1f, 0x01, 0x23, 0x06, 0x26, 0x34, 0x36, 0x3b,
    0x01, 0x32, 0x36, 0x3d, 0x01, 0x34, 0x26, 0x2b, 0x01, 0x22, 0x26, 0x34, 0x36, 0x3b, 0x01, 0x36,
    0x16, 0x1d, 0x01, 0x14, 0x06, 0x27, 0x34, 0x26, 0x2b, 0x01, 0x22, 0x26, 0x3d, 0x01, 0x34, 0x36,
    0x3b, 0x01, 0x32, 0x36, 0x34, 0x26, 0x07, 0x23, 0x26, 0x06, 0x1d, 0x01, 0x14, 0x16, 0x3b, 0x01,
    0x32, 0x36, 0xd3, 0x2e, 0x06, 0x06, 0x42, 0x05, 0x07, 0x07, 0x06, 0x2e, 0x03, 0x07, 0x03, 0x42,
    0x06, 0x06, 0x08, 0x0b, 0x42, 0x2e, 0x42, 0x2e, 0x42, 0x19, 0x04, 0x07, 0x03, 0x03, 0x04, 0x16,
    0x06, 0x07, 0x06, 0x07, 0x04, 0x04, 0x03, 0x07, 0x04, 0x68, 0x12, 0x04, 0x06, 0x06, 0x04, 0x12,
    0x04, 0x06, 0x06, 0x04, 0x12, 0x04, 0x06, 0x06, 0x04, 0x12, 0x0c, 0x11, 0x11, 0x98, 0x06, 0x04,
    0x12, 0x04, 0x06, 0x06, 0x04, 0x12, 0x04, 0x06, 0x06, 0x04, 0x12, 0x0c, 0x10, 0x10, 0x0c, 0x12,
    0x04, 0x06, 0xbf, 0x0e, 0x02, 0x02, 0x19, 0x02, 0x0a, 0x06, 0x21, 0x06, 0x0a, 0x02, 0x10, 0x01,
    0x02, 0x1b, 0x02, 0x09, 0x06, 0x21, 0x07, 0x0a, 0x32, 0x1b, 0x10, 0x21, 0x19, 0x0e, 0x21, 0x14,
    0x0a, 0x02, 0x03, 0x07, 0x07, 0x02, 0x09, 0x06, 0x04, 0x05, 0x05, 0x04, 0x05, 0x03, 0x01, 0x07,
    0x07, 0x04, 0x01, 0x7e, 0x01, 0x06, 0x08, 0x05, 0x06, 0x04, 0xa8, 0x04, 0x06, 0x05, 0x08, 0x05,
    0x01, 0x11, 0x0c, 0xa8, 0x0c, 0x10, 0x09, 0x04, 0x05, 0x06, 0x04, 0xa8, 0x04, 0x06, 0x05, 0x08,
    0x06, 0x01, 0x01, 0x11, 0x0c, 0xa8, 0x0c, 0x10, 0x05, 0x00, 0x00, 0x00, 0x00, 0x03, 0x00, 0x00,
    0x00, 0x00, 0x01, 0x1a, 0x01, 0x23, 0x00, 0x33, 0x00, 0x42, 0x00, 0x58, 0x00, 0x00, 0x37, 0x0e,
    0x01, 0x15, 0x14, 0x16, 0x17, 0x16, 0x3e, 0x01, 0x26, 0x27, 0x2e, 0x01, 0x35, 0x34, 0x37, 0x17,
    0x06, 0x07, 0x37, 0x36, 0x34, 0x26, 0x22, 0x0f, 0x01, 0x06, 0x14, 0x1f, 0x01, 0x16, 0x32, 0x36,
    0x34, 0x2f, 0x01, 0x32, 0x36, 0x37, 0x17, 0x16, 0x32, 0x36, 0x34, 0x2f, 0x01, 0x26, 0x22, 0x06,
    0x14, 0x1f, 0x02, 0x36, 0x35, 0x34, 0x26, 0x27, 0x26, 0x0e, 0x01, 0x16, 0x17, 0x1e, 0x01, 0x14,
    0x27, 0x17, 0x36, 0x37, 0x07, 0x06, 0x14, 0x16, 0x32, 0x3f, 0x01, 0x36, 0x34, 0x2f, 0x01, 0x26,
    0x22, 0x06, 0x14, 0x1f, 0x01, 0x06, 0x40, 0x0d, 0x0d, 0x16, 0x13, 0x03, 0x08, 0x05, 0x01, 0x03,
    0x10, 0x13, 0x15, 0x84, 0x18, 0x1f, 0x0c, 0x03, 0x06, 0x08, 0x02, 0x1c, 0x03, 0x03, 0x1c, 0x02,
    0x08, 0x06, 0x03, 0x0c, 0x13, 0x23, 0x0f, 0x2a, 0x03, 0x08, 0x05, 0x02, 0xf4, 0x03, 0x08, 0x05,
    0x02, 0xd4, 0x0e, 0x10, 0x17, 0x13, 0x03, 0x08, 0x05, 0x01, 0x03, 0x10, 0x13, 0x97, 0x0e, 0x12,
    0x15, 0x0c, 0x03, 0x06, 0x08, 0x02, 0x1c, 0x03, 0x03, 0x1c, 0x02, 0x08, 0x06, 0x03, 0x0c, 0x1d,
    0xdf, 0x0f, 0x26, 0x14, 0x1a, 0x2e, 0x0f, 0x03, 0x01, 0x06, 0x08, 0x02, 0x0d, 0x26, 0x16, 0x21,
    0x1a, 0x84, 0x13, 0x02, 0x0c, 0x03, 0x08, 0x05, 0x02, 0x1c, 0x03, 0x08, 0x03, 0x1c, 0x03, 0x06,
    0x08, 0x02, 0x0d, 0x0e, 0x0c, 0x2b, 0x02, 0x05, 0x08, 0x03, 0xf4, 0x02, 0x05, 0x08, 0x03, 0x9e,
    0x0e, 0x1a, 0x1f, 0x1a, 0x2e, 0x0f, 0x03, 0x01, 0x06, 0x08, 0x02, 0x0d, 0x26, 0x2d, 0x78, 0x0e,
    0x0a, 0x01, 0x0c, 0x03, 0x08, 0x05, 0x02, 0x1c, 0x03, 0x08, 0x03, 0x1c, 0x03, 0x06, 0x08, 0x02,
    0x0d, 0x01, 0x00, 0x00, 0x00, 0x02, 0x00, 0x00, 0x00, 0x00, 0x01, 0x07, 0x01, 0x23, 0x00, 0x24,
    0x00, 0x49, 0x00, 0x00, 0x13, 0x36, 0x32, 0x1f, 0x01, 0x16, 0x14, 0x0f, 0x01, 0x06, 0x22, 0x26,
    0x34, 0x3f, 0x01, 0x0e, 0x02, 0x15, 0x14, 0x16, 0x17, 0x1e, 0x01, 0x0e, 0x01, 0x27, 0x2e, 0x01,
    0x35, 0x34, 0x3e, 0x01, 0x37, 0x27, 0x26, 0x34, 0x17, 0x3e, 0x01, 0x17, 0x1e, 0x01, 0x15, 0x14,
    0x0e, 0x01, 0x07, 0x17, 0x16, 0x14, 0x06, 0x22, 0x2f, 0x01, 0x26, 0x34, 0x3f, 0x01, 0x36, 0x32,
    0x16, 0x14, 0x0f, 0x01, 0x3e, 0x02, 0x35, 0x34, 0x26, 0x27, 0x2e, 0x01, 0x86, 0x03, 0x08, 0x02,
    0x1c, 0x03, 0x03, 0x1c, 0x02, 0x08, 0x06, 0x03, 0x0c, 0x19, 0x29, 0x18, 0x13, 0x10, 0x03, 0x01,
    0x05, 0x08, 0x03, 0x13, 0x16, 0x1d, 0x31, 0x1e, 0x0c, 0x03, 0x4d, 0x02, 0x08, 0x03, 0x13, 0x17,
    0x1e, 0x31, 0x1e, 0x0c, 0x03, 0x06, 0x08, 0x02, 0x1c, 0x03, 0x03, 0x1c, 0x02, 0x08, 0x06, 0x03,
    0x0c, 0x19, 0x29, 0x18, 0x13, 0x10, 0x03, 0x01, 0x01, 0x20, 0x03, 0x03, 0x1c, 0x03, 0x08, 0x03,
    0x1c, 0x02, 0x05, 0x08, 0x03, 0x0c, 0x01, 0x1a, 0x2a, 0x19, 0x16, 0x26, 0x0d, 0x02, 0x08, 0x06,
    0x01, 0x03, 0x0f, 0x2e, 0x1a, 0x1e, 0x33, 0x1e, 0x01, 0x0d, 0x02, 0x08, 0x31, 0x03, 0x01, 0x03,
    0x0f, 0x2e, 0x1a, 0x1e, 0x33, 0x1e, 0x01, 0x0d, 0x02, 0x08, 0x06, 0x03, 0x1c, 0x03, 0x08, 0x03,
    0x1c, 0x02, 0x05, 0x08, 0x03, 0x0c, 0x01, 0x1a, 0x2a, 0x19, 0x16, 0x26, 0x0d, 0x02, 0x08, 0x00,
    0x00, 0x0a, 0x00, 0x00, 0x00, 0x00, 0x01, 0x1a, 0x01, 0x1a, 0x00, 0x0f, 0x00, 0x13, 0x00, 0x1a,
    0x00, 0x1e, 0x00, 0x22, 0x00, 0x26, 0x00, 0x2d, 0x00, 0x31, 0x00, 0x38, 0x00, 0x3f, 0x00, 0x00,
    0x37, 0x34, 0x36, 0x3b, 0x01, 0x32, 0x16, 0x1d, 0x01, 0x14, 0x06, 0x2b, 0x01, 0x22, 0x26, 0x35,
    0x17, 0x33, 0x35, 0x2b, 0x02, 0x15, 0x14, 0x16, 0x3b, 0x01, 0x37, 0x33, 0x35, 0x2b, 0x02, 0x15,
    0x33, 0x37, 0x33, 0x35, 0x2b, 0x02, 0x22, 0x06, 0x1d, 0x01, 0x33, 0x17, 0x23, 0x15, 0x33, 0x15,
    0x23, 0x15, 0x33, 0x32, 0x36, 0x3d, 0x02, 0x34, 0x26, 0x2b, 0x01, 0x15, 0x13, 0x1b, 0x14, 0xa8,
    0x14, 0x1b, 0x1b, 0x14, 0xa8, 0x14, 0x1b, 0x5e, 0x4b, 0x4b, 0x13, 0x38, 0x10, 0x0c, 0x1c, 0x13,
    0x4b, 0x4b, 0x13, 0x38, 0x38, 0x13, 0x4b, 0x4b, 0x13, 0x1c, 0x0c, 0x10, 0x38, 0xa9, 0x39, 0x39,
    0x39, 0x1c, 0x0c, 0x11, 0x11, 0x0c, 0x1c, 0xea, 0x14, 0x1b, 0x1b, 0x14, 0xa8, 0x14, 0x1b, 0x1b,
    0x14, 0x1c, 0x38, 0x1c, 0x0c, 0x10, 0x4b, 0x4b, 0x4b, 0x5d, 0x39, 0x11, 0x0c, 0x1c, 0x12, 0x4b,
    0x13, 0x38, 0x10, 0x0c, 0x8c, 0x1c, 0x0c, 0x11, 0x39, 0x00, 0x00, 0x00, 0x00, 0x03, 0x00, 0x00,
    0x00, 0x00, 0x01, 0x07, 0x01, 0x07, 0x00, 0x09, 0x00, 0x1b, 0x00, 0x2d, 0x00, 0x00, 0x37, 0x06,
    0x26, 0x3e, 0x01, 0x32, 0x16, 0x14, 0x06, 0x23, 0x07, 0x2e, 0x01, 0x3f, 0x01, 0x36, 0x3b, 0x01,
    0x36, 0x16, 0x07, 0x15, 0x14, 0x0f, 0x01, 0x06, 0x22, 0x2f, 0x01, 0x06, 0x14, 0x1f, 0x01, 0x16,
    0x32, 0x3f, 0x01, 0x36, 0x35, 0x37, 0x34, 0x26, 0x2b, 0x01, 0x22, 0x07, 0xce, 0x08, 0x0b, 0x01,
    0x0a, 0x10, 0x0b, 0x0b, 0x08, 0x9d, 0x0b, 0x01, 0x0c, 0x58, 0x0b, 0x10, 0x3d, 0x0f, 0x17, 0x01,
    0x0b, 0x58, 0x0b, 0x1f, 0x0b, 0x30, 0x06, 0x06, 0x3e, 0x05, 0x10, 0x05, 0x58, 0x05, 0x01, 0x0b,
    0x08, 0x3d, 0x08, 0x05, 0xbc, 0x01, 0x0b, 0x10, 0x0b, 0x0b, 0x10, 0x0b, 0x4d, 0x0b, 0x1f, 0x0b,
    0x58, 0x0b, 0x01, 0x17, 0x0f, 0x3f, 0x10, 0x0a, 0x58, 0x0b, 0x0b, 0x66, 0x06, 0x0f, 0x06, 0x3d,
    0x06, 0x06, 0x57, 0x05, 0x08, 0x3f, 0x08, 0x0b, 0x06, 0x00, 0x00, 0x00, 0x00, 0x05, 0x00, 0x00,
    0x00, 0x00, 0x01, 0x1a, 0x01, 0x1a, 0x00, 0x08, 0x00, 0x15, 0x00, 0x1e, 0x00, 0x2b, 0x00, 0x38,
    0x00, 0x00, 0x37, 0x14, 0x06, 0x22, 0x26, 0x34, 0x36, 0x32, 0x16, 0x17, 0x14, 0x0e, 0x01, 0x22,
    0x2e, 0x01, 0x34, 0x3e, 0x01, 0x32, 0x1e, 0x01, 0x07, 0x34, 0x26, 0x22, 0x06, 0x14, 0x16, 0x32,
    0x36, 0x37, 0x14, 0x0e, 0x01, 0x22, 0x2e, 0x01, 0x34, 0x3e, 0x01, 0x32, 0x1e, 0x01, 0x07, 0x34,
    0x2e, 0x01, 0x22, 0x0e, 0x01, 0x14, 0x1e, 0x01, 0x32, 0x3e, 0x01, 0xa9, 0x0b, 0x10, 0x0b, 0x0b,
    0x10, 0x0b, 0x38, 0x14, 0x23, 0x28, 0x23, 0x14, 0x14, 0x23, 0x28, 0x23, 0x14, 0x13, 0x21, 0x2e,
    0x21, 0x21, 0x2e, 0x21, 0x4b, 0x23, 0x3c, 0x48, 0x3c, 0x23, 0x23, 0x3c, 0x48, 0x3c, 0x23, 0x12,
    0x1f, 0x33, 0x3e, 0x33, 0x1e, 0x1e, 0x33, 0x3e, 0x33, 0x1f, 0x96, 0x08, 0x0b, 0x0b, 0x10, 0x0b,
    0x0b, 0x08, 0x14, 0x23, 0x14, 0x14, 0x23, 0x28, 0x23, 0x14, 0x14, 0x23, 0x14, 0x17, 0x21, 0x21,
    0x2e, 0x21, 0x21, 0x17, 0x24, 0x3c, 0x23, 0x23, 0x3c, 0x48, 0x3c, 0x23, 0x23, 0x3c, 0x24, 0x1f,
    0x33, 0x1f, 0x1f, 0x33, 0x3e, 0x33, 0x1e, 0x1e, 0x33, 0x00, 0x00, 0x00, 0x00, 0x06, 0x00, 0x00,
    0x00, 0x00, 0x01, 0x1a, 0x01, 0x07, 0x00, 0x11, 0x00, 0x1d, 0x00, 0x2f, 0x00, 0x3b, 0x00, 0x4d,
    0x00, 0x59, 0x00, 0x00, 0x13, 0x16, 0x14, 0x0f, 0x01, 0x06, 0x22, 0x2f, 0x01, 0x26, 0x34, 0x36,
    0x32, 0x1f, 0x01, 0x37, 0x36, 0x32, 0x17, 0x23, 0x22, 0x26, 0x34, 0x36, 0x3b, 0x01, 0x32, 0x16,
    0x14, 0x06, 0x07, 0x16, 0x14, 0x0f, 0x01, 0x06, 0x22, 0x2f, 0x01, 0x26, 0x34, 0x36, 0x32, 0x1f,
    0x01, 0x37, 0x36, 0x32, 0x17, 0x23, 0x22, 0x26, 0x34, 0x36, 0x3b, 0x01, 0x32, 0x16, 0x14, 0x06,
    0x27, 0x16, 0x14, 0x0f, 0x01, 0x06, 0x22, 0x2f, 0x01, 0x26, 0x34, 0x36, 0x32, 0x1f, 0x01, 0x37,
    0x36, 0x32, 0x17, 0x23, 0x22, 0x26, 0x34, 0x36, 0x3b, 0x01, 0x32, 0x16, 0x14, 0x06, 0x5b, 0x03,
    0x03, 0x25, 0x03, 0x08, 0x03, 0x12, 0x03, 0x05, 0x08, 0x03, 0x0c, 0x1f, 0x02, 0x08, 0xb8, 0x96,
    0x04, 0x05, 0x05, 0x04, 0x96, 0x04, 0x05, 0x05, 0xb9, 0x03, 0x03, 0x25, 0x03, 0x08, 0x03, 0x12,
    0x03, 0x05, 0x08, 0x03, 0x0c, 0x1f, 0x02, 0x08, 0xb8, 0x96, 0x04, 0x05, 0x05, 0x04, 0x96, 0x04,
    0x05, 0x05, 0xb9, 0x03, 0x03, 0x25, 0x03, 0x08, 0x03, 0x12, 0x03, 0x05, 0x08, 0x03, 0x0c, 0x1f,
    0x02, 0x08, 0xb8, 0x96, 0x04, 0x05, 0x05, 0x04, 0x96, 0x04, 0x05, 0x05, 0x01, 0x04, 0x03, 0x08,
    0x03, 0x25, 0x03, 0x03, 0x13, 0x02, 0x08, 0x06, 0x03, 0x0c, 0x1f, 0x02, 0x25, 0x05, 0x08, 0x06,
    0x06, 0x08, 0x05, 0x86, 0x03, 0x08, 0x02, 0x26, 0x02, 0x02, 0x13, 0x03, 0x08, 0x05, 0x03, 0x0c,
    0x1f, 0x03, 0x26, 0x06, 0x07, 0x06, 0x06, 0x07, 0x06, 0x77, 0x02, 0x08, 0x03, 0x25, 0x03, 0x03,
    0x12, 0x03, 0x08, 0x05, 0x02, 0x0c, 0x1e, 0x03, 0x25, 0x05, 0x08, 0x05, 0x05, 0x08, 0x05, 0x00,
    0x00, 0x04, 0x00, 0x00, 0x00, 0x00, 0x01, 0x11, 0x01, 0x1b, 0x00, 0x3d, 0x00, 0x41, 0x00, 0x45,
    0x00, 0x49, 0x00, 0x00, 0x25, 0x27, 0x2e, 0x01, 0x0f, 0x01, 0x0e, 0x01, 0x17, 0x15, 0x07, 0x0e,
    0x01, 0x1f, 0x01, 0x07, 0x0e, 0x01, 0x1f, 0x01, 0x16, 0x33, 0x32, 0x3f, 0x01, 0x17, 0x16, 0x17,
    0x07, 0x06, 0x1e, 0x01, 0x37, 0x32, 0x3f, 0x02, 0x15, 0x14, 0x16, 0x32, 0x36, 0x3d, 0x01, 0x17,
    0x16, 0x37, 0x32, 0x3e, 0x01, 0x2f, 0x01, 0x37, 0x17, 0x16, 0x33, 0x32, 0x3f, 0x01, 0x3e, 0x01,
    0x27, 0x07, 0x27, 0x37, 0x1f, 0x01, 0x27, 0x37, 0x1f, 0x01, 0x27, 0x37, 0x17, 0x01, 0x0f, 0x2f,
    0x02, 0x07, 0x04, 0x38, 0x03, 0x03, 0x02, 0x42, 0x04, 0x02, 0x02, 0x05, 0x30, 0x04, 0x02, 0x02,
    0x12, 0x03, 0x06, 0x02, 0x02, 0x30, 0x05, 0x01, 0x03, 0x24, 0x02, 0x02, 0x05, 0x03, 0x05, 0x03,
    0x2f, 0x01, 0x05, 0x08, 0x06, 0x30, 0x03, 0x05, 0x03, 0x05, 0x02, 0x02, 0x33, 0x0f, 0x01, 0x02,
    0x06, 0x02, 0x02, 0x39, 0x03, 0x03, 0x02, 0xce, 0x0a, 0x27, 0x0b, 0x1a, 0x1d, 0x3a, 0x1d, 0x15,
    0x26, 0x27, 0x27, 0xb6, 0x5e, 0x04, 0x02, 0x02, 0x1c, 0x02, 0x07, 0x03, 0x01, 0x22, 0x01, 0x08,
    0x03, 0x0b, 0x18, 0x01, 0x08, 0x03, 0x26, 0x05, 0x01, 0x18, 0x0a, 0x03, 0x01, 0x3e, 0x04, 0x07,
    0x04, 0x01, 0x04, 0x50, 0x01, 0x5f, 0x04, 0x05, 0x05, 0x04, 0x61, 0x53, 0x05, 0x01, 0x03, 0x07,
    0x04, 0x57, 0x08, 0x01, 0x05, 0x01, 0x1c, 0x01, 0x08, 0x03, 0x39, 0x15, 0x14, 0x15, 0x0b, 0x3b,
    0x1d, 0x3a, 0x01, 0x4d, 0x13, 0x4d, 0x00, 0x00, 0x00, 0x04, 0x00, 0x00, 0x00, 0x00, 0x01, 0x12,
    0x01, 0x23, 0x00, 0x17, 0x00, 0x42, 0x00, 0x49, 0x00, 0x67, 0x00, 0x00, 0x25, 0x27, 0x26, 0x22,
    0x0f, 0x01, 0x0e, 0x01, 0x1d, 0x01, 0x14, 0x16, 0x1f, 0x01, 0x16, 0x32, 0x3f, 0x01, 0x3e, 0x01,
    0x3d, 0x01, 0x34, 0x26, 0x07, 0x1d, 0x01, 0x0f, 0x01, 0x06, 0x3d, 0x01, 0x06, 0x27, 0x23, 0x3f,
    0x01, 0x33, 0x16, 0x3e, 0x01, 0x34, 0x22, 0x26, 0x34, 0x36, 0x37, 0x35, 0x37, 0x32, 0x1d, 0x01,
    0x36, 0x1f, 0x01, 0x07, 0x15, 0x23, 0x26, 0x0e, 0x01, 0x14, 0x16, 0x32, 0x16, 0x14, 0x06, 0x37,
    0x30, 0x15, 0x23, 0x07, 0x35, 0x3f, 0x01, 0x07, 0x0e, 0x01, 0x1d, 0x01, 0x14, 0x17, 0x23, 0x22,
    0x2f, 0x01, 0x2e, 0x01, 0x3d, 0x01, 0x34, 0x36, 0x3f, 0x01, 0x36, 0x32, 0x1f, 0x01, 0x1e, 0x01,
    0x17, 0x2e, 0x01, 0x07, 0x01, 0x00, 0x59, 0x08, 0x12, 0x08, 0x59, 0x08, 0x09, 0x09, 0x08, 0x59,
    0x08, 0x12, 0x08, 0x59, 0x08, 0x09, 0x09, 0x4d, 0x01, 0x05, 0x01, 0x05, 0x05, 0x01, 0x02, 0x01,
    0x01, 0x05, 0x07, 0x04, 0x0d, 0x06, 0x05, 0x05, 0x06, 0x01, 0x04, 0x04, 0x01, 0x02, 0x01, 0x05,
    0x06, 0x04, 0x04, 0x0a, 0x06, 0x06, 0x2a, 0x01, 0x17, 0x17, 0x10, 0x54, 0x09, 0x09, 0x08, 0x05,
    0x07, 0x07, 0x59, 0x06, 0x08, 0x08, 0x06, 0x59, 0x07, 0x0f, 0x06, 0x59, 0x05, 0x07, 0x01, 0x02,
    0x09, 0x06, 0xe9, 0x35, 0x05, 0x05, 0x35, 0x05, 0x10, 0x09, 0x6a, 0x09, 0x10, 0x05, 0x35, 0x05,
    0x05, 0x35, 0x05, 0x10, 0x09, 0x6a, 0x09, 0x10, 0x9f, 0x08, 0x01, 0x01, 0x03, 0x01, 0x02, 0x08,
    0x03, 0x02, 0x08, 0x02, 0x01, 0x04, 0x05, 0x09, 0x04, 0x0d, 0x0b, 0x04, 0x09, 0x04, 0x01, 0x08,
    0x02, 0x01, 0x01, 0x07, 0x02, 0x01, 0x04, 0x05, 0x05, 0x02, 0x06, 0x0d, 0x0b, 0x08, 0x01, 0x0e,
    0x07, 0x0e, 0x7c, 0x34, 0x05, 0x0c, 0x09, 0x67, 0x0b, 0x03, 0x03, 0x35, 0x04, 0x0e, 0x07, 0x6a,
    0x07, 0x0e, 0x04, 0x35, 0x03, 0x03, 0x35, 0x03, 0x0b, 0x06, 0x04, 0x02, 0x03, 0x00, 0x00, 0x00,
    0x00, 0x07, 0x00, 0x00, 0x00, 0x00, 0x01, 0x1a, 0x01, 0x1a, 0x00, 0x0f, 0x00, 0x19, 0x00, 0x24,
    0x00, 0x42, 0x00, 0x4b, 0x00, 0x54, 0x00, 0x61, 0x00, 0x00, 0x13, 0x23, 0x22, 0x06, 0x1d, 0x01,
    0x14, 0x16, 0x3b, 0x01, 0x32, 0x36, 0x3d, 0x01, 0x34, 0x26, 0x17, 0x14, 0x06, 0x07, 0x23, 0x2e,
    0x01, 0x3d, 0x01, 0x33, 0x35, 0x23, 0x35, 0x34, 0x36, 0x17, 0x33, 0x36, 0x16, 0x1d, 0x01, 0x07,
    0x35, 0x34, 0x36, 0x32, 0x16, 0x15, 0x14, 0x06, 0x22, 0x26, 0x36, 0x26, 0x22, 0x06, 0x1d, 0x01,
    0x14, 0x16, 0x32, 0x36, 0x34, 0x36, 0x32, 0x16, 0x15, 0x14, 0x06, 0x22, 0x26, 0x37, 0x34, 0x36,
    0x32, 0x16, 0x14, 0x06, 0x22, 0x26, 0x15, 0x34, 0x36, 0x32, 0x16, 0x14, 0x06, 0x22, 0x26, 0x37,
    0x26, 0x3e, 0x01, 0x16, 0x1f, 0x01, 0x16, 0x0e, 0x01, 0x22, 0x26, 0x27, 0xea, 0xa8, 0x14, 0x1b,
    0x1b, 0x14, 0xa8, 0x14, 0x1b, 0x1b, 0x09, 0x11, 0x0c, 0xa8, 0x0c, 0x11, 0xe2, 0xe1, 0x10, 0x0c,
    0xa8, 0x0c, 0x10, 0xbb, 0x10, 0x18, 0x10, 0x05, 0x08, 0x06, 0x01, 0x06, 0x08, 0x05, 0x05, 0x08,
    0x05, 0x06, 0x08, 0x05, 0x10, 0x18, 0x10, 0x4b, 0x05, 0x08, 0x06, 0x06, 0x08, 0x05, 0x05, 0x08,
    0x06, 0x06, 0x08, 0x05, 0x1d, 0x02, 0x04, 0x07, 0x07, 0x01, 0x1c, 0x02, 0x03, 0x06, 0x04, 0x05,
    0x01, 0x01, 0x19, 0x1b, 0x14, 0xa8, 0x14, 0x1b, 0x1b, 0x14, 0xa8, 0x14, 0x1b, 0xd7, 0x0c, 0x10,
    0x01, 0x01, 0x10, 0x0c, 0x8c, 0x13, 0x09, 0x0c, 0x11, 0x01, 0x01, 0x11, 0x0c, 0x09, 0x7a, 0x25,
    0x0c, 0x11, 0x11, 0x0c, 0x03, 0x06, 0x06, 0x07, 0x06, 0x06, 0x04, 0x25, 0x04, 0x05, 0x05, 0x08,
    0x05, 0x05, 0x04, 0x0c, 0x10, 0x10, 0x32, 0x04, 0x05, 0x05, 0x08, 0x06, 0x06, 0x22, 0x04, 0x06,
    0x06, 0x08, 0x05, 0x05, 0x39, 0x04, 0x07, 0x03, 0x04, 0x03, 0x4b, 0x04, 0x07, 0x02, 0x03, 0x03,
    0x00, 0x0f, 0xff, 0xff, 0xff, 0xff, 0x00, 0xf2, 0x01, 0x2c, 0x00, 0x04, 0x01, 0x1c, 0x01, 0x1f,
    0x01, 0x32, 0x01, 0x39, 0x01, 0x3f, 0x01, 0x4e, 0x01, 0x54, 0x01, 0x56, 0x01, 0x5b, 0x01, 0x62,
    0x01, 0x67, 0x01, 0x6a, 0x01, 0x74, 0x01, 0x7b, 0x00, 0x00, 0x13, 0x22, 0x2b, 0x01, 0x37, 0x17,
    0x36, 0x35, 0x07, 0x36, 0x3d, 0x01, 0x23, 0x2e, 0x01, 0x27, 0x2e, 0x01, 0x07, 0x30, 0x37, 0x31,
    0x36, 0x27, 0x0e, 0x01, 0x07, 0x06, 0x07, 0x06, 0x33, 0x37, 0x30, 0x07, 0x23, 0x0e, 0x01, 0x07,
    0x14, 0x37, 0x31, 0x36, 0x31, 0x07, 0x26, 0x07, 0x06, 0x07, 0x33, 0x06, 0x07, 0x31, 0x06, 0x15,
    0x07, 0x06, 0x15, 0x14, 0x17, 0x07, 0x17, 0x23, 0x1e, 0x03, 0x17, 0x26, 0x27, 0x14, 0x16, 0x17,
    0x07, 0x16, 0x1f, 0x01, 0x26, 0x1f, 0x01, 0x37, 0x06, 0x17, 0x33, 0x1e, 0x01, 0x33, 0x07, 0x1e,
    0x01, 0x17, 0x27, 0x17, 0x1e, 0x01, 0x17, 0x31, 0x16, 0x17, 0x23, 0x26, 0x27, 0x2e, 0x02, 0x37,
    0x26, 0x37, 0x31, 0x34, 0x27, 0x35, 0x36, 0x37, 0x35, 0x31, 0x16, 0x3f, 0x01, 0x36, 0x37, 0x33,
    0x36, 0x37, 0x3e, 0x01, 0x37, 0x15, 0x36, 0x37, 0x36, 0x3f, 0x01, 0x06, 0x33, 0x37, 0x07, 0x36,
    0x17, 0x31, 0x32, 0x33, 0x07, 0x06, 0x31, 0x16, 0x37, 0x31, 0x36, 0x17, 0x27, 0x17, 0x16, 0x17,
    0x32, 0x37, 0x31, 0x36, 0x17, 0x15, 0x16, 0x17, 0x32, 0x27, 0x31, 0x1e, 0x01, 0x17, 0x26, 0x31,
    0x15, 0x16, 0x23, 0x16, 0x17, 0x35, 0x26, 0x27, 0x14, 0x23, 0x31, 0x26, 0x06, 0x17, 0x16, 0x37,
    0x31, 0x34, 0x31, 0x17, 0x14, 0x1f, 0x01, 0x22, 0x27, 0x31, 0x26, 0x15, 0x1e, 0x01, 0x15, 0x31,
    0x22, 0x15, 0x14, 0x16, 0x37, 0x33, 0x07, 0x06, 0x17, 0x27, 0x14, 0x15, 0x31, 0x16, 0x07, 0x36,
    0x34, 0x07, 0x16, 0x07, 0x31, 0x06, 0x15, 0x27, 0x06, 0x15, 0x31, 0x16, 0x07, 0x36, 0x35, 0x31,
    0x34, 0x37, 0x22, 0x0f, 0x01, 0x0e, 0x01, 0x27, 0x31, 0x34, 0x27, 0x26, 0x27, 0x26, 0x37, 0x36,
    0x37, 0x31, 0x36, 0x37, 0x3e, 0x02, 0x16, 0x17, 0x2e, 0x01, 0x0e, 0x01, 0x17, 0x37, 0x32, 0x35,
    0x14, 0x1e, 0x01, 0x37, 0x15, 0x36, 0x3f, 0x01, 0x07, 0x06, 0x36, 0x3f, 0x01, 0x36, 0x35, 0x31,
    0x26, 0x3f, 0x01, 0x07, 0x30, 0x39, 0x01, 0x14, 0x16, 0x17, 0x16, 0x37, 0x06, 0x2e, 0x01, 0x27,
    0x16, 0x17, 0x31, 0x16, 0x17, 0x26, 0x27, 0x16, 0x17, 0x37, 0x22, 0x23, 0x32, 0x16, 0x23, 0x32,
    0x17, 0x34, 0x22, 0x07, 0x17, 0x14, 0x07, 0x06, 0x07, 0x34, 0x27, 0x31, 0x22, 0x36, 0x37, 0x07,
    0x06, 0x14, 0x3f, 0x01, 0x36, 0x07, 0x2e, 0x01, 0x33, 0x32, 0x37, 0x27, 0x0f, 0x02, 0x17, 0x16,
    0x17, 0x27, 0x16, 0x1f, 0x01, 0x27, 0x26, 0x27, 0x37, 0x07, 0x06, 0x07, 0x36, 0x27, 0x30, 0x15,
    0x31, 0x30, 0x33, 0x31, 0x32, 0x14, 0x0f, 0x01, 0x35, 0x36, 0x07, 0x30, 0x31, 0x07, 0x35, 0x34,
    0x37, 0x85, 0x05, 0x02, 0x02, 0x0e, 0x48, 0x03, 0x02, 0x02, 0x01, 0x01, 0x1b, 0x10, 0x0d, 0x23,
    0x09, 0x04, 0x03, 0x01, 0x07, 0x08, 0x03, 0x06, 0x06, 0x01, 0x01, 0x06, 0x03, 0x05, 0x05, 0x08,
    0x05, 0x03, 0x01, 0x02, 0x08, 0x0f, 0x0d, 0x05, 0x03, 0x02, 0x04, 0x05, 0x01, 0x02, 0x04, 0x01,
    0x03, 0x01, 0x03, 0x03, 0x05, 0x05, 0x04, 0x04, 0x02, 0x05, 0x03, 0x02, 0x02, 0x03, 0x01, 0x04,
    0x03, 0x0b, 0x02, 0x01, 0x08, 0x05, 0x01, 0x08, 0x03, 0x03, 0x05, 0x06, 0x06, 0x03, 0x06, 0x05,
    0x0d, 0x07, 0x07, 0x05, 0x04, 0x14, 0x07, 0x1c, 0x32, 0x1c, 0x02, 0x01, 0x01, 0x01, 0x07, 0x07,
    0x02, 0x03, 0x03, 0x02, 0x02, 0x02, 0x01, 0x05, 0x04, 0x0e, 0x02, 0x07, 0x0c, 0x07, 0x0d, 0x08,
    0x01, 0x01, 0x0f, 0x07, 0x05, 0x04, 0x04, 0x05, 0x05, 0x02, 0x05, 0x05, 0x06, 0x06, 0x01, 0x0b,
    0x0a, 0x0a, 0x01, 0x03, 0x04, 0x05, 0x01, 0x08, 0x01, 0x05, 0x0f, 0x1a, 0x05, 0x03, 0x01, 0x01,
    0x04, 0x02, 0x06, 0x06, 0x03, 0x02, 0x01, 0x02, 0x01, 0x01, 0x02, 0x02, 0x01, 0x01, 0x01, 0x02,
    0x01, 0x03, 0x01, 0x02, 0x01, 0x01, 0x02, 0x03, 0x01, 0x03, 0x01, 0x02, 0x01, 0x02, 0x01, 0x05,
    0x04, 0x03, 0x04, 0x01, 0x03, 0x01, 0x01, 0x01, 0x05, 0x07, 0x10, 0x26, 0x14, 0x02, 0x12, 0x06,
    0x09, 0x03, 0x02, 0x02, 0x03, 0x05, 0x04, 0x12, 0x16, 0x12, 0x05, 0x09, 0x1a, 0x18, 0x0e, 0x01,
    0x01, 0x01, 0x15, 0x1f, 0x0e, 0x05, 0x03, 0x09, 0x01, 0x03, 0x05, 0x0f, 0x02, 0x01, 0x01, 0x02,
    0x04, 0x54, 0x06, 0x03, 0x0b, 0x12, 0x09, 0x1b, 0x18, 0x06, 0x01, 0x05, 0x08, 0x04, 0x04, 0x05,
    0x08, 0x0b, 0x03, 0x01, 0x01, 0x06, 0x02, 0x03, 0x01, 0x32, 0x02, 0x01, 0x02, 0x03, 0x01, 0x05,
    0x02, 0x02, 0x01, 0x04, 0x02, 0x02, 0x04, 0x01, 0x03, 0x19, 0x05, 0x06, 0x04, 0x07, 0x05, 0x1a,
    0x01, 0x27, 0x01, 0x03, 0x04, 0x03, 0x05, 0x02, 0x02, 0x01, 0x01, 0x03, 0x01, 0x8c, 0x01, 0x02,
    0x06, 0x07, 0xe0, 0x02, 0x01, 0x01, 0x04, 0x02, 0x06, 0x02, 0x03, 0x01, 0x2b, 0x01, 0x90, 0x08,
    0x06, 0x05, 0x08, 0x10, 0x0a, 0x13, 0x26, 0x07, 0x06, 0x02, 0x04, 0x01, 0x01, 0x01, 0x01, 0x02,
    0x02, 0x04, 0x02, 0x01, 0x01, 0x02, 0x01, 0x03, 0x06, 0x01, 0x01, 0x01, 0x03, 0x01, 0x0f, 0x0c,
    0x09, 0x05, 0x07, 0x09, 0x04, 0x0c, 0x11, 0x08, 0x0d, 0x05, 0x08, 0x06, 0x09, 0x04, 0x01, 0x05,
    0x09, 0x01, 0x04, 0x02, 0x09, 0x05, 0x02, 0x03, 0x02, 0x02, 0x03, 0x06, 0x0f, 0x02, 0x05, 0x09,
    0x03, 0x07, 0x04, 0x01, 0x05, 0x02, 0x04, 0x05, 0x06, 0x05, 0x01, 0x01, 0x02, 0x01, 0x02, 0x08,
    0x2d, 0x40, 0x21, 0x06, 0x0c, 0x0f, 0x02, 0x02, 0x16, 0x0e, 0x01, 0x02, 0x05, 0x05, 0x07, 0x04,
    0x04, 0x06, 0x04, 0x0d, 0x02, 0x03, 0x06, 0x07, 0x03, 0x06, 0x03, 0x01, 0x02, 0x04, 0x01, 0x01,
    0x01, 0x01, 0x01, 0x02, 0x01, 0x02, 0x03, 0x04, 0x03, 0x05, 0x01, 0x01, 0x02, 0x01, 0x03, 0x04,
    0x05, 0x08, 0x1e, 0x11, 0x04, 0x04, 0x05, 0x0b, 0x0a, 0x01, 0x14, 0x09, 0x02, 0x01, 0x03, 0x05,
    0x02, 0x01, 0x01, 0x04, 0x02, 0x06, 0x05, 0x02, 0x03, 0x01, 0x04, 0x06, 0x01, 0x03, 0x06, 0x02,
    0x01, 0x04, 0x09, 0x07, 0x08, 0x03, 0x04, 0x05, 0x06, 0x06, 0x09, 0x03, 0x07, 0x0a, 0x08, 0x03,
    0x04, 0x07, 0x02, 0x03, 0x04, 0x02, 0x01, 0x01, 0x02, 0x05, 0x07, 0x0d, 0x05, 0x07, 0x01, 0x02,
    0x0e, 0x0b, 0x0f, 0x17, 0x01, 0x06, 0x0b, 0x03, 0x07, 0x0c, 0x01, 0x0a, 0x07, 0x08, 0x04, 0x0b,
    0x19, 0x0e, 0x01, 0x02, 0x11, 0x1b, 0x0b, 0x07, 0x01, 0x01, 0x02, 0x08, 0x02, 0x03, 0x01, 0x0d,
    0x03, 0x02, 0x02, 0x02, 0x03, 0x03, 0x29, 0x01, 0x04, 0x02, 0x04, 0x01, 0x04, 0x06, 0x10, 0x0b,
    0x01, 0x05, 0x0a, 0x01, 0x03, 0x08, 0x0a, 0x05, 0xbb, 0x01, 0x79, 0x06, 0x04, 0x03, 0x01, 0x0b,
    0x06, 0x07, 0x01, 0x01, 0x04, 0x05, 0x04, 0x04, 0x01, 0x02, 0x01, 0x05, 0x14, 0x01, 0x02, 0x01,
    0x99, 0x01, 0x9f, 0x04, 0x03, 0x07, 0x03, 0x17, 0x04, 0x02, 0x05, 0x02, 0x06, 0x03, 0x18, 0x02,
    0x0f, 0x0d, 0x0e, 0x57, 0x01, 0x01, 0x03, 0x03, 0x01, 0x03, 0x15, 0x08, 0x02, 0x04, 0x04, 0x00,
    0x00, 0x06, 0x00, 0x00, 0x00, 0x00, 0x01, 0x1a, 0x01, 0x1a, 0x00, 0x0e, 0x00, 0x17, 0x00, 0x1a,
    0x00, 0x30, 0x00, 0x37, 0x00, 0x4b, 0x00, 0x00, 0x37, 0x32, 0x16, 0x15, 0x14, 0x07, 0x17, 0x37,
    0x27, 0x26, 0x22, 0x0f, 0x01, 0x17, 0x36, 0x07, 0x2e, 0x01, 0x35, 0x34, 0x37, 0x27, 0x07, 0x17,
    0x33, 0x37, 0x27, 0x17, 0x27, 0x07, 0x17, 0x36, 0x33, 0x32, 0x16, 0x14, 0x06, 0x22, 0x26, 0x35,
    0x34, 0x37, 0x27, 0x07, 0x17, 0x37, 0x36, 0x34, 0x2f, 0x01, 0x07, 0x06, 0x14, 0x1f, 0x01, 0x37,
    0x17, 0x1e, 0x01, 0x15, 0x14, 0x06, 0x22, 0x26, 0x35, 0x34, 0x36, 0x37, 0x35, 0x07, 0x17, 0x16,
    0x32, 0x3f, 0x01, 0x27, 0x96, 0x08, 0x0b, 0x01, 0x14, 0x19, 0x32, 0x06, 0x0f, 0x06, 0x0b, 0x14,
    0x03, 0x07, 0x05, 0x05, 0x01, 0x15, 0x18, 0x36, 0x12, 0x0f, 0x0f, 0x75, 0x32, 0x19, 0x13, 0x03,
    0x02, 0x08, 0x0b, 0x0b, 0x10, 0x0b, 0x01, 0x14, 0x18, 0x3f, 0x32, 0x05, 0x05, 0xca, 0x32, 0x05,
    0x05, 0x32, 0x3f, 0x16, 0x05, 0x05, 0x0b, 0x10, 0x0b, 0x05, 0x05, 0x36, 0x32, 0x06, 0x0f, 0x06,
    0x31, 0x36, 0xf4, 0x0b, 0x08, 0x02, 0x03, 0x13, 0x19, 0x32, 0x05, 0x05, 0x0c, 0x15, 0x01, 0x23,
    0x02, 0x09, 0x05, 0x02, 0x03, 0x14, 0x18, 0x35, 0x0e, 0x0f, 0x27, 0x32, 0x1a, 0x13, 0x01, 0x0b,
    0x10, 0x0b, 0x0b, 0x08, 0x02, 0x03, 0x13, 0x18, 0x3f, 0x32, 0x05, 0x10, 0x05, 0x32, 0x32, 0x05,
    0x10, 0x05, 0x32, 0x3f, 0x3b, 0x02, 0x09, 0x05, 0x08, 0x0b, 0x0b, 0x08, 0x05, 0x09, 0x02, 0x24,
    0x35, 0x32, 0x05, 0x05, 0x32, 0x35, 0x00, 0x00, 0x00, 0x05, 0x00, 0x00, 0x00, 0x00, 0x01, 0x12,
    0x01, 0x2c, 0x00, 0x5b, 0x00, 0xb0, 0x00, 0xce, 0x01, 0x15, 0x01, 0x3b, 0x00, 0x00, 0x37, 0x1e,
    0x01, 0x1f, 0x04, 0x1e, 0x01, 0x14, 0x0e, 0x01, 0x0f, 0x01, 0x0e, 0x01, 0x0f, 0x02, 0x0e, 0x01,
    0x23, 0x22, 0x26, 0x27, 0x26, 0x2f, 0x02, 0x22, 0x0f, 0x01, 0x22, 0x0f, 0x01, 0x0e, 0x02, 0x26,
    0x27, 0x26, 0x2f, 0x01, 0x2e, 0x03, 0x36, 0x35, 0x27, 0x34, 0x36, 0x37, 0x36, 0x3f, 0x03, 0x27,
    0x34, 0x3e, 0x02, 0x37, 0x3e, 0x01, 0x35, 0x27, 0x34, 0x35, 0x34, 0x3e, 0x02, 0x33, 0x32, 0x1e,
    0x02, 0x1d, 0x01, 0x14, 0x1e, 0x01, 0x1f, 0x01, 0x1e, 0x02, 0x15, 0x14, 0x27, 0x32, 0x16, 0x1f,
    0x01, 0x15, 0x0f, 0x01, 0x06, 0x0f, 0x01, 0x06, 0x14, 0x17, 0x16, 0x1f, 0x01, 0x1e, 0x01, 0x3b,
    0x01, 0x32, 0x3f, 0x03, 0x34, 0x2f, 0x02, 0x2e, 0x01, 0x27, 0x22, 0x3d, 0x02, 0x34, 0x3e, 0x01,
    0x32, 0x16, 0x14, 0x06, 0x14, 0x17, 0x33, 0x32, 0x36, 0x37, 0x27, 0x2e, 0x02, 0x23, 0x22, 0x06,
    0x07, 0x17, 0x27, 0x23, 0x22, 0x3d, 0x01, 0x2e, 0x02, 0x22, 0x0e, 0x01, 0x15, 0x07, 0x1f, 0x01,
    0x16, 0x32, 0x36, 0x35, 0x23, 0x22, 0x2f, 0x02, 0x34, 0x36, 0x07, 0x32, 0x3e, 0x03, 0x26, 0x2f,
    0x02, 0x2e, 0x02, 0x22, 0x0f, 0x01, 0x0e, 0x02, 0x15, 0x17, 0x14, 0x06, 0x14, 0x16, 0x1f, 0x02,
    0x16, 0x17, 0x37, 0x32, 0x3e, 0x02, 0x37, 0x35, 0x3f, 0x01, 0x34, 0x3e, 0x01, 0x37, 0x35, 0x34,
    0x3f, 0x01, 0x36, 0x3f, 0x01, 0x2f, 0x01, 0x26, 0x2f, 0x01, 0x26, 0x35, 0x2f, 0x02, 0x26, 0x22,
    0x0f, 0x01, 0x06, 0x22, 0x26, 0x2f, 0x01, 0x26, 0x22, 0x1d, 0x01, 0x07, 0x0e, 0x01, 0x15, 0x17,
    0x14, 0x17, 0x07, 0x0e, 0x01, 0x1d, 0x01, 0x32, 0x1f, 0x01, 0x16, 0x1f, 0x01, 0x16, 0x1f, 0x01,
    0x14, 0x06, 0x07, 0x1e, 0x03, 0x17, 0x32, 0x3e, 0x03, 0x3f, 0x02, 0x36, 0x3d, 0x01, 0x2f, 0x03,
    0x26, 0x23, 0x22, 0x0f, 0x01, 0x06, 0x22, 0x26, 0x2f, 0x01, 0x07, 0x06, 0x07, 0x06, 0x15, 0x07,
    0x06, 0x0f, 0x02, 0x14, 0x16, 0xf9, 0x05, 0x04, 0x01, 0x02, 0x01, 0x03, 0x03, 0x02, 0x03, 0x03,
    0x06, 0x04, 0x07, 0x06, 0x09, 0x05, 0x05, 0x06, 0x04, 0x07, 0x04, 0x08, 0x0b, 0x04, 0x02, 0x01,
    0x04, 0x1d, 0x06, 0x07, 0x0d, 0x01, 0x01, 0x04, 0x02, 0x08, 0x0c, 0x0b, 0x04, 0x09, 0x09, 0x19,
    0x03, 0x05, 0x02, 0x01, 0x03, 0x01, 0x07, 0x07, 0x03, 0x02, 0x05, 0x07, 0x01, 0x01, 0x07, 0x0a,
    0x0c, 0x06, 0x08, 0x09, 0x01, 0x05, 0x0b, 0x12, 0x0d, 0x0e, 0x12, 0x09, 0x03, 0x02, 0x05, 0x04,
    0x0e, 0x07, 0x0c, 0x08, 0x7e, 0x02, 0x03, 0x01, 0x01, 0x01, 0x04, 0x01, 0x02, 0x06, 0x02, 0x02,
    0x03, 0x01, 0x04, 0x01, 0x06, 0x06, 0x01, 0x06, 0x05, 0x0e, 0x0b, 0x01, 0x01, 0x02, 0x05, 0x03,
    0x07, 0x03, 0x01, 0x02, 0x03, 0x07, 0x04, 0x02, 0x01, 0x02, 0x03, 0x02, 0x01, 0x01, 0x01, 0x03,
    0x06, 0x04, 0x08, 0x06, 0x01, 0x01, 0x05, 0x06, 0x02, 0x01, 0x02, 0x04, 0x06, 0x03, 0x03, 0x01,
    0x02, 0x01, 0x01, 0x02, 0x02, 0x01, 0x01, 0x01, 0x01, 0x01, 0x03, 0x1d, 0x04, 0x06, 0x06, 0x03,
    0x01, 0x02, 0x02, 0x0d, 0x0a, 0x02, 0x04, 0x05, 0x06, 0x03, 0x0a, 0x03, 0x09, 0x04, 0x01, 0x02,
    0x05, 0x04, 0x10, 0x08, 0x03, 0x05, 0x43, 0x04, 0x09, 0x0a, 0x08, 0x04, 0x02, 0x05, 0x03, 0x05,
    0x04, 0x01, 0x02, 0x02, 0x01, 0x03, 0x05, 0x02, 0x02, 0x02, 0x07, 0x01, 0x06, 0x03, 0x03, 0x02,
    0x05, 0x05, 0x14, 0x05, 0x09, 0x07, 0x03, 0x05, 0x03, 0x02, 0x08, 0x02, 0x02, 0x01, 0x01, 0x05,
    0x06, 0x04, 0x03, 0x03, 0x07, 0x04, 0x04, 0x06, 0x04, 0x01, 0x02, 0x05, 0x03, 0x02, 0x08, 0x08,
    0x0a, 0x40, 0x03, 0x07, 0x08, 0x07, 0x09, 0x05, 0x0a, 0x03, 0x01, 0x05, 0x03, 0x04, 0x01, 0x03,
    0x06, 0x03, 0x02, 0x0a, 0x03, 0x06, 0x04, 0x01, 0x04, 0x02, 0x02, 0x01, 0x02, 0x02, 0x01, 0x03,
    0x01, 0x01, 0x09, 0x5b, 0x02, 0x07, 0x05, 0x06, 0x04, 0x05, 0x04, 0x02, 0x07, 0x06, 0x05, 0x04,
    0x01, 0x04, 0x03, 0x07, 0x04, 0x06, 0x04, 0x03, 0x02, 0x06, 0x08, 0x02, 0x01, 0x01, 0x01, 0x01,
    0x02, 0x02, 0x05, 0x02, 0x03, 0x01, 0x02, 0x03, 0x04, 0x02, 0x04, 0x01, 0x03, 0x05, 0x09, 0x08,
    0x05, 0x0d, 0x07, 0x07, 0x02, 0x01, 0x02, 0x04, 0x09, 0x02, 0x07, 0x0a, 0x14, 0x13, 0x12, 0x08,
    0x0b, 0x17, 0x0e, 0x0b, 0x06, 0x06, 0x0c, 0x12, 0x0e, 0x07, 0x0c, 0x13, 0x17, 0x0c, 0x0d, 0x05,
    0x09, 0x09, 0x06, 0x12, 0x0a, 0x13, 0x16, 0x0d, 0x0a, 0x8f, 0x02, 0x01, 0x04, 0x04, 0x02, 0x05,
    0x01, 0x01, 0x05, 0x01, 0x04, 0x01, 0x02, 0x04, 0x06, 0x03, 0x05, 0x03, 0x08, 0x08, 0x04, 0x02,
    0x01, 0x02, 0x01, 0x01, 0x04, 0x01, 0x01, 0x02, 0x07, 0x02, 0x03, 0x02, 0x07, 0x06, 0x02, 0x03,
    0x01, 0x03, 0x03, 0x07, 0x05, 0x07, 0x04, 0x07, 0x08, 0x09, 0x01, 0x01, 0x06, 0x03, 0x07, 0x04,
    0x03, 0x04, 0x03, 0x05, 0x07, 0x05, 0x01, 0x02, 0x01, 0x01, 0x03, 0x05, 0x03, 0x04, 0xe4, 0x02,
    0x03, 0x06, 0x07, 0x05, 0x02, 0x12, 0x10, 0x04, 0x06, 0x03, 0x02, 0x0a, 0x03, 0x03, 0x04, 0x04,
    0x0c, 0x04, 0x07, 0x07, 0x03, 0x01, 0x03, 0x01, 0x01, 0x03, 0x0e, 0x02, 0x03, 0x04, 0x03, 0x01,
    0x08, 0x1f, 0x03, 0x07, 0x05, 0x02, 0x01, 0x01, 0x02, 0x03, 0x01, 0x01, 0x02, 0x17, 0x06, 0x03,
    0x03, 0x0a, 0x01, 0x03, 0x12, 0x07, 0x05, 0x03, 0x03, 0x0d, 0x02, 0x05, 0x04, 0x06, 0x03, 0x02,
    0x07, 0x0d, 0x04, 0x07, 0x04, 0x04, 0x02, 0x02, 0x07, 0x08, 0x13, 0x09, 0x0e, 0x02, 0x04, 0x03,
    0x04, 0x08, 0x03, 0x04, 0x06, 0x04, 0x04, 0x02, 0x04, 0x06, 0x04, 0x02, 0x15, 0x02, 0x05, 0x09,
    0x06, 0x03, 0x05, 0x02, 0x02, 0x02, 0x02, 0x08, 0x05, 0x0d, 0x02, 0x04, 0x01, 0x06, 0x01, 0x03,
    0x02, 0x0a, 0x03, 0x02, 0x02, 0x05, 0x05, 0x11, 0x08, 0x08, 0x05, 0x05, 0x07, 0x0a, 0x00, 0x00,
    0x00, 0x04, 0x00, 0x00, 0x00, 0x00, 0x01, 0x2a, 0x01, 0x1a, 0x00, 0x10, 0x00, 0x1c, 0x00, 0x31,
    0x00, 0x42, 0x00, 0x00, 0x37, 0x07, 0x06, 0x22, 0x26, 0x36, 0x3f, 0x01, 0x27, 0x26, 0x34, 0x36,
    0x16, 0x1f, 0x01, 0x16, 0x06, 0x17, 0x23, 0x22, 0x06, 0x14, 0x16, 0x3b, 0x01, 0x32, 0x36, 0x34,
    0x26, 0x37, 0x07, 0x0e, 0x01, 0x2b, 0x01, 0x22, 0x2e, 0x02, 0x3f, 0x01, 0x3e, 0x01, 0x3b, 0x01,
    0x32, 0x1e, 0x02, 0x07, 0x27, 0x26, 0x2b, 0x01, 0x0e, 0x01, 0x0f, 0x01, 0x06, 0x16, 0x3b, 0x01,
    0x32, 0x36, 0x3f, 0x01, 0x36, 0x80, 0x2c, 0x03, 0x08, 0x05, 0x01, 0x03, 0x25, 0x19, 0x02, 0x06,
    0x08, 0x02, 0x1f, 0x03, 0x01, 0x4b, 0x41, 0x04, 0x06, 0x06, 0x04, 0x41, 0x04, 0x06, 0x06, 0x56,
    0x21, 0x03, 0x1a, 0x11, 0xa7, 0x0a, 0x13, 0x0e, 0x05, 0x02, 0x21, 0x03, 0x1a, 0x11, 0xa7, 0x0a,
    0x13, 0x0e, 0x05, 0x02, 0x18, 0x09, 0x0d, 0xa7, 0x0b, 0x0f, 0x02, 0x21, 0x02, 0x11, 0x0d, 0xa7,
    0x0b, 0x0f, 0x02, 0x21, 0x02, 0x85, 0x25, 0x02, 0x06, 0x08, 0x02, 0x20, 0x1e, 0x03, 0x08, 0x05,
    0x01, 0x03, 0x25, 0x03, 0x08, 0x17, 0x06, 0x08, 0x05, 0x05, 0x08, 0x06, 0x71, 0xa9, 0x11, 0x15,
    0x09, 0x10, 0x14, 0x0a, 0xa9, 0x11, 0x15, 0x09, 0x10, 0x14, 0x0a, 0x1a, 0x0b, 0x01, 0x0c, 0x0a,
    0xa9, 0x0d, 0x14, 0x0c, 0x0a, 0xa9, 0x0d, 0x00, 0x00, 0x02, 0x00, 0x00, 0x00, 0x00, 0x01, 0x1a,
    0x01, 0x1a, 0x00, 0x10, 0x00, 0x17, 0x00, 0x00, 0x37, 0x23, 0x35, 0x23, 0x22, 0x06, 0x1d, 0x01,
    0x14, 0x16, 0x3b, 0x01, 0x32, 0x36, 0x3d, 0x01, 0x23, 0x37, 0x23, 0x15, 0x33, 0x35, 0x34, 0x26,
    0x96, 0x13, 0x5d, 0x08, 0x0b, 0x0b, 0x07, 0xe2, 0x07, 0x0b, 0x83, 0x71, 0x71, 0x83, 0x0b, 0x38,
    0xe1, 0x0b, 0x07, 0xe1, 0x08, 0x0b, 0x0b, 0x07, 0x71, 0x83, 0x70, 0x5e, 0x07, 0x0b, 0x00, 0x00,
    0x00, 0x06, 0xff, 0xff, 0x00, 0x00, 0x01, 0x1c, 0x01, 0x1a, 0x00, 0x08, 0x00, 0x11, 0x00, 0x1e,
    0x00, 0x27, 0x00, 0x34, 0x00, 0x45, 0x00, 0x00, 0x37, 0x14, 0x06, 0x22, 0x26, 0x34, 0x36, 0x32,
    0x16, 0x07, 0x14, 0x06, 0x22, 0x26, 0x34, 0x36, 0x32, 0x16, 0x17, 0x2e, 0x01, 0x27, 0x06, 0x27,
    0x1e, 0x01, 0x17, 0x16, 0x33, 0x26, 0x35, 0x37, 0x14, 0x06, 0x22, 0x26, 0x34, 0x36, 0x32, 0x16,
    0x17, 0x36, 0x37, 0x36, 0x26, 0x27, 0x06, 0x07, 0x16, 0x07, 0x06, 0x07, 0x16, 0x27, 0x30, 0x31,
    0x23, 0x3e, 0x01, 0x17, 0x06, 0x0f, 0x01, 0x0e, 0x01, 0x07, 0x26, 0x27, 0x26, 0x23, 0xf6, 0x17,
    0x21, 0x17, 0x17, 0x21, 0x17, 0xa6, 0x18, 0x21, 0x17, 0x17, 0x21, 0x18, 0x32, 0x16, 0x22, 0x0a,
    0x11, 0x12, 0x0d, 0x31, 0x20, 0x0e, 0x0e, 0x0b, 0x61, 0x17, 0x21, 0x18, 0x18, 0x21, 0x17, 0x10,
    0x13, 0x06, 0x06, 0x0a, 0x0f, 0x06, 0x10, 0x11, 0x08, 0x03, 0x09, 0x0e, 0xd2, 0x01, 0x12, 0x44,
    0x26, 0x09, 0x02, 0x01, 0x18, 0x29, 0x0e, 0x08, 0x0a, 0x06, 0x06, 0xf3, 0x11, 0x16, 0x16, 0x21,
    0x16, 0x16, 0x65, 0x11, 0x16, 0x16, 0x21, 0x16, 0x16, 0x74, 0x04, 0x1a, 0x13, 0x08, 0x04, 0x1e,
    0x28, 0x07, 0x02, 0x0e, 0x12, 0x01, 0x10, 0x16, 0x16, 0x21, 0x16, 0x16, 0x02, 0x17, 0x1d, 0x19,
    0x32, 0x16, 0x11, 0x09, 0x1f, 0x22, 0x10, 0x0e, 0x0b, 0x7c, 0x20, 0x23, 0x03, 0x0a, 0x0d, 0x08,
    0x01, 0x15, 0x13, 0x05, 0x02, 0x01, 0x00, 0x00, 0x00, 0x04, 0x00, 0x00, 0x00, 0x00, 0x01, 0x1a,
    0x01, 0x1a, 0x00, 0x0f, 0x00, 0x1f, 0x00, 0x31, 0x00, 0x3e, 0x00, 0x00, 0x13, 0x23, 0x22, 0x06,
    0x1d, 0x01, 0x14, 0x16, 0x3b, 0x01, 0x32, 0x36, 0x3d, 0x01, 0x34, 0x26, 0x17, 0x14, 0x06, 0x2b,
    0x01, 0x22, 0x26, 0x3d, 0x01, 0x34, 0x36, 0x3b, 0x01, 0x32, 0x16, 0x15, 0x0f, 0x01, 0x06, 0x22,
    0x26, 0x34, 0x3f, 0x01, 0x27, 0x26, 0x34, 0x36, 0x32, 0x1f, 0x01, 0x16, 0x14, 0x07, 0x17, 0x14,
    0x06, 0x2b, 0x01, 0x22, 0x26, 0x34, 0x36, 0x3b, 0x01, 0x32, 0x16, 0xea, 0xa8, 0x14, 0x1b, 0x1b,
    0x14, 0xa8, 0x14, 0x1b, 0x1b, 0x09, 0x11, 0x0c, 0xa8, 0x0c, 0x10, 0x10, 0x0c, 0xa8, 0x0c, 0x11,
    0x86, 0x39, 0x02, 0x08, 0x06, 0x03, 0x32, 0x32, 0x03, 0x06, 0x08, 0x02, 0x38, 0x03, 0x03, 0x74,
    0x06, 0x04, 0x5d, 0x04, 0x06, 0x06, 0x04, 0x5d, 0x04, 0x06, 0x01, 0x19, 0x1b, 0x14, 0xa8, 0x14,
    0x1b, 0x1b, 0x14, 0xa8, 0x14, 0x1b, 0xd7, 0x0c, 0x10, 0x10, 0x0c, 0xa8, 0x0c, 0x11, 0x11, 0x0c,
    0x64, 0x38, 0x03, 0x05, 0x08, 0x03, 0x32, 0x31, 0x03, 0x08, 0x05, 0x03, 0x38, 0x03, 0x07, 0x03,
    0x32, 0x04, 0x05, 0x05, 0x08, 0x06, 0x06, 0x00, 0x00, 0x03, 0x00, 0x00, 0x00, 0x00, 0x01, 0x1b,
    0x01, 0x07, 0x00, 0x25, 0x00, 0x28, 0x00, 0x2b, 0x00, 0x00, 0x13, 0x2e, 0x01, 0x22, 0x06, 0x0f,
    0x01, 0x27, 0x26, 0x22, 0x0f, 0x01, 0x06, 0x1e, 0x01, 0x36, 0x3f, 0x01, 0x33, 0x17, 0x1e, 0x01,
    0x17, 0x31, 0x16, 0x37, 0x33, 0x3e, 0x01, 0x3f, 0x01, 0x33, 0x17, 0x1e, 0x01, 0x3e, 0x01, 0x2f,
    0x01, 0x17, 0x23, 0x27, 0x17, 0x23, 0xce, 0x01, 0x05, 0x06, 0x05, 0x01, 0x43, 0x25, 0x03, 0x0c,
    0x03, 0x2f, 0x01, 0x03, 0x07, 0x07, 0x02, 0x0d, 0x32, 0x0d, 0x01, 0x03, 0x02, 0x03, 0x03, 0x01,
    0x01, 0x03, 0x01, 0x19, 0x52, 0x19, 0x01, 0x07, 0x08, 0x03, 0x01, 0x54, 0x22, 0x44, 0x58, 0x11,
    0x22, 0x01, 0x00, 0x03, 0x04, 0x04, 0x03, 0xb7, 0x5a, 0x06, 0x06, 0x71, 0x03, 0x07, 0x03, 0x03,
    0x03, 0x20, 0x20, 0x02, 0x02, 0x01, 0x01, 0x01, 0x01, 0x03, 0x02, 0x45, 0x45, 0x04, 0x03, 0x02,
    0x07, 0x04, 0xb0, 0x5f, 0x04, 0x29, 0x00, 0x00, 0x00, 0x05, 0x00, 0x00, 0x00, 0x00, 0x01, 0x2d,
    0x01, 0x2c, 0x00, 0x08, 0x00, 0x11, 0x00, 0x1a, 0x00, 0x3e, 0x00, 0x70, 0x00, 0x00, 0x37, 0x14,
    0x06, 0x22, 0x26, 0x34, 0x3e, 0x01, 0x16, 0x37, 0x14, 0x06, 0x22, 0x26, 0x34, 0x36, 0x32, 0x16,
    0x07, 0x34, 0x26, 0x22, 0x06, 0x14, 0x16, 0x32, 0x36, 0x37, 0x14, 0x0e, 0x01, 0x2b, 0x01, 0x0e,
    0x01, 0x22, 0x26, 0x27, 0x06, 0x23, 0x22, 0x2e, 0x01, 0x35, 0x34, 0x36, 0x37, 0x26, 0x35, 0x34,
    0x3e, 0x01, 0x33, 0x32, 0x16, 0x17, 0x36, 0x33, 0x32, 0x16, 0x17, 0x1e, 0x01, 0x07, 0x34, 0x26,
    0x27, 0x22, 0x26, 0x35, 0x2e, 0x01, 0x23, 0x22, 0x07, 0x06, 0x26, 0x27, 0x2e, 0x01, 0x23, 0x22,
    0x06, 0x15, 0x14, 0x17, 0x16, 0x06, 0x2b, 0x01, 0x22, 0x06, 0x14, 0x16, 0x33, 0x32, 0x37, 0x36,
    0x32, 0x17, 0x16, 0x15, 0x1e, 0x01, 0x32, 0x36, 0x37, 0x3e, 0x01, 0x17, 0x33, 0x32, 0x36, 0x38,
    0x0b, 0x0f, 0x0b, 0x0b, 0x0f, 0x0b, 0x4b, 0x10, 0x18, 0x10, 0x10, 0x18, 0x10, 0x12, 0x06, 0x08,
    0x05, 0x05, 0x08, 0x06, 0xbb, 0x12, 0x1e, 0x12, 0x01, 0x06, 0x23, 0x2c, 0x22, 0x07, 0x0b, 0x0c,
    0x11, 0x1f, 0x11, 0x21, 0x19, 0x02, 0x12, 0x1e, 0x12, 0x0e, 0x1a, 0x09, 0x08, 0x08, 0x15, 0x1f,
    0x04, 0x11, 0x15, 0x13, 0x11, 0x0e, 0x03, 0x03, 0x01, 0x16, 0x0f, 0x08, 0x07, 0x03, 0x07, 0x01,
    0x07, 0x15, 0x0b, 0x14, 0x1b, 0x05, 0x03, 0x06, 0x06, 0x06, 0x13, 0x1c, 0x1c, 0x13, 0x0e, 0x0b,
    0x02, 0x04, 0x02, 0x05, 0x03, 0x1a, 0x24, 0x1b, 0x01, 0x01, 0x06, 0x04, 0x08, 0x14, 0x1b, 0x13,
    0x08, 0x0b, 0x0b, 0x10, 0x0a, 0x01, 0x0b, 0x14, 0x0c, 0x10, 0x10, 0x18, 0x10, 0x10, 0x0c, 0x04,
    0x05, 0x05, 0x08, 0x05, 0x05, 0x8c, 0x11, 0x1c, 0x10, 0x14, 0x1b, 0x17, 0x12, 0x04, 0x10, 0x19,
    0x10, 0x15, 0x20, 0x03, 0x07, 0x07, 0x11, 0x1c, 0x10, 0x0b, 0x0a, 0x02, 0x18, 0x13, 0x07, 0x1e,
    0x12, 0x0d, 0x16, 0x05, 0x05, 0x03, 0x0d, 0x13, 0x04, 0x01, 0x02, 0x03, 0x08, 0x0a, 0x18, 0x12,
    0x0a, 0x09, 0x05, 0x09, 0x16, 0x1f, 0x16, 0x06, 0x01, 0x01, 0x02, 0x05, 0x10, 0x14, 0x16, 0x11,
    0x04, 0x05, 0x01, 0x18, 0x00, 0x03, 0x00, 0x00, 0x00, 0x00, 0x01, 0x07, 0x00, 0xf4, 0x00, 0x0d,
    0x00, 0x1b, 0x00, 0x29, 0x00, 0x00, 0x37, 0x34, 0x36, 0x3b, 0x01, 0x32, 0x16, 0x14, 0x06, 0x2b,
    0x01, 0x22, 0x26, 0x27, 0x17, 0x34, 0x36, 0x3b, 0x01, 0x32, 0x16, 0x14, 0x06, 0x2b, 0x01, 0x22,
    0x26, 0x27, 0x17, 0x34, 0x36, 0x3b, 0x01, 0x32, 0x16, 0x14, 0x06, 0x2b, 0x01, 0x22, 0x26, 0x35,
    0x26, 0x05, 0x04, 0xce, 0x04, 0x06, 0x06, 0x04, 0xce, 0x04, 0x05, 0x01, 0x01, 0x05, 0x04, 0xce,
    0x04, 0x06, 0x06, 0x04, 0xce, 0x04, 0x05, 0x01, 0x01, 0x05, 0x04, 0xce, 0x04, 0x06, 0x06, 0x04,
    0xce, 0x04, 0x06, 0xea, 0x04, 0x06, 0x06, 0x08, 0x05, 0x05, 0x04, 0x4b, 0x04, 0x06, 0x06, 0x08,
    0x05, 0x05, 0x04, 0x4b, 0x04, 0x06, 0x06, 0x08, 0x05, 0x05, 0x04, 0x00, 0x00, 0x02, 0x00, 0x00,
    0x00, 0x00, 0x01, 0x1a, 0x01, 0x1a, 0x00, 0x09, 0x00, 0x23, 0x00, 0x00, 0x25, 0x35, 0x34, 0x26,
    0x2b, 0x01, 0x15, 0x33, 0x32, 0x36, 0x07, 0x1e, 0x01, 0x3b, 0x01, 0x07, 0x06, 0x1e, 0x02, 0x33,
    0x32, 0x36, 0x3f, 0x01, 0x36, 0x37, 0x35, 0x23, 0x22, 0x06, 0x0f, 0x01, 0x06, 0x16, 0x17, 0x01,
    0x19, 0x10, 0x0c, 0x1c, 0x1c, 0x0c, 0x10, 0xfe, 0x05, 0x10, 0x09, 0x40, 0x08, 0x02, 0x04, 0x0c,
    0x11, 0x0a, 0x06, 0x0a, 0x02, 0x08, 0x0a, 0x10, 0x78, 0x0c, 0x14, 0x04, 0x1d, 0x02, 0x02, 0x06,
    0x9f, 0x5e, 0x0c, 0x10, 0x96, 0x11, 0x14, 0x08, 0x07, 0x2c, 0x09, 0x13, 0x0e, 0x08, 0x07, 0x06,
    0x18, 0x1c, 0x1a, 0xab, 0x0e, 0x0c, 0x5e, 0x08, 0x12, 0x07, 0x00, 0x00, 0x00, 0x03, 0x00, 0x00,
    0x00, 0x00, 0x01, 0x1a, 0x01, 0x1a, 0x00, 0x1f, 0x00, 0x3b, 0x00, 0x45, 0x00, 0x00, 0x13, 0x23,
    0x22, 0x07, 0x06, 0x0f, 0x01, 0x06, 0x15, 0x14, 0x16, 0x3b, 0x01, 0x07, 0x06, 0x15, 0x14, 0x16,
    0x33, 0x32, 0x36, 0x3f, 0x01, 0x36, 0x3b, 0x01, 0x32, 0x36, 0x3d, 0x01, 0x34, 0x26, 0x0f, 0x01,
    0x31, 0x22, 0x26, 0x35, 0x34, 0x3f, 0x01, 0x36, 0x26, 0x2b, 0x01, 0x22, 0x26, 0x35, 0x36, 0x35,
    0x37, 0x3e, 0x01, 0x3b, 0x01, 0x15, 0x23, 0x22, 0x06, 0x07, 0x37, 0x14, 0x06, 0x2b, 0x01, 0x35,
    0x33, 0x32, 0x16, 0x17, 0xf4, 0x99, 0x14, 0x0c, 0x08, 0x05, 0x1a, 0x01, 0x16, 0x0f, 0x2c, 0x0a,
    0x02, 0x1b, 0x14, 0x05, 0x09, 0x03, 0x27, 0x02, 0x06, 0x2d, 0x0f, 0x16, 0x16, 0x55, 0x27, 0x0c,
    0x10, 0x01, 0x0d, 0x02, 0x06, 0x05, 0x38, 0x07, 0x0c, 0x01, 0x1a, 0x04, 0x0d, 0x0a, 0x73, 0x07,
    0x08, 0x0d, 0x04, 0x59, 0x0b, 0x08, 0x13, 0x13, 0x08, 0x0a, 0x01, 0x01, 0x19, 0x0d, 0x09, 0x11,
    0x51, 0x05, 0x06, 0x10, 0x16, 0x21, 0x07, 0x06, 0x14, 0x1b, 0x05, 0x05, 0x4e, 0x05, 0x16, 0x10,
    0x5e, 0x0f, 0x16, 0xa5, 0x4e, 0x10, 0x0c, 0x04, 0x04, 0x2d, 0x05, 0x07, 0x0b, 0x08, 0x03, 0x03,
    0x50, 0x10, 0x0b, 0x84, 0x08, 0x07, 0x22, 0x08, 0x0b, 0x84, 0x0b, 0x08, 0x00, 0x02, 0x00, 0x00,
    0x00, 0x00, 0x01, 0x1a, 0x01, 0x1a, 0x00, 0x09, 0x00, 0x22, 0x00, 0x00, 0x37, 0x15, 0x14, 0x16,
    0x3b, 0x01, 0x35, 0x23, 0x22, 0x06, 0x37, 0x2e, 0x01, 0x2b, 0x01, 0x37, 0x36, 0x2e, 0x02, 0x23,
    0x22, 0x06, 0x0f, 0x01, 0x06, 0x07, 0x15, 0x33, 0x32, 0x36, 0x3f, 0x01, 0x36, 0x26, 0x13, 0x10,
    0x0c, 0x1c, 0x1c, 0x0c, 0x10, 0xfe, 0x05, 0x10, 0x09, 0x40, 0x08, 0x02, 0x04, 0x0c, 0x11, 0x0a,
    0x06, 0x0a, 0x02, 0x08, 0x0a, 0x10, 0x78, 0x0c, 0x14, 0x04, 0x1d, 0x02, 0x02, 0x8d, 0x5e, 0x0c,
    0x10, 0x96, 0x11, 0x14, 0x08, 0x07, 0x2c, 0x09, 0x13, 0x0e, 0x08, 0x07, 0x06, 0x18, 0x1c, 0x1a,
    0xab, 0x0e, 0x0c, 0x5e, 0x08, 0x12, 0x00, 0x00, 0x00, 0x03, 0x00, 0x00, 0x00, 0x00, 0x01, 0x1a,
    0x01, 0x1a, 0x00, 0x20, 0x00, 0x2a, 0x00, 0x45, 0x00, 0x00, 0x37, 0x23, 0x37, 0x36, 0x35, 0x34,
    0x26, 0x23, 0x22, 0x06, 0x0f, 0x01, 0x06, 0x2b, 0x01, 0x22, 0x06, 0x1d, 0x01, 0x14, 0x16, 0x3b,
    0x01, 0x32, 0x37, 0x36, 0x3f, 0x01, 0x36, 0x35, 0x34, 0x26, 0x23, 0x07, 0x35, 0x34, 0x36, 0x3b,
    0x01, 0x15, 0x23, 0x22, 0x26, 0x37, 0x07, 0x0e, 0x01, 0x2b, 0x01, 0x35, 0x33, 0x32, 0x36, 0x3f,
    0x01, 0x32, 0x16, 0x15, 0x14, 0x0f, 0x01, 0x06, 0x16, 0x3b, 0x01, 0x32, 0x16, 0x15, 0x16, 0x07,
    0xf4, 0x2c, 0x0a, 0x02, 0x1b, 0x14, 0x05, 0x09, 0x03, 0x27, 0x02, 0x06, 0x2d, 0x0f, 0x16, 0x16,
    0x0f, 0x99, 0x14, 0x0c, 0x08, 0x05, 0x1a, 0x01, 0x16, 0x0f, 0xcf, 0x0c, 0x07, 0x13, 0x13, 0x07,
    0x0c, 0xe1, 0x1a, 0x04, 0x0d, 0x0a, 0x73, 0x07, 0x08, 0x0d, 0x04, 0x27, 0x0c, 0x10, 0x01, 0x0d,
    0x02, 0x06, 0x04, 0x39, 0x07, 0x0b, 0x01, 0x01, 0xbb, 0x22, 0x07, 0x06, 0x14, 0x1b, 0x05, 0x05,
    0x4e, 0x05, 0x16, 0x10, 0x5e, 0x0f, 0x16, 0x0d, 0x09, 0x11, 0x51, 0x05, 0x06, 0x10, 0x16, 0x84,
    0x5e, 0x08, 0x0b, 0x83, 0x0b, 0x5f, 0x50, 0x0f, 0x0b, 0x83, 0x08, 0x07, 0x4e, 0x10, 0x0c, 0x04,
    0x04, 0x2d, 0x05, 0x07, 0x0b, 0x08, 0x03, 0x03, 0x00, 0x05, 0x00, 0x00, 0x00, 0x00, 0x01, 0x07,
    0x01, 0x1b, 0x00, 0x1d, 0x00, 0x3d, 0x00, 0x5d, 0x00, 0x69, 0x00, 0x71, 0x00, 0x00, 0x13, 0x26,
    0x06, 0x1d, 0x01, 0x14, 0x06, 0x22, 0x26, 0x3d, 0x01, 0x34, 0x26, 0x07, 0x0e, 0x01, 0x14, 0x16,
    0x17, 0x15, 0x14, 0x16, 0x32, 0x36, 0x3d, 0x01, 0x3e, 0x01, 0x34, 0x26, 0x07, 0x0e, 0x01, 0x1d,
    0x01, 0x14, 0x06, 0x22, 0x26, 0x3d, 0x01, 0x34, 0x26, 0x27, 0x2e, 0x01, 0x35, 0x34, 0x36, 0x37,
    0x15, 0x14, 0x16, 0x32, 0x36, 0x3d, 0x01, 0x1e, 0x01, 0x15, 0x14, 0x06, 0x17, 0x23, 0x35, 0x37,
    0x36, 0x2f, 0x01, 0x2e, 0x01, 0x2b, 0x01, 0x22, 0x06, 0x0f, 0x01, 0x06, 0x1f, 0x01, 0x15, 0x23,
    0x22, 0x06, 0x1d, 0x01, 0x14, 0x16, 0x32, 0x36, 0x3d, 0x01, 0x2e, 0x01, 0x27, 0x33, 0x17, 0x07,
    0x06, 0x1d, 0x01, 0x23, 0x35, 0x34, 0x2f, 0x01, 0x17, 0x14, 0x06, 0x22, 0x26, 0x3d, 0x01, 0x33,
    0x6a, 0x04, 0x08, 0x06, 0x07, 0x06, 0x08, 0x04, 0x14, 0x18, 0x14, 0x11, 0x11, 0x17, 0x11, 0x11,
    0x14, 0x18, 0x1a, 0x03, 0x03, 0x06, 0x07, 0x06, 0x03, 0x03, 0x0e, 0x11, 0x0a, 0x08, 0x11, 0x17,
    0x11, 0x08, 0x0a, 0x11, 0x8b, 0x09, 0x08, 0x02, 0x01, 0x0a, 0x01, 0x05, 0x03, 0x25, 0x03, 0x05,
    0x01, 0x09, 0x02, 0x02, 0x09, 0x0a, 0x04, 0x05, 0x1b, 0x27, 0x1c, 0x01, 0x05, 0x35, 0x18, 0x06,
    0x08, 0x01, 0x13, 0x01, 0x07, 0x2e, 0x11, 0x17, 0x10, 0x38, 0x01, 0x19, 0x02, 0x06, 0x05, 0x22,
    0x03, 0x06, 0x06, 0x03, 0x22, 0x05, 0x06, 0x02, 0x07, 0x22, 0x27, 0x21, 0x08, 0x71, 0x0c, 0x10,
    0x10, 0x0c, 0x71, 0x08, 0x21, 0x27, 0x22, 0x63, 0x01, 0x04, 0x03, 0x78, 0x04, 0x06, 0x06, 0x04,
    0x78, 0x03, 0x04, 0x01, 0x05, 0x19, 0x0f, 0x0b, 0x13, 0x07, 0x13, 0x0b, 0x11, 0x11, 0x0b, 0x13,
    0x07, 0x13, 0x0b, 0x0f, 0x19, 0x1e, 0x49, 0x11, 0x03, 0x04, 0x1c, 0x03, 0x03, 0x03, 0x03, 0x1c,
    0x04, 0x03, 0x11, 0x49, 0x05, 0x04, 0x4b, 0x14, 0x1b, 0x1b, 0x14, 0x4b, 0x04, 0x05, 0x70, 0x12,
    0x0f, 0x02, 0x02, 0x4b, 0x4b, 0x02, 0x02, 0x0f, 0xb2, 0x0c, 0x10, 0x10, 0x0c, 0x41, 0x00, 0x00,
    0x00, 0x05, 0x00, 0x00, 0x00, 0x00, 0x01, 0x10, 0x01, 0x2c, 0x00, 0x1d, 0x00, 0x24, 0x00, 0x2e,
    0x00, 0x3a, 0x00, 0x47, 0x00, 0x00, 0x01, 0x23, 0x2e, 0x01, 0x22, 0x06, 0x15, 0x23, 0x26, 0x06,
    0x14, 0x16, 0x3b, 0x01, 0x17, 0x1e, 0x01, 0x3b, 0x01, 0x32, 0x36, 0x3f, 0x01, 0x33, 0x32, 0x36,
    0x34, 0x26, 0x07, 0x33, 0x27, 0x32, 0x16, 0x15, 0x23, 0x34, 0x36, 0x17, 0x0e, 0x01, 0x2b, 0x01,
    0x2e, 0x01, 0x2f, 0x01, 0x33, 0x07, 0x15, 0x14, 0x06, 0x22, 0x26, 0x3d, 0x01, 0x3e, 0x01, 0x32,
    0x16, 0x17, 0x15, 0x14, 0x06, 0x22, 0x26, 0x3d, 0x01, 0x34, 0x36, 0x32, 0x16, 0x15, 0x01, 0x07,
    0x4b, 0x01, 0x15, 0x20, 0x15, 0x4b, 0x04, 0x06, 0x06, 0x04, 0x0a, 0x0f, 0x01, 0x1b, 0x12, 0x51,
    0x13, 0x1b, 0x01, 0x0f, 0x0a, 0x04, 0x06, 0x06, 0x04, 0x01, 0x71, 0x08, 0x0b, 0x26, 0x0b, 0x4d,
    0x01, 0x11, 0x0b, 0x50, 0x0b, 0x11, 0x01, 0x0f, 0xa8, 0x67, 0x05, 0x08, 0x06, 0x01, 0x05, 0x08,
    0x05, 0x39, 0x06, 0x08, 0x05, 0x05, 0x08, 0x05, 0x01, 0x07, 0x0f, 0x16, 0x16, 0x10, 0x01, 0x06,
    0x08, 0x05, 0xb6, 0x12, 0x19, 0x19, 0x12, 0xb6, 0x05, 0x08, 0x06, 0x01, 0x13, 0x0b, 0x08, 0x08,
    0x0b, 0xda, 0x0b, 0x0f, 0x01, 0x0e, 0x0b, 0xb5, 0x2f, 0x71, 0x04, 0x05, 0x05, 0x04, 0x71, 0x04,
    0x05, 0x05, 0x04, 0x71, 0x04, 0x05, 0x05, 0x04, 0x71, 0x04, 0x05, 0x05, 0x04, 0x00, 0x00, 0x00,
    0x00, 0x01, 0x00, 0x00, 0x00, 0x00, 0x00, 0xe3, 0x00, 0xcf, 0x00, 0x0e, 0x00, 0x00, 0x37, 0x22,
    0x0e, 0x01, 0x1f, 0x01, 0x1e, 0x01, 0x36, 0x3f, 0x01, 0x36, 0x2e, 0x01, 0x23, 0x5d, 0x07, 0x0b,
    0x02, 0x05, 0x31, 0x05, 0x12, 0x12, 0x05, 0x31, 0x05, 0x02, 0x0b, 0x07, 0xce, 0x09, 0x0e, 0x06,
    0x47, 0x08, 0x06, 0x06, 0x08, 0x47, 0x06, 0x0e, 0x09, 0x00, 0x00, 0x00, 0x00, 0x01, 0x00, 0x00,
    0x00, 0x00, 0x00, 0xcf, 0x00, 0xe3, 0x00, 0x0e, 0x00, 0x00, 0x37, 0x16, 0x3e, 0x01, 0x3d, 0x01,
    0x34, 0x2e, 0x01, 0x0f, 0x01, 0x0e, 0x01, 0x16, 0x17, 0xb1, 0x06, 0x0e, 0x09, 0x09, 0x0e, 0x06,
    0x47, 0x08, 0x06, 0x06, 0x08, 0x4e, 0x04, 0x02, 0x0a, 0x07, 0x72, 0x07, 0x0a, 0x02, 0x04, 0x31,
    0x05, 0x12, 0x12, 0x05, 0x00, 0x01, 0x00, 0x00, 0x00, 0x00, 0x00, 0xe3, 0x00, 0xe3, 0x00, 0x0e,
    0x00, 0x00, 0x37, 0x06, 0x2e, 0x01, 0x3d, 0x01, 0x3e, 0x02, 0x1f, 0x01, 0x1e, 0x01, 0x06, 0x07,
    0x8e, 0x06, 0x0e, 0x0a, 0x01, 0x09, 0x0e, 0x06, 0x47, 0x08, 0x05, 0x05, 0x08, 0x4e, 0x04, 0x02,
    0x0a, 0x07, 0x72, 0x07, 0x0a, 0x02, 0x04, 0x31, 0x05, 0x12, 0x12, 0x05, 0x00, 0x01, 0x00, 0x00,
    0x00, 0x00, 0x00, 0xe3, 0x00, 0xd0, 0x00, 0x0e, 0x00, 0x00, 0x37, 0x22, 0x2e, 0x01, 0x3f, 0x01,
    0x3e, 0x01, 0x16, 0x1f, 0x01, 0x16, 0x0e, 0x01, 0x23, 0x5d, 0x07, 0x0b, 0x02, 0x05, 0x31, 0x05,
    0x12, 0x12, 0x05, 0x31, 0x05, 0x02, 0x0b, 0x07, 0x5e, 0x09, 0x0e, 0x06, 0x47, 0x08, 0x06, 0x06,
    0x08, 0x47, 0x06, 0x0e, 0x09, 0x00, 0x00, 0x00, 0x00, 0x02, 0x00, 0x00, 0x00, 0x00, 0x01, 0x10,
    0x01, 0x10, 0x00, 0x0c, 0x00, 0x12, 0x00, 0x00, 0x3f, 0x01, 0x23, 0x07, 0x27, 0x23, 0x17, 0x07,
    0x33, 0x37, 0x17, 0x33, 0x27, 0x07, 0x2f, 0x01, 0x33, 0x17, 0x23, 0xad, 0x5b, 0x16, 0x4e, 0x3f,
    0x49, 0x5f, 0x5f, 0x16, 0x53, 0x42, 0x49, 0x63, 0x1d, 0x0a, 0x4d, 0x21, 0x98, 0x21, 0xa9, 0x67,
    0x5a, 0x5a, 0x88, 0x6c, 0x5f, 0x5f, 0x8d, 0x22, 0x0e, 0x6b, 0xd5, 0x00, 0x00, 0x04, 0x00, 0x00,
    0x00, 0x00, 0x01, 0x07, 0x01, 0x1a, 0x00, 0x37, 0x00, 0x3b, 0x00, 0x3f, 0x00, 0x43, 0x00, 0x00,
    0x37, 0x23, 0x27, 0x33, 0x16, 0x36, 0x3d, 0x01, 0x34, 0x26, 0x2b, 0x01, 0x22, 0x06, 0x1d, 0x01,
    0x14, 0x16, 0x33, 0x31, 0x07, 0x23, 0x0e, 0x01, 0x1d, 0x01, 0x14, 0x16, 0x3b, 0x01, 0x32, 0x36,
    0x3d, 0x01, 0x2e, 0x01, 0x2b, 0x01, 0x37, 0x33, 0x17, 0x23, 0x0e, 0x01, 0x1d, 0x01, 0x14, 0x16,
    0x3b, 0x01, 0x32, 0x36, 0x37, 0x35, 0x2e, 0x01, 0x07, 0x23, 0x35, 0x33, 0x37, 0x33, 0x15, 0x23,
    0x17, 0x23, 0x35, 0x33, 0xf4, 0x17, 0x35, 0x01, 0x08, 0x0b, 0x0b, 0x08, 0x38, 0x08, 0x0b, 0x0b,
    0x08, 0x34, 0x17, 0x08, 0x0b, 0x0b, 0x07, 0x39, 0x08, 0x0b, 0x01, 0x0a, 0x08, 0x0a, 0x34, 0x09,
    0x35, 0x0a, 0x08, 0x0b, 0x0b, 0x07, 0x39, 0x08, 0x0a, 0x01, 0x01, 0x0a, 0x9e, 0x38, 0x38, 0x13,
    0x38, 0x38, 0x83, 0x38, 0x38, 0x71, 0x4b, 0x01, 0x0b, 0x08, 0x39, 0x07, 0x0b, 0x0b, 0x07, 0x39,
    0x08, 0x0b, 0x4a, 0x01, 0x0a, 0x08, 0x38, 0x08, 0x0b, 0x0b, 0x07, 0x39, 0x08, 0x0b, 0x4b, 0x4b,
    0x01, 0x0a, 0x08, 0x38, 0x08, 0x0b, 0x0b, 0x07, 0x39, 0x08, 0x0b, 0x4b, 0x38, 0xa9, 0x39, 0xa8,
    0x38, 0x00, 0x00, 0x00, 0x00, 0x04, 0x00, 0x00, 0x00, 0x00, 0x01, 0x07, 0x01, 0x1a, 0x00, 0x38,
    0x00, 0x3c, 0x00, 0x40, 0x00, 0x44, 0x00, 0x00, 0x37, 0x23, 0x07, 0x33, 0x1e, 0x01, 0x1d, 0x01,
    0x0e, 0x01, 0x2b, 0x01, 0x22, 0x26, 0x3d, 0x01, 0x34, 0x36, 0x33, 0x31, 0x27, 0x23, 0x06, 0x26,
    0x3d, 0x01, 0x34, 0x36, 0x3b, 0x01, 0x32, 0x16, 0x1d, 0x01, 0x0e, 0x01, 0x2b, 0x01, 0x17, 0x33,
    0x37, 0x23, 0x06, 0x26, 0x3d, 0x01, 0x34, 0x36, 0x3b, 0x01, 0x32, 0x16, 0x1d, 0x01, 0x0e, 0x01,
    0x07, 0x27, 0x23, 0x15, 0x33, 0x17, 0x33, 0x35, 0x23, 0x37, 0x23, 0x15, 0x33, 0xf4, 0x17, 0x35,
    0x01, 0x08, 0x0b, 0x01, 0x0a, 0x08, 0x38, 0x08, 0x0b, 0x0b, 0x08, 0x34, 0x17, 0x08, 0x0b, 0x0b,
    0x07, 0x39, 0x08, 0x0b, 0x01, 0x0a, 0x08, 0x0a, 0x34, 0x09, 0x35, 0x0a, 0x08, 0x0b, 0x0b, 0x07,
    0x39, 0x08, 0x0b, 0x01, 0x0a, 0x08, 0x96, 0x38, 0x38, 0x13, 0x38, 0x38, 0x83, 0x38, 0x38, 0xbc,
    0x4b, 0x01, 0x0a, 0x08, 0x38, 0x08, 0x0b, 0x0b, 0x07, 0x39, 0x08, 0x0b, 0x4b, 0x01, 0x0b, 0x08,
    0x39, 0x07, 0x0b, 0x0b, 0x07, 0x39, 0x08, 0x0b, 0x4a, 0x4b, 0x01, 0x0b, 0x08, 0x39, 0x07, 0x0b,
    0x0b, 0x07, 0x39, 0x08, 0x0a, 0x01, 0x4c, 0x39, 0xa8, 0x38, 0xa9, 0x39, 0x00, 0x04, 0x00, 0x00,
    0x00, 0x00, 0x01, 0x07, 0x01, 0x1a, 0x00, 0x36, 0x00, 0x3f, 0x00, 0x48, 0x00, 0x51, 0x00, 0x00,
    0x13, 0x22, 0x06, 0x15, 0x14, 0x16, 0x17, 0x15, 0x23, 0x22, 0x06, 0x1d, 0x01, 0x0e, 0x01, 0x15,
    0x1e, 0x01, 0x32, 0x36, 0x35, 0x34, 0x26, 0x27, 0x35, 0x34, 0x36, 0x3b, 0x01, 0x32, 0x16, 0x1d,
    0x01, 0x0e, 0x01, 0x15, 0x14, 0x16, 0x32, 0x36, 0x27, 0x36, 0x26, 0x27, 0x35, 0x34, 0x26, 0x2b,
    0x01, 0x35, 0x3e, 0x01, 0x35, 0x34, 0x26, 0x07, 0x34, 0x36, 0x32, 0x16, 0x14, 0x06, 0x22, 0x26,
    0x07, 0x34, 0x36, 0x32, 0x16, 0x14, 0x06, 0x22, 0x26, 0x37, 0x32, 0x16, 0x14, 0x06, 0x22, 0x26,
    0x3e, 0x01, 0x96, 0x13, 0x1c, 0x15, 0x11, 0x28, 0x0b, 0x0f, 0x10, 0x16, 0x01, 0x1b, 0x27, 0x1b,
    0x15, 0x10, 0x04, 0x03, 0x62, 0x03, 0x04, 0x10, 0x15, 0x1b, 0x27, 0x1c, 0x01, 0x01, 0x16, 0x10,
    0x0f, 0x0b, 0x28, 0x11, 0x15, 0x1c, 0x2f, 0x10, 0x18, 0x10, 0x10, 0x18, 0x10, 0x42, 0x11, 0x17,
    0x11, 0x11, 0x17, 0x11, 0xa0, 0x0b, 0x11, 0x11, 0x17, 0x11, 0x01, 0x10, 0x01, 0x19, 0x1b, 0x14,
    0x10, 0x1a, 0x04, 0x13, 0x0f, 0x0b, 0x1f, 0x04, 0x1a, 0x10, 0x14, 0x1b, 0x1b, 0x14, 0x10, 0x1a,
    0x04, 0x1f, 0x03, 0x04, 0x04, 0x03, 0x1f, 0x04, 0x1a, 0x10, 0x14, 0x1b, 0x1b, 0x14, 0x10, 0x1a,
    0x04, 0x1f, 0x0b, 0x0f, 0x13, 0x04, 0x1a, 0x10, 0x14, 0x1b, 0x2f, 0x0c, 0x11, 0x11, 0x17, 0x11,
    0x11, 0x9d, 0x0b, 0x11, 0x11, 0x17, 0x10, 0x10, 0x28, 0x11, 0x17, 0x10, 0x10, 0x17, 0x11, 0x00,
    0x00, 0x04, 0x00, 0x00, 0x00, 0x00, 0x01, 0x2c, 0x01, 0x07, 0x00, 0x1f, 0x00, 0x2f, 0x00, 0x3c,
    0x00, 0x60, 0x00, 0x00, 0x37, 0x22, 0x26, 0x3d, 0x01, 0x33, 0x15, 0x16, 0x17, 0x27, 0x3e, 0x01,
    0x3d, 0x01, 0x34, 0x26, 0x2b, 0x01, 0x22, 0x06, 0x1d, 0x01, 0x14, 0x16, 0x17, 0x15, 0x14, 0x16,
    0x17, 0x33, 0x26, 0x2f, 0x01, 0x22, 0x26, 0x3d, 0x01, 0x26, 0x36, 0x3b, 0x01, 0x32, 0x16, 0x1d,
    0x01, 0x14, 0x06, 0x23, 0x07, 0x22, 0x0e, 0x01, 0x14, 0x1e, 0x01, 0x32, 0x3e, 0x01, 0x34, 0x2e,
    0x01, 0x17, 0x07, 0x06, 0x22, 0x26, 0x34, 0x3f, 0x01, 0x36, 0x34, 0x26, 0x22, 0x0f, 0x01, 0x33,
    0x32, 0x16, 0x14, 0x06, 0x2b, 0x01, 0x22, 0x26, 0x3d, 0x01, 0x34, 0x36, 0x32, 0x16, 0x1d, 0x01,
    0x37, 0x36, 0x32, 0x16, 0x14, 0x54, 0x0b, 0x11, 0xbc, 0x0a, 0x09, 0x01, 0x09, 0x0a, 0x10, 0x0c,
    0xce, 0x0c, 0x10, 0x0a, 0x09, 0x1b, 0x13, 0x28, 0x05, 0x03, 0x45, 0x04, 0x05, 0x01, 0x06, 0x04,
    0xce, 0x04, 0x05, 0x05, 0x04, 0x25, 0x17, 0x27, 0x17, 0x17, 0x27, 0x2e, 0x26, 0x17, 0x17, 0x26,
    0x14, 0x25, 0x02, 0x08, 0x06, 0x03, 0x25, 0x07, 0x0e, 0x14, 0x06, 0x0c, 0x0f, 0x03, 0x06, 0x06,
    0x03, 0x26, 0x04, 0x05, 0x05, 0x08, 0x05, 0x0c, 0x0d, 0x23, 0x19, 0x38, 0x11, 0x0b, 0x68, 0x04,
    0x03, 0x05, 0x0d, 0x03, 0x0f, 0x09, 0x12, 0x0c, 0x11, 0x11, 0x0c, 0x12, 0x09, 0x0f, 0x03, 0x69,
    0x13, 0x1b, 0x01, 0x09, 0x0a, 0x96, 0x06, 0x04, 0x12, 0x04, 0x06, 0x06, 0x04, 0x12, 0x04, 0x06,
    0x25, 0x17, 0x27, 0x2e, 0x26, 0x17, 0x17, 0x26, 0x2e, 0x27, 0x17, 0x6e, 0x25, 0x03, 0x05, 0x08,
    0x03, 0x25, 0x07, 0x14, 0x0e, 0x07, 0x0c, 0x06, 0x08, 0x05, 0x05, 0x04, 0x26, 0x04, 0x05, 0x05,
    0x04, 0x0f, 0x0c, 0x0c, 0x19, 0x23, 0x00, 0x00, 0x00, 0x02, 0x00, 0x00, 0x00, 0x00, 0x00, 0xe2,
    0x01, 0x10, 0x00, 0x12, 0x00, 0x23, 0x00, 0x00, 0x37, 0x16, 0x14, 0x0f, 0x01, 0x06, 0x22, 0x2f,
    0x01, 0x26, 0x34, 0x36, 0x32, 0x1f, 0x01, 0x37, 0x36, 0x32, 0x17, 0x27, 0x37, 0x17, 0x16, 0x32,
    0x36, 0x34, 0x2f, 0x01, 0x26, 0x22, 0x0f, 0x01, 0x06, 0x14, 0x16, 0x32, 0xde, 0x03, 0x03, 0x41,
    0x03, 0x08, 0x03, 0x41, 0x03, 0x05, 0x08, 0x03, 0x3b, 0x3b, 0x03, 0x08, 0x02, 0x83, 0x3b, 0x3b,
    0x03, 0x08, 0x05, 0x03, 0x41, 0x03, 0x08, 0x03, 0x41, 0x03, 0x05, 0x08, 0x6e, 0x03, 0x08, 0x02,
    0x42, 0x03, 0x03, 0x42, 0x02, 0x08, 0x06, 0x03, 0x3b, 0x3b, 0x03, 0x03, 0x50, 0x3b, 0x3b, 0x03,
    0x06, 0x08, 0x02, 0x42, 0x03, 0x03, 0x42, 0x02, 0x08, 0x06, 0x00, 0x00, 0x00, 0x08, 0x00, 0x00,
    0x00, 0x00, 0x01, 0x1a, 0x01, 0x1a, 0x00, 0x17, 0x00, 0x3b, 0x00, 0x3f, 0x00, 0x43, 0x00, 0x67,
    0x00, 0x6b, 0x00, 0x6f, 0x00, 0x88, 0x00, 0x00, 0x13, 0x26, 0x22, 0x0f, 0x01, 0x06, 0x14, 0x16,
    0x32, 0x3f, 0x01, 0x15, 0x14, 0x16, 0x32, 0x36, 0x3d, 0x01, 0x17, 0x16, 0x32, 0x36, 0x34, 0x27,
    0x37, 0x33, 0x32, 0x16, 0x1d, 0x01, 0x14, 0x06, 0x2b, 0x01, 0x22, 0x26, 0x3d, 0x01, 0x23, 0x15,
    0x14, 0x06, 0x27, 0x23, 0x22, 0x26, 0x3d, 0x01, 0x34, 0x36, 0x3b, 0x01, 0x32, 0x16, 0x1d, 0x01,
    0x33, 0x35, 0x26, 0x36, 0x07, 0x33, 0x35, 0x23, 0x17, 0x33, 0x35, 0x23, 0x15, 0x33, 0x32, 0x16,
    0x1d, 0x01, 0x14, 0x06, 0x2b, 0x01, 0x22, 0x26, 0x3d, 0x01, 0x23, 0x15, 0x14, 0x06, 0x2b, 0x01,
    0x22, 0x26, 0x3d, 0x01, 0x34, 0x36, 0x3b, 0x01, 0x32, 0x16, 0x1d, 0x01, 0x33, 0x35, 0x26, 0x36,
    0x07, 0x33, 0x35, 0x23, 0x17, 0x33, 0x35, 0x23, 0x07, 0x37, 0x31, 0x36, 0x32, 0x16, 0x14, 0x0f,
    0x01, 0x06, 0x22, 0x2f, 0x01, 0x26, 0x34, 0x36, 0x32, 0x1f, 0x01, 0x35, 0x34, 0x36, 0x32, 0x16,
    0x15, 0x36, 0x03, 0x08, 0x03, 0x1c, 0x03, 0x06, 0x08, 0x02, 0x0c, 0x06, 0x08, 0x05, 0x0c, 0x03,
    0x08, 0x05, 0x02, 0x7c, 0x39, 0x07, 0x0b, 0x0b, 0x07, 0x39, 0x08, 0x0b, 0x25, 0x08, 0x06, 0x1c,
    0x06, 0x08, 0x08, 0x06, 0x1c, 0x06, 0x08, 0x26, 0x01, 0x0b, 0x55, 0x12, 0x12, 0x5d, 0x39, 0x39,
    0x39, 0x07, 0x0b, 0x0b, 0x07, 0x39, 0x08, 0x0b, 0x25, 0x08, 0x06, 0x1c, 0x06, 0x08, 0x08, 0x06,
    0x1c, 0x06, 0x08, 0x26, 0x01, 0x0b, 0x55, 0x12, 0x12, 0x5d, 0x39, 0x39, 0x96, 0x0c, 0x03, 0x08,
    0x05, 0x02, 0x1c, 0x03, 0x08, 0x03, 0x1c, 0x03, 0x06, 0x08, 0x02, 0x0c, 0x06, 0x08, 0x05, 0x01,
    0x17, 0x02, 0x02, 0x1d, 0x02, 0x08, 0x06, 0x03, 0x0c, 0x34, 0x04, 0x06, 0x06, 0x04, 0x34, 0x0c,
    0x03, 0x06, 0x08, 0x02, 0x0d, 0x0b, 0x08, 0x38, 0x08, 0x0b, 0x0b, 0x07, 0x13, 0x04, 0x06, 0x09,
    0x01, 0x08, 0x06, 0x1c, 0x05, 0x09, 0x09, 0x05, 0x05, 0x13, 0x08, 0x0b, 0x39, 0x13, 0x25, 0x38,
    0x5e, 0x0b, 0x08, 0x38, 0x08, 0x0b, 0x0b, 0x08, 0x13, 0x05, 0x06, 0x08, 0x08, 0x06, 0x1c, 0x06,
    0x08, 0x08, 0x06, 0x04, 0x12, 0x08, 0x0b, 0x38, 0x13, 0x26, 0x38, 0x3d, 0x0c, 0x02, 0x05, 0x08,
    0x03, 0x1c, 0x02, 0x02, 0x1c, 0x03, 0x08, 0x05, 0x02, 0x0c, 0x34, 0x04, 0x05, 0x05, 0x04, 0x00,
    0x00, 0x03, 0x00, 0x00, 0x00, 0x00, 0x01, 0x2d, 0x01, 0x1a, 0x00, 0x08, 0x00, 0x2d, 0x00, 0x3d,
    0x00, 0x00, 0x37, 0x32, 0x16, 0x14, 0x06, 0x22, 0x26, 0x34, 0x36, 0x37, 0x32, 0x16, 0x1d, 0x01,
    0x14, 0x06, 0x22, 0x26, 0x3d, 0x01, 0x34, 0x26, 0x22, 0x06, 0x1d, 0x01, 0x33, 0x32, 0x16, 0x07,
    0x15, 0x16, 0x06, 0x2b, 0x01, 0x22, 0x26, 0x27, 0x35, 0x3e, 0x01, 0x17, 0x33, 0x35, 0x34, 0x36,
    0x07, 0x22, 0x06, 0x1d, 0x01, 0x14, 0x16, 0x3b, 0x01, 0x3e, 0x01, 0x3d, 0x01, 0x34, 0x26, 0x23,
    0x96, 0x08, 0x0b, 0x0b, 0x10, 0x0b, 0x0b, 0x66, 0x17, 0x21, 0x05, 0x08, 0x06, 0x16, 0x1f, 0x16,
    0x13, 0x10, 0x16, 0x01, 0x01, 0x16, 0x10, 0x96, 0x10, 0x15, 0x01, 0x01, 0x15, 0x10, 0x71, 0x20,
    0x91, 0x08, 0x0b, 0x0b, 0x08, 0x96, 0x08, 0x0b, 0x0b, 0x08, 0x83, 0x0b, 0x0f, 0x0b, 0x0b, 0x0f,
    0x0b, 0x96, 0x21, 0x17, 0x09, 0x04, 0x06, 0x06, 0x04, 0x09, 0x10, 0x16, 0x16, 0x10, 0x25, 0x16,
    0x10, 0x5e, 0x0f, 0x16, 0x16, 0x0f, 0x5e, 0x10, 0x16, 0x01, 0x26, 0x17, 0x21, 0x70, 0x0b, 0x08,
    0x5e, 0x07, 0x0c, 0x01, 0x0b, 0x07, 0x5e, 0x08, 0x0b, 0x00, 0x00, 0x00, 0x00, 0x05, 0x00, 0x00,
    0x00, 0x00, 0x01, 0x07, 0x01, 0x09, 0x00, 0x12, 0x00, 0x22, 0x00, 0x45, 0x00, 0x61, 0x00, 0x63,
    0x00, 0x00, 0x13, 0x16, 0x1d, 0x01, 0x14, 0x06, 0x2f, 0x01, 0x23, 0x22, 0x26, 0x3d, 0x01, 0x34,
    0x36, 0x3b, 0x01, 0x37, 0x36, 0x0f, 0x01, 0x06, 0x2b, 0x01, 0x22, 0x06, 0x1d, 0x01, 0x14, 0x16,
    0x3b, 0x01, 0x32, 0x1f, 0x01, 0x37, 0x3e, 0x01, 0x1f, 0x01, 0x16, 0x17, 0x16, 0x14, 0x07, 0x06,
    0x0f, 0x02, 0x06, 0x2e, 0x01, 0x36, 0x37, 0x39, 0x03, 0x37, 0x36, 0x37, 0x36, 0x34, 0x27, 0x26,
    0x2f, 0x01, 0x31, 0x2e, 0x01, 0x37, 0x26, 0x0e, 0x01, 0x16, 0x1f, 0x01, 0x16, 0x17, 0x16, 0x14,
    0x07, 0x06, 0x0f, 0x01, 0x0e, 0x01, 0x1e, 0x01, 0x3f, 0x01, 0x36, 0x37, 0x36, 0x34, 0x27, 0x26,
    0x27, 0x07, 0x31, 0xa3, 0x06, 0x0c, 0x04, 0x37, 0x20, 0x0c, 0x11, 0x11, 0x0c, 0x20, 0x37, 0x04,
    0x07, 0x2a, 0x02, 0x04, 0x24, 0x04, 0x06, 0x06, 0x04, 0x24, 0x04, 0x02, 0x2a, 0x28, 0x02, 0x08,
    0x03, 0x04, 0x04, 0x03, 0x0b, 0x0b, 0x03, 0x04, 0x03, 0x04, 0x02, 0x06, 0x05, 0x01, 0x03, 0x02,
    0x03, 0x02, 0x08, 0x08, 0x02, 0x03, 0x02, 0x03, 0x01, 0x22, 0x03, 0x07, 0x05, 0x01, 0x03, 0x05,
    0x06, 0x06, 0x11, 0x11, 0x06, 0x06, 0x05, 0x03, 0x01, 0x05, 0x07, 0x03, 0x07, 0x08, 0x06, 0x15,
    0x15, 0x06, 0x08, 0x25, 0x01, 0x06, 0x03, 0x06, 0xce, 0x06, 0x05, 0x04, 0x36, 0x11, 0x0b, 0x38,
    0x0c, 0x10, 0x36, 0x04, 0x21, 0x29, 0x02, 0x06, 0x04, 0x38, 0x04, 0x05, 0x03, 0x29, 0x86, 0x03,
    0x01, 0x03, 0x04, 0x04, 0x06, 0x11, 0x2e, 0x11, 0x06, 0x04, 0x03, 0x02, 0x01, 0x01, 0x05, 0x08,
    0x02, 0x02, 0x03, 0x04, 0x0e, 0x22, 0x0e, 0x04, 0x03, 0x02, 0x02, 0x08, 0x2a, 0x02, 0x01, 0x06,
    0x08, 0x02, 0x05, 0x06, 0x09, 0x1a, 0x3e, 0x1b, 0x08, 0x06, 0x05, 0x02, 0x08, 0x06, 0x01, 0x02,
    0x07, 0x08, 0x09, 0x1f, 0x4a, 0x1f, 0x09, 0x08, 0x2d, 0x00, 0x00, 0x00, 0x00, 0x04, 0x00, 0x00,
    0x00, 0x00, 0x01, 0x14, 0x01, 0x14, 0x00, 0x38, 0x00, 0x71, 0x00, 0x7a, 0x00, 0x9b, 0x00, 0x00,
    0x25, 0x27, 0x26, 0x3f, 0x01, 0x36, 0x26, 0x2f, 0x01, 0x26, 0x2f, 0x01, 0x2e, 0x01, 0x0f, 0x01,
    0x06, 0x2f, 0x01, 0x26, 0x06, 0x0f, 0x01, 0x06, 0x0f, 0x01, 0x0e, 0x01, 0x1f, 0x01, 0x16, 0x0f,
    0x01, 0x06, 0x16, 0x1f, 0x01, 0x16, 0x1f, 0x01, 0x1e, 0x01, 0x3f, 0x01, 0x36, 0x1f, 0x01, 0x16,
    0x36, 0x3f, 0x01, 0x36, 0x3f, 0x01, 0x3e, 0x01, 0x27, 0x0f, 0x02, 0x06, 0x0f, 0x01, 0x0e, 0x01,
    0x23, 0x27, 0x26, 0x0f, 0x01, 0x06, 0x26, 0x2f, 0x01, 0x26, 0x2f, 0x01, 0x2e, 0x01, 0x35, 0x37,
    0x36, 0x2f, 0x01, 0x26, 0x36, 0x3f, 0x01, 0x36, 0x3f, 0x01, 0x3e, 0x01, 0x1f, 0x01, 0x16, 0x3f,
    0x01, 0x36, 0x16, 0x1f, 0x01, 0x16, 0x1f, 0x01, 0x1e, 0x01, 0x15, 0x07, 0x06, 0x1f, 0x01, 0x16,
    0x06, 0x07, 0x14, 0x06, 0x22, 0x26, 0x34, 0x36, 0x32, 0x16, 0x37, 0x14, 0x06, 0x0f, 0x01, 0x0e,
    0x01, 0x14, 0x06, 0x22, 0x26, 0x35, 0x34, 0x36, 0x3f, 0x01, 0x3e, 0x01, 0x35, 0x34, 0x26, 0x22,
    0x06, 0x15, 0x14, 0x06, 0x22, 0x26, 0x35, 0x3e, 0x01, 0x32, 0x16, 0x01, 0x0f, 0x0c, 0x01, 0x01,
    0x0e, 0x02, 0x08, 0x0a, 0x1b, 0x04, 0x01, 0x0c, 0x05, 0x13, 0x09, 0x1b, 0x03, 0x03, 0x1f, 0x0a,
    0x11, 0x03, 0x0b, 0x01, 0x04, 0x1f, 0x09, 0x05, 0x04, 0x0c, 0x01, 0x01, 0x0e, 0x02, 0x08, 0x0a,
    0x1b, 0x04, 0x01, 0x0c, 0x05, 0x13, 0x08, 0x1b, 0x04, 0x03, 0x1f, 0x0a, 0x11, 0x03, 0x0b, 0x01,
    0x04, 0x1f, 0x09, 0x05, 0x04, 0x12, 0x01, 0x1c, 0x0b, 0x04, 0x0a, 0x01, 0x06, 0x03, 0x1d, 0x0a,
    0x0a, 0x1b, 0x03, 0x06, 0x02, 0x0b, 0x04, 0x0b, 0x1c, 0x02, 0x03, 0x0d, 0x05, 0x05, 0x0c, 0x02,
    0x02, 0x03, 0x1d, 0x0b, 0x04, 0x0a, 0x02, 0x06, 0x03, 0x1c, 0x0a, 0x0a, 0x1b, 0x03, 0x06, 0x02,
    0x0b, 0x04, 0x0b, 0x1c, 0x02, 0x03, 0x0d, 0x05, 0x05, 0x0c, 0x01, 0x01, 0x5c, 0x08, 0x0c, 0x08,
    0x08, 0x0c, 0x08, 0x18, 0x07, 0x08, 0x07, 0x04, 0x03, 0x05, 0x08, 0x05, 0x06, 0x08, 0x07, 0x04,
    0x03, 0x0b, 0x10, 0x0b, 0x05, 0x08, 0x06, 0x01, 0x15, 0x20, 0x16, 0x78, 0x1b, 0x03, 0x03, 0x1f,
    0x0a, 0x11, 0x03, 0x0b, 0x01, 0x04, 0x1f, 0x09, 0x05, 0x04, 0x0c, 0x01, 0x01, 0x0e, 0x02, 0x08,
    0x0a, 0x1b, 0x04, 0x01, 0x0c, 0x05, 0x13, 0x08, 0x1b, 0x04, 0x03, 0x1f, 0x0a, 0x11, 0x03, 0x0b,
    0x01, 0x04, 0x1f, 0x09, 0x05, 0x04, 0x0c, 0x01, 0x01, 0x0e, 0x02, 0x09, 0x09, 0x1b, 0x04, 0x01,
    0x0d, 0x04, 0x13, 0x09, 0x12, 0x01, 0x0a, 0x04, 0x0b, 0x1c, 0x02, 0x03, 0x0d, 0x05, 0x05, 0x0c,
    0x01, 0x01, 0x03, 0x1d, 0x0b, 0x04, 0x0a, 0x01, 0x06, 0x03, 0x1d, 0x0a, 0x0a, 0x1b, 0x03, 0x06,
    0x02, 0x0b, 0x04, 0x0b, 0x1c, 0x03, 0x03, 0x02, 0x0c, 0x05, 0x05, 0x0c, 0x01, 0x01, 0x03, 0x1d,
    0x0b, 0x04, 0x0a, 0x01, 0x06, 0x03, 0x1d, 0x0a, 0x0a, 0x1b, 0x03, 0x06, 0x0f, 0x06, 0x08, 0x08,
    0x0c, 0x08, 0x08, 0x53, 0x0a, 0x0e, 0x08, 0x07, 0x05, 0x07, 0x09, 0x06, 0x06, 0x04, 0x0a, 0x0e,
    0x08, 0x07, 0x05, 0x07, 0x05, 0x08, 0x0b, 0x0b, 0x08, 0x04, 0x05, 0x05, 0x04, 0x10, 0x16, 0x16,
    0x00, 0x06, 0x00, 0x00, 0x00, 0x00, 0x01, 0x1a, 0x01, 0x1a, 0x00, 0x13, 0x00, 0x27, 0x00, 0x4f,
    0x00, 0x5f, 0x00, 0x69, 0x00, 0x71, 0x00, 0x00, 0x37, 0x31, 0x1e, 0x01, 0x07, 0x06, 0x14, 0x17,
    0x16, 0x06, 0x07, 0x23, 0x22, 0x26, 0x27, 0x26, 0x34, 0x37, 0x3e, 0x01, 0x17, 0x36, 0x16, 0x17,
    0x31, 0x16, 0x14, 0x07, 0x0e, 0x01, 0x2b, 0x01, 0x2e, 0x01, 0x37, 0x36, 0x34, 0x27, 0x26, 0x36,
    0x07, 0x36, 0x32, 0x16, 0x14, 0x0f, 0x01, 0x17, 0x37, 0x36, 0x32, 0x16, 0x14, 0x0f, 0x01, 0x06,
    0x2b, 0x01, 0x26, 0x2f, 0x01, 0x07, 0x06, 0x22, 0x26, 0x36, 0x3f, 0x01, 0x27, 0x07, 0x06, 0x22,
    0x26, 0x34, 0x3f, 0x01, 0x36, 0x16, 0x1f, 0x01, 0x37, 0x32, 0x16, 0x1d, 0x01, 0x14, 0x06, 0x2b,
    0x01, 0x22, 0x26, 0x3d, 0x01, 0x34, 0x36, 0x33, 0x07, 0x15, 0x14, 0x16, 0x3b, 0x01, 0x32, 0x36,
    0x3d, 0x01, 0x27, 0x22, 0x06, 0x15, 0x33, 0x34, 0x26, 0x23, 0x5c, 0x04, 0x04, 0x01, 0x05, 0x05,
    0x01, 0x04, 0x04, 0x02, 0x03, 0x05, 0x01, 0x06, 0x06, 0x01, 0x07, 0x77, 0x03, 0x07, 0x01, 0x06,
    0x06, 0x01, 0x05, 0x03, 0x02, 0x04, 0x04, 0x01, 0x05, 0x05, 0x01, 0x04, 0x20, 0x02, 0x08, 0x06,
    0x03, 0x17, 0x08, 0x02, 0x02, 0x08, 0x06, 0x03, 0x0a, 0x02, 0x04, 0x01, 0x05, 0x02, 0x0c, 0x14,
    0x03, 0x08, 0x06, 0x01, 0x02, 0x17, 0x08, 0x01, 0x03, 0x08, 0x05, 0x02, 0x0a, 0x03, 0x09, 0x02,
    0x0c, 0x4a, 0x17, 0x21, 0x21, 0x17, 0x96, 0x17, 0x21, 0x21, 0x17, 0x25, 0x15, 0x10, 0x96, 0x10,
    0x16, 0xbc, 0x10, 0x15, 0xe1, 0x16, 0x10, 0xa8, 0x01, 0x07, 0x03, 0x11, 0x24, 0x11, 0x04, 0x07,
    0x01, 0x04, 0x03, 0x13, 0x2a, 0x13, 0x04, 0x03, 0x01, 0x02, 0x04, 0x04, 0x13, 0x2a, 0x13, 0x03,
    0x04, 0x02, 0x06, 0x04, 0x11, 0x24, 0x11, 0x03, 0x07, 0x0a, 0x02, 0x05, 0x08, 0x03, 0x16, 0x0d,
    0x02, 0x02, 0x05, 0x08, 0x02, 0x0a, 0x03, 0x01, 0x04, 0x12, 0x14, 0x03, 0x06, 0x08, 0x02, 0x17,
    0x0c, 0x01, 0x03, 0x06, 0x08, 0x02, 0x0a, 0x03, 0x01, 0x04, 0x12, 0x90, 0x21, 0x17, 0x96, 0x17,
    0x21, 0x21, 0x17, 0x96, 0x17, 0x21, 0x4b, 0x83, 0x10, 0x15, 0x15, 0x10, 0x83, 0x39, 0x16, 0x10,
    0x10, 0x16, 0x00, 0x00, 0x00, 0x02, 0x00, 0x00, 0x00, 0x00, 0x01, 0x14, 0x01, 0x14, 0x00, 0x3b,
    0x00, 0x4c, 0x00, 0x00, 0x13, 0x1f, 0x01, 0x16, 0x1f, 0x01, 0x1e, 0x01, 0x0f, 0x01, 0x06, 0x1f,
    0x01, 0x16, 0x06, 0x0f, 0x02, 0x06, 0x0f, 0x01, 0x0e, 0x01, 0x2f, 0x01, 0x26, 0x0f, 0x01, 0x06,
    0x26, 0x2f, 0x02, 0x26, 0x2f, 0x01, 0x2e, 0x01, 0x3f, 0x01, 0x36, 0x2f, 0x01, 0x26, 0x36, 0x3f,
    0x02, 0x36, 0x3f, 0x01, 0x3e, 0x01, 0x1f, 0x01, 0x16, 0x3f, 0x01, 0x36, 0x16, 0x0f, 0x01, 0x27,
    0x26, 0x22, 0x06, 0x14, 0x1f, 0x01, 0x16, 0x32, 0x3f, 0x01, 0x36, 0x34, 0x26, 0x22, 0xd5, 0x01,
    0x0b, 0x01, 0x04, 0x1b, 0x0a, 0x08, 0x02, 0x0e, 0x01, 0x01, 0x0c, 0x04, 0x05, 0x09, 0x03, 0x1c,
    0x04, 0x01, 0x0b, 0x03, 0x11, 0x0a, 0x1f, 0x03, 0x03, 0x1b, 0x09, 0x13, 0x05, 0x01, 0x0b, 0x01,
    0x04, 0x1b, 0x0a, 0x08, 0x02, 0x0e, 0x01, 0x01, 0x0c, 0x04, 0x05, 0x09, 0x03, 0x1c, 0x04, 0x01,
    0x0b, 0x03, 0x11, 0x0a, 0x1f, 0x03, 0x03, 0x1b, 0x09, 0x13, 0x11, 0x3c, 0x16, 0x02, 0x07, 0x05,
    0x02, 0x1c, 0x03, 0x07, 0x03, 0x41, 0x02, 0x05, 0x07, 0x01, 0x05, 0x03, 0x1c, 0x04, 0x01, 0x0b,
    0x03, 0x11, 0x0a, 0x1f, 0x03, 0x03, 0x1b, 0x09, 0x13, 0x05, 0x01, 0x0b, 0x01, 0x04, 0x1b, 0x0a,
    0x08, 0x02, 0x0e, 0x01, 0x01, 0x0c, 0x04, 0x05, 0x09, 0x03, 0x1c, 0x04, 0x01, 0x0b, 0x03, 0x11,
    0x0a, 0x1f, 0x03, 0x03, 0x1b, 0x09, 0x13, 0x05, 0x01, 0x0b, 0x01, 0x04, 0x1b, 0x0a, 0x08, 0x02,
    0x0e, 0x01, 0x01, 0x0c, 0x04, 0x05, 0x4d, 0x44, 0x16, 0x02, 0x05, 0x07, 0x02, 0x1c, 0x03, 0x03,
    0x4b, 0x03, 0x07, 0x04, 0x00, 0x03, 0x00, 0x00, 0x00, 0x00, 0x01, 0x14, 0x01, 0x14, 0x00, 0x3b,
    0x00, 0x73, 0x00, 0x86, 0x00, 0x00, 0x13, 0x1f, 0x01, 0x16, 0x1f, 0x01, 0x1e, 0x01, 0x0f, 0x01,
    0x06, 0x1f, 0x01, 0x16, 0x06, 0x0f, 0x02, 0x06, 0x0f, 0x01, 0x0e, 0x01, 0x2f, 0x01, 0x26, 0x0f,
    0x01, 0x06, 0x26, 0x2f, 0x02, 0x26, 0x2f, 0x01, 0x2e, 0x01, 0x3f, 0x01, 0x36, 0x2f, 0x01, 0x26,
    0x36, 0x3f, 0x02, 0x36, 0x3f, 0x01, 0x3e, 0x01, 0x1f, 0x01, 0x16, 0x3f, 0x01, 0x36, 0x16, 0x0f,
    0x01, 0x06, 0x0f, 0x01, 0x0e, 0x01, 0x1f, 0x01, 0x16, 0x0f, 0x01, 0x14, 0x16, 0x1f, 0x01, 0x16,
    0x1f, 0x01, 0x1e, 0x01, 0x3f, 0x01, 0x36, 0x1f, 0x01, 0x32, 0x36, 0x3f, 0x01, 0x36, 0x3f, 0x01,
    0x3e, 0x01, 0x2f, 0x01, 0x26, 0x3f, 0x01, 0x34, 0x26, 0x2f, 0x01, 0x26, 0x2f, 0x01, 0x2e, 0x01,
    0x0f, 0x01, 0x06, 0x2f, 0x01, 0x26, 0x06, 0x17, 0x37, 0x36, 0x32, 0x1e, 0x01, 0x0f, 0x01, 0x0e,
    0x01, 0x2f, 0x01, 0x26, 0x34, 0x36, 0x32, 0x1f, 0x01, 0x37, 0xd5, 0x01, 0x0b, 0x01, 0x04, 0x1b,
    0x0a, 0x08, 0x02, 0x0e, 0x01, 0x01, 0x0c, 0x04, 0x05, 0x09, 0x03, 0x1c, 0x04, 0x01, 0x0b, 0x03,
    0x11, 0x0a, 0x1f, 0x03, 0x03, 0x1b, 0x09, 0x13, 0x05, 0x01, 0x0b, 0x01, 0x04, 0x1b, 0x0a, 0x08,
    0x02, 0x0e, 0x01, 0x01, 0x0c, 0x04, 0x05, 0x09, 0x03, 0x1c, 0x04, 0x01, 0x0b, 0x03, 0x11, 0x0a,
    0x1f, 0x03, 0x03, 0x1b, 0x09, 0x13, 0x6b, 0x0a, 0x04, 0x0b, 0x1d, 0x03, 0x01, 0x01, 0x0c, 0x05,
    0x05, 0x0d, 0x03, 0x02, 0x1c, 0x0b, 0x04, 0x0b, 0x02, 0x06, 0x03, 0x1b, 0x0a, 0x0a, 0x1d, 0x03,
    0x06, 0x01, 0x0a, 0x04, 0x0b, 0x1d, 0x03, 0x01, 0x01, 0x0c, 0x05, 0x05, 0x0d, 0x03, 0x02, 0x1c,
    0x0b, 0x04, 0x0b, 0x02, 0x06, 0x03, 0x1b, 0x0a, 0x0a, 0x1c, 0x03, 0x06, 0x1c, 0x3c, 0x02, 0x07,
    0x05, 0x01, 0x02, 0x42, 0x03, 0x06, 0x02, 0x1e, 0x02, 0x04, 0x06, 0x03, 0x17, 0x3c, 0x01, 0x05,
    0x03, 0x1c, 0x04, 0x01, 0x0b, 0x03, 0x11, 0x0a, 0x1f, 0x03, 0x03, 0x1b, 0x09, 0x13, 0x05, 0x01,
    0x0b, 0x01, 0x04, 0x1b, 0x0a, 0x08, 0x02, 0x0e, 0x01, 0x01, 0x0c, 0x04, 0x05, 0x09, 0x03, 0x1c,
    0x04, 0x01, 0x0b, 0x03, 0x11, 0x0a, 0x1f, 0x03, 0x03, 0x1b, 0x09, 0x13, 0x05, 0x01, 0x0b, 0x01,
    0x04, 0x1b, 0x0a, 0x08, 0x02, 0x0e, 0x01, 0x01, 0x0c, 0x04, 0x05, 0x12, 0x1c, 0x0b, 0x04, 0x0b,
    0x02, 0x06, 0x03, 0x1b, 0x0a, 0x0a, 0x1d, 0x03, 0x06, 0x01, 0x0a, 0x04, 0x0b, 0x1d, 0x03, 0x01,
    0x01, 0x0c, 0x05, 0x05, 0x0d, 0x03, 0x02, 0x1c, 0x0b, 0x04, 0x0b, 0x02, 0x06, 0x03, 0x1b, 0x0a,
    0x0a, 0x1d, 0x03, 0x06, 0x01, 0x0a, 0x04, 0x0b, 0x1d, 0x03, 0x01, 0x01, 0x0c, 0x05, 0x05, 0x0c,
    0x02, 0x03, 0x82, 0x44, 0x03, 0x04, 0x06, 0x03, 0x4c, 0x02, 0x01, 0x01, 0x1e, 0x02, 0x07, 0x05,
    0x01, 0x17, 0x44, 0x00, 0x00, 0x03, 0x00, 0x00, 0x00, 0x00, 0x01, 0x2c, 0x01, 0x1a, 0x00, 0x0c,
    0x00, 0x1e, 0x00, 0x49, 0x00, 0x00, 0x37, 0x32, 0x1e, 0x01, 0x14, 0x0e, 0x01, 0x22, 0x2e, 0x01,
    0x34, 0x3e, 0x01, 0x17, 0x26, 0x22, 0x0f, 0x01, 0x27, 0x26, 0x22, 0x06, 0x14, 0x1f, 0x01, 0x16,
    0x32, 0x3f, 0x01, 0x36, 0x34, 0x27, 0x32, 0x16, 0x1d, 0x01, 0x26, 0x27, 0x35, 0x2e, 0x01, 0x2b,
    0x01, 0x0e, 0x01, 0x1d, 0x01, 0x14, 0x16, 0x3b, 0x01, 0x1d, 0x01, 0x31, 0x15, 0x33, 0x16, 0x17,
    0x23, 0x22, 0x26, 0x34, 0x36, 0x3b, 0x01, 0x35, 0x23, 0x22, 0x26, 0x3d, 0x01, 0x34, 0x36, 0x33,
    0xd8, 0x17, 0x26, 0x17, 0x17, 0x26, 0x2e, 0x27, 0x17, 0x17, 0x27, 0x43, 0x03, 0x08, 0x03, 0x28,
    0x15, 0x03, 0x08, 0x05, 0x02, 0x1d, 0x02, 0x08, 0x03, 0x2f, 0x02, 0x12, 0x0f, 0x16, 0x08, 0x0a,
    0x01, 0x0a, 0x08, 0xbc, 0x08, 0x0a, 0x0a, 0x08, 0x39, 0x0b, 0x05, 0x07, 0x46, 0x04, 0x06, 0x06,
    0x04, 0x1c, 0x26, 0x0f, 0x16, 0x16, 0x0f, 0xa9, 0x17, 0x27, 0x2e, 0x26, 0x17, 0x17, 0x26, 0x2e,
    0x27, 0x17, 0x3b, 0x02, 0x02, 0x28, 0x15, 0x03, 0x06, 0x08, 0x02, 0x1c, 0x03, 0x03, 0x2e, 0x03,
    0x08, 0xae, 0x16, 0x0f, 0x50, 0x07, 0x05, 0x44, 0x08, 0x0b, 0x01, 0x0a, 0x08, 0x83, 0x08, 0x0b,
    0x0a, 0x09, 0x25, 0x0b, 0x08, 0x05, 0x08, 0x06, 0x25, 0x16, 0x10, 0x83, 0x0f, 0x16, 0x00, 0x00,
    0x00, 0x04, 0x00, 0x00, 0x00, 0x00, 0x01, 0x2c, 0x01, 0x1a, 0x00, 0x2a, 0x00, 0x37, 0x00, 0x4b,
    0x00, 0x5e, 0x00, 0x00, 0x37, 0x16, 0x17, 0x23, 0x22, 0x26, 0x34, 0x36, 0x3b, 0x01, 0x35, 0x23,
    0x22, 0x26, 0x3d, 0x01, 0x34, 0x36, 0x3b, 0x01, 0x32, 0x16, 0x1d, 0x01, 0x26, 0x27, 0x35, 0x2e,
    0x01, 0x2b, 0x01, 0x0e, 0x01, 0x1d, 0x01, 0x14, 0x16, 0x3b, 0x01, 0x1d, 0x01, 0x31, 0x15, 0x37,
    0x14, 0x0e, 0x01, 0x22, 0x2e, 0x01, 0x34, 0x3e, 0x01, 0x32, 0x1e, 0x01, 0x07, 0x34, 0x26, 0x2f,
    0x01, 0x26, 0x22, 0x06, 0x14, 0x1f, 0x01, 0x07, 0x06, 0x14, 0x16, 0x32, 0x3f, 0x01, 0x3e, 0x01,
    0x3f, 0x01, 0x36, 0x34, 0x26, 0x22, 0x0f, 0x01, 0x0e, 0x01, 0x14, 0x16, 0x1f, 0x01, 0x16, 0x32,
    0x36, 0x34, 0x27, 0x7c, 0x05, 0x07, 0x46, 0x04, 0x06, 0x06, 0x04, 0x1c, 0x26, 0x0f, 0x16, 0x16,
    0x0f, 0xbc, 0x0f, 0x16, 0x08, 0x0a, 0x01, 0x0a, 0x08, 0xbc, 0x08, 0x0a, 0x0a, 0x08, 0x39, 0xbb,
    0x17, 0x26, 0x2e, 0x27, 0x17, 0x17, 0x27, 0x2e, 0x26, 0x17, 0x54, 0x02, 0x01, 0x1c, 0x03, 0x08,
    0x05, 0x02, 0x16, 0x16, 0x02, 0x05, 0x08, 0x03, 0x1c, 0x01, 0x02, 0x16, 0x16, 0x03, 0x06, 0x08,
    0x03, 0x1c, 0x01, 0x01, 0x01, 0x01, 0x1c, 0x03, 0x08, 0x06, 0x03, 0x26, 0x0b, 0x08, 0x05, 0x08,
    0x06, 0x25, 0x16, 0x10, 0x83, 0x0f, 0x16, 0x16, 0x0f, 0x50, 0x07, 0x05, 0x44, 0x08, 0x0b, 0x01,
    0x0a, 0x08, 0x83, 0x08, 0x0b, 0x0a, 0x09, 0x25, 0x2e, 0x17, 0x26, 0x17, 0x17, 0x26, 0x2e, 0x27,
    0x17, 0x17, 0x27, 0x29, 0x01, 0x04, 0x01, 0x1c, 0x03, 0x05, 0x08, 0x03, 0x15, 0x16, 0x03, 0x07,
    0x06, 0x03, 0x1c, 0x01, 0x04, 0x27, 0x16, 0x02, 0x08, 0x06, 0x03, 0x1c, 0x01, 0x04, 0x04, 0x03,
    0x02, 0x1c, 0x02, 0x05, 0x08, 0x03, 0x00, 0x00, 0x00, 0x03, 0x00, 0x00, 0x00, 0x00, 0x01, 0x2c,
    0x01, 0x1a, 0x00, 0x2a, 0x00, 0x37, 0x00, 0x44, 0x00, 0x00, 0x37, 0x16, 0x17, 0x23, 0x22, 0x26,
    0x34, 0x36, 0x3b, 0x01, 0x35, 0x23, 0x22, 0x26, 0x3d, 0x01, 0x34, 0x36, 0x3b, 0x01, 0x32, 0x16,
    0x1d, 0x01, 0x26, 0x27, 0x35, 0x2e, 0x01, 0x2b, 0x01, 0x0e, 0x01, 0x1d, 0x01, 0x14, 0x16, 0x3b,
    0x01, 0x1d, 0x01, 0x31, 0x15, 0x37, 0x14, 0x0e, 0x01, 0x22, 0x2e, 0x01, 0x34, 0x3e, 0x01, 0x32,
    0x1e, 0x01, 0x07, 0x34, 0x2e, 0x01, 0x22, 0x0e, 0x01, 0x14, 0x1e, 0x01, 0x32, 0x3e, 0x01, 0x7c,
    0x05, 0x07, 0x46, 0x04, 0x06, 0x06, 0x04, 0x1c, 0x26, 0x0f, 0x16, 0x16, 0x0f, 0xbc, 0x0f, 0x16,
    0x08, 0x0a, 0x01, 0x0a, 0x08, 0xbc, 0x08, 0x0a, 0x0a, 0x08, 0x39, 0xbb, 0x17, 0x26, 0x2e, 0x27,
    0x17, 0x17, 0x27, 0x2e, 0x26, 0x17, 0x13, 0x11, 0x1f, 0x23, 0x1e, 0x12, 0x12, 0x1e, 0x23, 0x1f,
    0x11, 0x26, 0x0b, 0x08, 0x05, 0x08, 0x06, 0x25, 0x16, 0x10, 0x83, 0x0f, 0x16, 0x16, 0x0f, 0x50,
    0x07, 0x05, 0x44, 0x08, 0x0b, 0x01, 0x0a, 0x08, 0x83, 0x08, 0x0b, 0x0a, 0x09, 0x25, 0x2e, 0x17,
    0x26, 0x17, 0x17, 0x26, 0x2e, 0x27, 0x17, 0x17, 0x27, 0x17, 0x12, 0x1e, 0x12, 0x12, 0x1e, 0x23,
    0x1f, 0x11, 0x11, 0x1f, 0x00, 0x03, 0x00, 0x00, 0x00, 0x00, 0x01, 0x2c, 0x01, 0x1a, 0x00, 0x2a,
    0x00, 0x37, 0x00, 0x4a, 0x00, 0x00, 0x37, 0x16, 0x17, 0x23, 0x22, 0x26, 0x34, 0x36, 0x3b, 0x01,
    0x35, 0x23, 0x22, 0x26, 0x3d, 0x01, 0x34, 0x36, 0x3b, 0x01, 0x32, 0x16, 0x1d, 0x01, 0x26, 0x27,
    0x35, 0x2e, 0x01, 0x2b, 0x01, 0x0e, 0x01, 0x1d, 0x01, 0x14, 0x16, 0x3b, 0x01, 0x1d, 0x01, 0x31,
    0x15, 0x37, 0x14, 0x0e, 0x01, 0x22, 0x2e, 0x01, 0x34, 0x3e, 0x01, 0x32, 0x1e, 0x01, 0x07, 0x34,
    0x26, 0x2b, 0x01, 0x35, 0x34, 0x26, 0x22, 0x06, 0x1d, 0x01, 0x14, 0x16, 0x3b, 0x01, 0x32, 0x36,
    0x35, 0x7c, 0x05, 0x07, 0x46, 0x04, 0x06, 0x06, 0x04, 0x1c, 0x26, 0x0f, 0x16, 0x16, 0x0f, 0xbc,
    0x0f, 0x16, 0x08, 0x0a, 0x01, 0x0a, 0x08, 0xbc, 0x08, 0x0a, 0x0a, 0x08, 0x39, 0xbb, 0x17, 0x26,
    0x2e, 0x27, 0x17, 0x17, 0x27, 0x2e, 0x26, 0x17, 0x25, 0x06, 0x04, 0x1c, 0x05, 0x08, 0x06, 0x06,
    0x04, 0x25, 0x04, 0x05, 0x26, 0x0b, 0x08, 0x05, 0x08, 0x06, 0x25, 0x16, 0x10, 0x83, 0x0f, 0x16,
    0x16, 0x0f, 0x50, 0x07, 0x05, 0x44, 0x08, 0x0b, 0x01, 0x0a, 0x08, 0x83, 0x08, 0x0b, 0x0a, 0x09,
    0x25, 0x2e, 0x17, 0x26, 0x17, 0x17, 0x26, 0x2e, 0x27, 0x17, 0x17, 0x27, 0x17, 0x04, 0x06, 0x25,
    0x04, 0x06, 0x06, 0x04, 0x2f, 0x04, 0x05, 0x05, 0x04, 0x00, 0x00, 0x00, 0x00, 0x03, 0x00, 0x00,
    0xff, 0xfc, 0x01, 0x2c, 0x01, 0x1a, 0x00, 0x2a, 0x00, 0x38, 0x00, 0x4b, 0x00, 0x00, 0x37, 0x16,
    0x17, 0x23, 0x22, 0x26, 0x34, 0x36, 0x3b, 0x01, 0x35, 0x23, 0x22, 0x26, 0x3d, 0x01, 0x34, 0x36,
    0x3b, 0x01, 0x32, 0x16, 0x1d, 0x01, 0x26, 0x27, 0x35, 0x2e, 0x01, 0x2b, 0x01, 0x0e, 0x01, 0x1d,
    0x01, 0x14, 0x16, 0x3b, 0x01, 0x06, 0x17, 0x31, 0x15, 0x37, 0x14, 0x0e, 0x01, 0x2e, 0x02, 0x3e,
    0x01, 0x33, 0x32, 0x1e, 0x02, 0x07, 0x34, 0x26, 0x2f, 0x01, 0x26, 0x22, 0x0e, 0x01, 0x1d, 0x01,
    0x14, 0x1e, 0x01, 0x32, 0x3f, 0x01, 0x3e, 0x01, 0x7c, 0x05, 0x07, 0x46, 0x04, 0x06, 0x06, 0x04,
    0x1c, 0x26, 0x0f, 0x16, 0x16, 0x0f, 0xbc, 0x0f, 0x16, 0x08, 0x0a, 0x01, 0x0a, 0x08, 0xbc, 0x08,
    0x0a, 0x0a, 0x08, 0x39, 0x01, 0x01, 0xbb, 0x1c, 0x30, 0x32, 0x24, 0x0a, 0x13, 0x2b, 0x1a, 0x10,
    0x1f, 0x18, 0x0d, 0x26, 0x03, 0x02, 0x38, 0x02, 0x05, 0x04, 0x02, 0x02, 0x04, 0x05, 0x02, 0x38,
    0x02, 0x03, 0x26, 0x0a, 0x09, 0x05, 0x08, 0x06, 0x25, 0x16, 0x10, 0x83, 0x0f, 0x16, 0x16, 0x0f,
    0x51, 0x07, 0x06, 0x44, 0x08, 0x0b, 0x01, 0x0a, 0x08, 0x83, 0x08, 0x0b, 0x09, 0x0a, 0x25, 0x2e,
    0x19, 0x2b, 0x13, 0x0a, 0x24, 0x32, 0x2f, 0x1d, 0x0d, 0x18, 0x1f, 0x11, 0x03, 0x04, 0x02, 0x1f,
    0x01, 0x03, 0x04, 0x03, 0x3e, 0x02, 0x04, 0x03, 0x01, 0x1f, 0x01, 0x05, 0x00, 0x03, 0xff, 0xff,
    0x00, 0x00, 0x01, 0x2c, 0x01, 0x2d, 0x00, 0x1f, 0x00, 0x23, 0x00, 0x27, 0x00, 0x00, 0x01, 0x23,
    0x22, 0x06, 0x1d, 0x01, 0x14, 0x16, 0x3b, 0x01, 0x15, 0x23, 0x22, 0x06, 0x14, 0x16, 0x3b, 0x01,
    0x32, 0x36, 0x34, 0x26, 0x2b, 0x01, 0x35, 0x33, 0x32, 0x36, 0x3d, 0x01, 0x34, 0x26, 0x07, 0x23,
    0x35, 0x33, 0x37, 0x23, 0x35, 0x33, 0x01, 0x0e, 0xf0, 0x0c, 0x12, 0x12, 0x0c, 0x3c, 0x1e, 0x06,
    0x09, 0x09, 0x06, 0xb4, 0x06, 0x09, 0x09, 0x06, 0x1e, 0x3c, 0x0c, 0x12, 0x12, 0x66, 0x3c, 0x3c,
    0x5a, 0xf0, 0xf0, 0x01, 0x2c, 0x12, 0x0c, 0x96, 0x0c, 0x12, 0x1e, 0x09, 0x0c, 0x09, 0x09, 0x0c,
    0x09, 0x1e, 0x12, 0x0c, 0x96, 0x0c, 0x12, 0xf0, 0x1e, 0x1e, 0x96, 0x00, 0x00, 0x03, 0x00, 0x00,
    0x00, 0x00, 0x01, 0x1a, 0x01, 0x1a, 0x00, 0x1f, 0x00, 0x23, 0x00, 0x33, 0x00, 0x00, 0x13, 0x22,
    0x06, 0x1d, 0x01, 0x14, 0x16, 0x3b, 0x01, 0x15, 0x23, 0x22, 0x06, 0x14, 0x16, 0x3b, 0x01, 0x32,
    0x36, 0x34, 0x26, 0x2b, 0x01, 0x35, 0x33, 0x32, 0x36, 0x3d, 0x01, 0x34, 0x26, 0x23, 0x07, 0x15,
    0x23, 0x35, 0x27, 0x34, 0x36, 0x3b, 0x01, 0x1e, 0x01, 0x1d, 0x01, 0x0e, 0x01, 0x2b, 0x01, 0x22,
    0x26, 0x35, 0x38, 0x0f, 0x16, 0x16, 0x0f, 0x26, 0x1c, 0x04, 0x06, 0x06, 0x04, 0xa8, 0x04, 0x06,
    0x06, 0x04, 0x1c, 0x26, 0x0f, 0x16, 0x16, 0x0f, 0x38, 0x4b, 0x4b, 0x0a, 0x08, 0xbc, 0x08, 0x0b,
    0x01, 0x0a, 0x08, 0xbc, 0x08, 0x0a, 0x01, 0x19, 0x16, 0x0f, 0x83, 0x10, 0x16, 0x25, 0x06, 0x08,
    0x05, 0x05, 0x08, 0x06, 0x25, 0x16, 0x10, 0x83, 0x0f, 0x16, 0xce, 0x25, 0x25, 0xa9, 0x08, 0x0b,
    0x01, 0x0a, 0x08, 0x83, 0x08, 0x0b, 0x0b, 0x08, 0x00, 0x04, 0x00, 0x00, 0x00, 0x00, 0x01, 0x2c,
    0x01, 0x07, 0x00, 0x0c, 0x00, 0x18, 0x00, 0x50, 0x00, 0x6a, 0x00, 0x00, 0x37, 0x14, 0x06, 0x2b,
    0x01, 0x22, 0x26, 0x34, 0x36, 0x3b, 0x01, 0x32, 0x16, 0x37, 0x23, 0x22, 0x06, 0x14, 0x16, 0x3b,
    0x01, 0x32, 0x36, 0x34, 0x26, 0x37, 0x15, 0x14, 0x06, 0x2b, 0x01, 0x15, 0x14, 0x06, 0x2b, 0x01,
    0x22, 0x26, 0x27, 0x26, 0x22, 0x07, 0x0e, 0x01, 0x2b, 0x01, 0x22, 0x26, 0x3d, 0x01, 0x23, 0x22,
    0x26, 0x3d, 0x01, 0x34, 0x36, 0x3b, 0x01, 0x35, 0x34, 0x36, 0x3b, 0x01, 0x35, 0x34, 0x36, 0x3b,
    0x01, 0x32, 0x16, 0x1d, 0x01, 0x33, 0x32, 0x16, 0x1d, 0x01, 0x33, 0x32, 0x16, 0x27, 0x34, 0x26,
    0x2b, 0x01, 0x22, 0x06, 0x1d, 0x01, 0x14, 0x16, 0x3b, 0x01, 0x32, 0x3e, 0x02, 0x32, 0x1e, 0x02,
    0x3b, 0x01, 0x32, 0x36, 0x35, 0x7a, 0x06, 0x03, 0x26, 0x04, 0x05, 0x05, 0x04, 0x26, 0x03, 0x06,
    0x67, 0x25, 0x04, 0x06, 0x06, 0x03, 0x26, 0x04, 0x05, 0x05, 0x47, 0x05, 0x04, 0x0a, 0x1d, 0x15,
    0x1e, 0x0d, 0x17, 0x07, 0x02, 0x0c, 0x02, 0x07, 0x17, 0x0d, 0x1e, 0x15, 0x1d, 0x0a, 0x04, 0x05,
    0x05, 0x04, 0x0a, 0x1d, 0x15, 0x2c, 0x05, 0x04, 0x38, 0x04, 0x05, 0x2c, 0x15, 0x1d, 0x0a, 0x04,
    0x05, 0x25, 0x13, 0x0d, 0xa2, 0x0d, 0x12, 0x12, 0x0d, 0x1e, 0x08, 0x0f, 0x08, 0x0d, 0x0e, 0x0d,
    0x08, 0x0f, 0x08, 0x1e, 0x0d, 0x13, 0x9f, 0x04, 0x05, 0x05, 0x08, 0x06, 0x06, 0x06, 0x06, 0x08,
    0x05, 0x05, 0x08, 0x06, 0x09, 0x25, 0x04, 0x06, 0x18, 0x15, 0x1e, 0x0d, 0x0b, 0x04, 0x04, 0x0b,
    0x0d, 0x1e, 0x15, 0x18, 0x06, 0x04, 0x25, 0x04, 0x05, 0x06, 0x15, 0x1e, 0x09, 0x04, 0x05, 0x05,
    0x04, 0x09, 0x1e, 0x15, 0x05, 0x06, 0x0b, 0x0d, 0x13, 0x13, 0x0d, 0x56, 0x0d, 0x13, 0x08, 0x0d,
    0x07, 0x07, 0x0d, 0x08, 0x13, 0x0d, 0x00, 0x00, 0x00, 0x04, 0x00, 0x00, 0x00, 0x00, 0x01, 0x2d,
    0x01, 0x2c, 0x00, 0x09, 0x00, 0x13, 0x00, 0x21, 0x00, 0x35, 0x00, 0x00, 0x37, 0x27, 0x37, 0x36,
    0x3b, 0x01, 0x16, 0x1d, 0x01, 0x0f, 0x01, 0x06, 0x14, 0x1f, 0x01, 0x16, 0x32, 0x3f, 0x01, 0x27,
    0x37, 0x26, 0x22, 0x0f, 0x01, 0x06, 0x14, 0x1f, 0x01, 0x16, 0x32, 0x36, 0x3d, 0x01, 0x37, 0x27,
    0x26, 0x2b, 0x01, 0x16, 0x15, 0x11, 0x14, 0x07, 0x33, 0x32, 0x3f, 0x01, 0x3e, 0x01, 0x3d, 0x01,
    0x34, 0x26, 0x97, 0x31, 0x61, 0x02, 0x01, 0x02, 0x02, 0x37, 0x93, 0x04, 0x04, 0x11, 0x03, 0x09,
    0x04, 0x24, 0x26, 0x02, 0x04, 0x09, 0x03, 0x11, 0x04, 0x04, 0xc3, 0x02, 0x03, 0x02, 0x53, 0x3d,
    0x04, 0x04, 0x01, 0x06, 0x05, 0x01, 0x03, 0x04, 0x3d, 0x05, 0x06, 0x06, 0xa2, 0x25, 0x58, 0x01,
    0x01, 0x03, 0x50, 0x2a, 0x35, 0x04, 0x0b, 0x03, 0x0f, 0x04, 0x03, 0x1c, 0x22, 0x58, 0x02, 0x03,
    0x0f, 0x04, 0x0b, 0x03, 0xb2, 0x02, 0x03, 0x01, 0x51, 0xac, 0x1d, 0x02, 0x07, 0x08, 0xfe, 0xf3,
    0x08, 0x06, 0x02, 0x1d, 0x03, 0x09, 0x05, 0xca, 0x05, 0x09, 0x00, 0x00, 0x00, 0x02, 0x00, 0x00,
    0x00, 0x00, 0x01, 0x2d, 0x01, 0x2c, 0x00, 0x25, 0x00, 0x28, 0x00, 0x00, 0x01, 0x27, 0x26, 0x22,
    0x0f, 0x02, 0x27, 0x26, 0x22, 0x0f, 0x01, 0x06, 0x14, 0x1f, 0x01, 0x07, 0x06, 0x14, 0x1f, 0x01,
    0x16, 0x32, 0x3f, 0x01, 0x1f, 0x01, 0x16, 0x32, 0x3f, 0x01, 0x3e, 0x01, 0x3d, 0x01, 0x34, 0x26,
    0x27, 0x07, 0x37, 0x15, 0x01, 0x21, 0x3d, 0x04, 0x0b, 0x04, 0x03, 0x76, 0x33, 0x04, 0x09, 0x03,
    0x11, 0x04, 0x04, 0x2d, 0x2d, 0x04, 0x04, 0x11, 0x03, 0x09, 0x04, 0x33, 0x76, 0x03, 0x04, 0x0b,
    0x04, 0x3d, 0x05, 0x06, 0x06, 0x05, 0x9a, 0x5a, 0x01, 0x0c, 0x1d, 0x02, 0x03, 0x02, 0x6c, 0x27,
    0x02, 0x03, 0x0f, 0x04, 0x0b, 0x03, 0x29, 0x29, 0x03, 0x0b, 0x04, 0x0f, 0x03, 0x02, 0x27, 0x6c,
    0x02, 0x03, 0x02, 0x1d, 0x03, 0x09, 0x05, 0xca, 0x05, 0x09, 0x03, 0x76, 0x44, 0x88, 0x00, 0x00,
    0x00, 0x06, 0x00, 0x00, 0x00, 0x00, 0x01, 0x1a, 0x01, 0x1a, 0x00, 0x1c, 0x00, 0x39, 0x00, 0x55,
    0x00, 0x61, 0x00, 0x69, 0x00, 0x71, 0x00, 0x00, 0x13, 0x32, 0x16, 0x17, 0x15, 0x33, 0x32, 0x16,
    0x14, 0x06, 0x2b, 0x01, 0x15, 0x14, 0x06, 0x22, 0x26, 0x3d, 0x01, 0x23, 0x22, 0x26, 0x34, 0x36,
    0x3b, 0x01, 0x35, 0x34, 0x36, 0x07, 0x32, 0x16, 0x1d, 0x01, 0x33, 0x32, 0x16, 0x14, 0x06, 0x2b,
    0x01, 0x15, 0x14, 0x06, 0x2e, 0x01, 0x3d, 0x01, 0x23, 0x22, 0x26, 0x34, 0x36, 0x3b, 0x01, 0x35,
    0x34, 0x36, 0x17, 0x32, 0x36, 0x34, 0x26, 0x2b, 0x01, 0x35, 0x34, 0x26, 0x22, 0x06, 0x1d, 0x01,
    0x23, 0x22, 0x06, 0x1e, 0x01, 0x3b, 0x01, 0x15, 0x14, 0x16, 0x32, 0x36, 0x3d, 0x01, 0x27, 0x36,
    0x32, 0x16, 0x14, 0x0f, 0x01, 0x06, 0x22, 0x26, 0x34, 0x3f, 0x01, 0x07, 0x06, 0x14, 0x16, 0x32,
    0x3f, 0x03, 0x36, 0x34, 0x26, 0x22, 0x0f, 0x01, 0xfd, 0x04, 0x05, 0x01, 0x09, 0x04, 0x05, 0x05,
    0x04, 0x09, 0x06, 0x08, 0x05, 0x0a, 0x04, 0x05, 0x05, 0x04, 0x0a, 0x05, 0xb7, 0x04, 0x05, 0x09,
    0x04, 0x06, 0x06, 0x04, 0x09, 0x05, 0x08, 0x06, 0x09, 0x04, 0x05, 0x05, 0x04, 0x09, 0x06, 0xac,
    0x04, 0x06, 0x06, 0x04, 0x09, 0x05, 0x08, 0x06, 0x09, 0x04, 0x06, 0x01, 0x05, 0x04, 0x09, 0x06,
    0x08, 0x05, 0x3d, 0x0a, 0x1e, 0x15, 0x0b, 0x86, 0x0b, 0x1d, 0x15, 0x0a, 0x7e, 0x70, 0x06, 0x0b,
    0x0e, 0x05, 0x70, 0x0d, 0x09, 0x05, 0x0a, 0x0e, 0x05, 0x09, 0x01, 0x19, 0x05, 0x04, 0x09, 0x06,
    0x08, 0x05, 0x0a, 0x04, 0x05, 0x05, 0x04, 0x0a, 0x05, 0x08, 0x06, 0x09, 0x04, 0x05, 0x25, 0x06,
    0x04, 0x09, 0x05, 0x08, 0x06, 0x09, 0x04, 0x06, 0x01, 0x05, 0x04, 0x09, 0x06, 0x08, 0x05, 0x09,
    0x04, 0x06, 0xa9, 0x05, 0x08, 0x06, 0x09, 0x04, 0x05, 0x05, 0x04, 0x09, 0x06, 0x08, 0x05, 0x09,
    0x04, 0x06, 0x06, 0x04, 0x09, 0x8b, 0x0b, 0x15, 0x1e, 0x0a, 0x87, 0x0a, 0x15, 0x1d, 0x0b, 0x63,
    0x70, 0x05, 0x0e, 0x0b, 0x06, 0x70, 0x0d, 0x09, 0x05, 0x0e, 0x0a, 0x05, 0x09, 0x00, 0x00, 0x00,
    0x00, 0x04, 0x00, 0x00, 0x00, 0x00, 0x01, 0x1a, 0x01, 0x1a, 0x00, 0x11, 0x00, 0x1f, 0x00, 0x28,
    0x00, 0x34, 0x00, 0x00, 0x25, 0x27, 0x2e, 0x01, 0x22, 0x06, 0x0f, 0x01, 0x06, 0x15, 0x14, 0x16,
    0x3b, 0x01, 0x3e, 0x01, 0x35, 0x34, 0x07, 0x23, 0x22, 0x26, 0x34, 0x35, 0x37, 0x36, 0x32, 0x1f,
    0x01, 0x16, 0x14, 0x06, 0x27, 0x14, 0x06, 0x22, 0x26, 0x34, 0x36, 0x32, 0x16, 0x27, 0x35, 0x34,
    0x36, 0x32, 0x16, 0x1d, 0x01, 0x14, 0x06, 0x22, 0x26, 0x01, 0x16, 0x69, 0x04, 0x0c, 0x0e, 0x0c,
    0x04, 0x69, 0x03, 0x0f, 0x0b, 0xd2, 0x0b, 0x0f, 0x1a, 0xd2, 0x03, 0x04, 0x6a, 0x02, 0x08, 0x02,
    0x6a, 0x01, 0x05, 0x5e, 0x08, 0x0c, 0x08, 0x08, 0x0c, 0x08, 0x17, 0x05, 0x08, 0x05, 0x05, 0x08,
    0x05, 0x4c, 0xc0, 0x06, 0x07, 0x07, 0x06, 0xc0, 0x06, 0x07, 0x0a, 0x10, 0x01, 0x0f, 0x0a, 0x07,
    0x0e, 0x04, 0x05, 0x02, 0xc0, 0x04, 0x04, 0xc0, 0x02, 0x05, 0x04, 0x21, 0x06, 0x08, 0x08, 0x0c,
    0x08, 0x08, 0x24, 0x42, 0x04, 0x05, 0x05, 0x04, 0x42, 0x04, 0x05, 0x05, 0x00, 0x04, 0x00, 0x00,
    0x00, 0x00, 0x00, 0xf4, 0x01, 0x1a, 0x00, 0x29, 0x00, 0x33, 0x00, 0x3d, 0x00, 0x55, 0x00, 0x00,
    0x37, 0x23, 0x34, 0x26, 0x27, 0x35, 0x34, 0x26, 0x2b, 0x01, 0x22, 0x06, 0x1d, 0x01, 0x0e, 0x01,
    0x1d, 0x01, 0x14, 0x16, 0x17, 0x15, 0x14, 0x16, 0x3b, 0x01, 0x32, 0x36, 0x3d, 0x01, 0x3e, 0x01,
    0x3d, 0x01, 0x33, 0x32, 0x36, 0x3d, 0x01, 0x34, 0x26, 0x23, 0x27, 0x34, 0x36, 0x3b, 0x01, 0x36,
    0x16, 0x1d, 0x01, 0x23, 0x17, 0x14, 0x06, 0x2b, 0x01, 0x22, 0x26, 0x3d, 0x01, 0x33, 0x37, 0x14,
    0x06, 0x07, 0x06, 0x2b, 0x01, 0x22, 0x27, 0x2e, 0x01, 0x3d, 0x01, 0x34, 0x36, 0x37, 0x36, 0x3b,
    0x01, 0x32, 0x17, 0x1e, 0x01, 0x15, 0xea, 0x09, 0x0a, 0x09, 0x10, 0x0c, 0x38, 0x0c, 0x10, 0x09,
    0x0a, 0x0a, 0x09, 0x10, 0x0c, 0x38, 0x0c, 0x10, 0x09, 0x0a, 0x09, 0x04, 0x06, 0x06, 0x04, 0x79,
    0x05, 0x04, 0x38, 0x04, 0x06, 0x4b, 0x4b, 0x06, 0x04, 0x38, 0x04, 0x05, 0x4b, 0x12, 0x07, 0x05,
    0x04, 0x02, 0x4b, 0x03, 0x04, 0x05, 0x07, 0x07, 0x05, 0x04, 0x03, 0x4b, 0x02, 0x04, 0x05, 0x07,
    0xbc, 0x0a, 0x11, 0x05, 0x21, 0x0c, 0x10, 0x10, 0x0c, 0x21, 0x05, 0x11, 0x0a, 0x4b, 0x0b, 0x11,
    0x05, 0x21, 0x0c, 0x10, 0x10, 0x0c, 0x21, 0x05, 0x11, 0x0a, 0x13, 0x06, 0x04, 0x25, 0x04, 0x05,
    0x42, 0x04, 0x05, 0x01, 0x06, 0x04, 0x1c, 0xb2, 0x04, 0x05, 0x05, 0x04, 0x1c, 0x26, 0x06, 0x0a,
    0x02, 0x01, 0x01, 0x02, 0x0a, 0x06, 0x4b, 0x05, 0x0a, 0x02, 0x01, 0x01, 0x02, 0x0a, 0x05, 0x00,
    0x00, 0x02, 0x00, 0x00, 0x00, 0x00, 0x00, 0xe1, 0x01, 0x07, 0x00, 0x1e, 0x00, 0x26, 0x00, 0x00,
    0x13, 0x33, 0x1e, 0x01, 0x14, 0x06, 0x2b, 0x01, 0x15, 0x14, 0x0e, 0x01, 0x26, 0x3d, 0x01, 0x23,
    0x15, 0x14, 0x0e, 0x01, 0x26, 0x3d, 0x01, 0x23, 0x22, 0x2e, 0x01, 0x34, 0x3e, 0x01, 0x33, 0x15,
    0x33, 0x35, 0x23, 0x22, 0x06, 0x14, 0x16, 0x83, 0x55, 0x04, 0x05, 0x05, 0x04, 0x0a, 0x05, 0x08,
    0x05, 0x13, 0x06, 0x08, 0x05, 0x13, 0x12, 0x1e, 0x11, 0x11, 0x1e, 0x12, 0x13, 0x13, 0x13, 0x1c,
    0x1c, 0x01, 0x07, 0x01, 0x05, 0x08, 0x05, 0xc5, 0x04, 0x05, 0x01, 0x06, 0x04, 0xc5, 0xc5, 0x04,
    0x05, 0x01, 0x06, 0x04, 0x54, 0x12, 0x1e, 0x24, 0x1e, 0x11, 0x70, 0x5e, 0x1c, 0x27, 0x1b, 0x00,
    0x00, 0x05, 0x00, 0x00, 0x00, 0x00, 0x01, 0x2c, 0x01, 0x07, 0x00, 0x1c, 0x00, 0x3c, 0x00, 0x48,
    0x00, 0x62, 0x00, 0x7a, 0x00, 0x00, 0x25, 0x32, 0x16, 0x1d, 0x01, 0x14, 0x06, 0x2b, 0x01, 0x22,
    0x26, 0x3d, 0x01, 0x34, 0x36, 0x32, 0x16, 0x1d, 0x01, 0x14, 0x16, 0x3b, 0x01, 0x32, 0x36, 0x3d,
    0x01, 0x34, 0x36, 0x27, 0x1e, 0x01, 0x17, 0x15, 0x14, 0x06, 0x07, 0x23, 0x22, 0x26, 0x3d, 0x01,
    0x06, 0x22, 0x26, 0x34, 0x3e, 0x01, 0x17, 0x34, 0x26, 0x27, 0x26, 0x07, 0x06, 0x2e, 0x01, 0x36,
    0x37, 0x36, 0x33, 0x17, 0x26, 0x07, 0x0e, 0x01, 0x14, 0x16, 0x33, 0x32, 0x3f, 0x01, 0x35, 0x37,
    0x32, 0x16, 0x15, 0x17, 0x36, 0x33, 0x32, 0x1e, 0x01, 0x06, 0x23, 0x22, 0x27, 0x15, 0x16, 0x06,
    0x2b, 0x01, 0x22, 0x26, 0x3d, 0x01, 0x34, 0x36, 0x33, 0x17, 0x0e, 0x01, 0x07, 0x06, 0x1d, 0x01,
    0x14, 0x17, 0x1e, 0x01, 0x3b, 0x01, 0x32, 0x36, 0x37, 0x36, 0x37, 0x35, 0x26, 0x27, 0x2e, 0x01,
    0x27, 0x01, 0x23, 0x04, 0x05, 0x10, 0x0c, 0xf4, 0x0c, 0x10, 0x05, 0x08, 0x06, 0x05, 0x04, 0xf4,
    0x04, 0x05, 0x06, 0xc4, 0x12, 0x15, 0x01, 0x04, 0x04, 0x01, 0x04, 0x05, 0x13, 0x21, 0x17, 0x15,
    0x23, 0x12, 0x0a, 0x0c, 0x12, 0x07, 0x03, 0x08, 0x05, 0x02, 0x03, 0x0c, 0x16, 0x15, 0x0f, 0x0f,
    0x0b, 0x0c, 0x0c, 0x0a, 0x0d, 0x12, 0x03, 0x43, 0x03, 0x05, 0x01, 0x0c, 0x10, 0x13, 0x1b, 0x01,
    0x1c, 0x13, 0x10, 0x0d, 0x01, 0x05, 0x04, 0x01, 0x04, 0x05, 0x05, 0x04, 0x24, 0x05, 0x0c, 0x04,
    0x05, 0x05, 0x04, 0x0c, 0x05, 0x03, 0x06, 0x0b, 0x04, 0x05, 0x01, 0x01, 0x05, 0x04, 0x0b, 0x06,
    0x42, 0x06, 0x04, 0x09, 0x0c, 0x10, 0x10, 0x0c, 0x09, 0x04, 0x06, 0x06, 0x04, 0x09, 0x04, 0x05,
    0x05, 0x04, 0x09, 0x04, 0x06, 0x80, 0x01, 0x14, 0x11, 0x48, 0x03, 0x05, 0x01, 0x05, 0x03, 0x03,
    0x0b, 0x16, 0x23, 0x16, 0x04, 0x05, 0x0b, 0x0a, 0x01, 0x01, 0x06, 0x02, 0x02, 0x06, 0x08, 0x02,
    0x08, 0x3b, 0x04, 0x02, 0x01, 0x0c, 0x13, 0x0c, 0x0c, 0x02, 0x1b, 0x80, 0x05, 0x03, 0x4e, 0x0b,
    0x21, 0x2e, 0x21, 0x0b, 0x02, 0x03, 0x06, 0x05, 0x04, 0xaa, 0x04, 0x04, 0x5d, 0x01, 0x08, 0x07,
    0x09, 0x0b, 0x04, 0x0b, 0x09, 0x07, 0x08, 0x08, 0x07, 0x09, 0x0b, 0x04, 0x0b, 0x09, 0x07, 0x08,
    0x01, 0x00, 0x00, 0x00, 0x00, 0x04, 0x00, 0x00, 0x00, 0x00, 0x01, 0x2c, 0x01, 0x1a, 0x00, 0x0c,
    0x00, 0x1e, 0x00, 0x3a, 0x00, 0x42, 0x00, 0x00, 0x37, 0x32, 0x1e, 0x01, 0x14, 0x0e, 0x01, 0x22,
    0x2e, 0x01, 0x34, 0x3e, 0x01, 0x17, 0x26, 0x22, 0x0f, 0x01, 0x27, 0x26, 0x22, 0x06, 0x14, 0x1f,
    0x01, 0x16, 0x32, 0x3f, 0x01, 0x36, 0x34, 0x27, 0x32, 0x16, 0x1d, 0x01, 0x23, 0x27, 0x26, 0x27,
    0x35, 0x23, 0x15, 0x14, 0x16, 0x3b, 0x01, 0x16, 0x1f, 0x01, 0x15, 0x23, 0x22, 0x26, 0x3d, 0x01,
    0x34, 0x36, 0x33, 0x15, 0x22, 0x06, 0x15, 0x33, 0x34, 0x26, 0x23, 0xd8, 0x17, 0x26, 0x17, 0x17,
    0x26, 0x2e, 0x27, 0x17, 0x17, 0x27, 0x43, 0x03, 0x08, 0x03, 0x28, 0x15, 0x03, 0x08, 0x05, 0x02,
    0x1d, 0x02, 0x08, 0x03, 0x2f, 0x02, 0x25, 0x17, 0x21, 0x07, 0x03, 0x06, 0x02, 0xe1, 0x15, 0x10,
    0x31, 0x01, 0x04, 0x02, 0x38, 0x17, 0x21, 0x21, 0x17, 0x10, 0x15, 0xe1, 0x16, 0x10, 0xa9, 0x17,
    0x27, 0x2e, 0x26, 0x17, 0x17, 0x26, 0x2e, 0x27, 0x17, 0x3b, 0x02, 0x02, 0x28, 0x15, 0x03, 0x06,
    0x08, 0x02, 0x1c, 0x03, 0x03, 0x2e, 0x03, 0x08, 0xae, 0x21, 0x17, 0x38, 0x02, 0x04, 0x01, 0x1e,
    0x83, 0x10, 0x15, 0x03, 0x06, 0x03, 0x07, 0x21, 0x17, 0x96, 0x17, 0x21, 0x12, 0x16, 0x10, 0x10,
    0x16, 0x00, 0x00, 0x00, 0x00, 0x06, 0x00, 0x00, 0x00, 0x00, 0x01, 0x07, 0x01, 0x1a, 0x00, 0x1e,
    0x00, 0x27, 0x00, 0x3c, 0x00, 0x45, 0x00, 0x5f, 0x00, 0x87, 0x00, 0x00, 0x37, 0x35, 0x34, 0x26,
    0x23, 0x22, 0x07, 0x0e, 0x01, 0x14, 0x16, 0x32, 0x36, 0x33, 0x32, 0x17, 0x16, 0x1d, 0x01, 0x26,
    0x23, 0x22, 0x06, 0x14, 0x16, 0x33, 0x32, 0x37, 0x16, 0x32, 0x36, 0x27, 0x32, 0x17, 0x15, 0x06,
    0x22, 0x26, 0x34, 0x36, 0x17, 0x32, 0x36, 0x34, 0x26, 0x23, 0x22, 0x07, 0x35, 0x34, 0x26, 0x22,
    0x06, 0x1d, 0x01, 0x14, 0x16, 0x32, 0x36, 0x37, 0x16, 0x37, 0x32, 0x16, 0x14, 0x06, 0x22, 0x26,
    0x34, 0x36, 0x07, 0x06, 0x22, 0x27, 0x26, 0x34, 0x37, 0x36, 0x32, 0x16, 0x32, 0x36, 0x34, 0x27,
    0x26, 0x0e, 0x02, 0x16, 0x33, 0x32, 0x37, 0x36, 0x34, 0x2e, 0x01, 0x37, 0x23, 0x22, 0x06, 0x14,
    0x16, 0x3b, 0x01, 0x32, 0x16, 0x1d, 0x01, 0x14, 0x06, 0x2b, 0x01, 0x37, 0x36, 0x34, 0x26, 0x22,
    0x0f, 0x01, 0x06, 0x14, 0x1f, 0x01, 0x16, 0x32, 0x36, 0x34, 0x2f, 0x01, 0x33, 0x32, 0x36, 0x3d,
    0x01, 0x34, 0x26, 0x5e, 0x14, 0x0d, 0x0b, 0x07, 0x05, 0x05, 0x05, 0x08, 0x06, 0x09, 0x04, 0x03,
    0x07, 0x06, 0x08, 0x12, 0x14, 0x14, 0x12, 0x09, 0x08, 0x02, 0x08, 0x06, 0x21, 0x08, 0x06, 0x04,
    0x13, 0x0a, 0x0a, 0x62, 0x10, 0x16, 0x16, 0x10, 0x0a, 0x09, 0x05, 0x08, 0x05, 0x05, 0x07, 0x05,
    0x01, 0x09, 0x0a, 0x08, 0x0b, 0x0b, 0x10, 0x0b, 0x0b, 0x39, 0x04, 0x0e, 0x05, 0x06, 0x06, 0x05,
    0x0e, 0x07, 0x08, 0x05, 0x03, 0x0b, 0x1e, 0x13, 0x01, 0x16, 0x10, 0x0d, 0x0a, 0x03, 0x05, 0x08,
    0x92, 0x12, 0x04, 0x06, 0x06, 0x04, 0x12, 0x04, 0x06, 0x06, 0x04, 0x47, 0x16, 0x02, 0x05, 0x08,
    0x03, 0x25, 0x03, 0x03, 0x25, 0x03, 0x08, 0x05, 0x02, 0x16, 0x47, 0x0c, 0x11, 0x11, 0xb2, 0x34,
    0x0d, 0x0f, 0x03, 0x02, 0x05, 0x08, 0x06, 0x05, 0x01, 0x02, 0x06, 0x06, 0x01, 0x11, 0x16, 0x11,
    0x03, 0x03, 0x05, 0x20, 0x01, 0x0e, 0x04, 0x06, 0x08, 0x05, 0x25, 0x18, 0x23, 0x19, 0x06, 0x19,
    0x04, 0x05, 0x05, 0x04, 0x5e, 0x04, 0x05, 0x03, 0x03, 0x06, 0x41, 0x0d, 0x14, 0x0e, 0x0e, 0x14,
    0x0d, 0xbe, 0x03, 0x06, 0x07, 0x17, 0x08, 0x06, 0x06, 0x06, 0x08, 0x02, 0x0a, 0x03, 0x19, 0x23,
    0x1b, 0x09, 0x03, 0x07, 0x06, 0x01, 0xb2, 0x05, 0x08, 0x06, 0x05, 0x04, 0x71, 0x03, 0x06, 0x16,
    0x02, 0x08, 0x06, 0x03, 0x26, 0x03, 0x07, 0x03, 0x26, 0x02, 0x05, 0x08, 0x03, 0x15, 0x11, 0x0b,
    0x71, 0x0c, 0x10, 0x00, 0x00, 0x03, 0x00, 0x00, 0x00, 0x00, 0x01, 0x07, 0x01, 0x1a, 0x00, 0x1a,
    0x00, 0x2a, 0x00, 0x3b, 0x00, 0x00, 0x37, 0x22, 0x27, 0x26, 0x27, 0x26, 0x22, 0x07, 0x06, 0x07,
    0x06, 0x23, 0x22, 0x06, 0x1d, 0x01, 0x14, 0x16, 0x17, 0x3b, 0x01, 0x3e, 0x01, 0x3d, 0x01, 0x34,
    0x26, 0x07, 0x14, 0x06, 0x07, 0x2e, 0x01, 0x3d, 0x01, 0x36, 0x37, 0x36, 0x37, 0x16, 0x17, 0x16,
    0x17, 0x07, 0x37, 0x36, 0x32, 0x16, 0x14, 0x0f, 0x01, 0x06, 0x22, 0x2f, 0x01, 0x26, 0x34, 0x36,
    0x32, 0x17, 0xfb, 0x1d, 0x14, 0x19, 0x13, 0x03, 0x0a, 0x03, 0x13, 0x19, 0x14, 0x1d, 0x05, 0x06,
    0x36, 0x36, 0x04, 0x04, 0x36, 0x37, 0x07, 0x0c, 0x2f, 0x2f, 0x2f, 0x2f, 0x1b, 0x14, 0x1a, 0x15,
    0x15, 0x1a, 0x14, 0x1b, 0x67, 0x31, 0x03, 0x08, 0x05, 0x03, 0x38, 0x02, 0x08, 0x03, 0x1c, 0x03,
    0x06, 0x07, 0x03, 0xf4, 0x06, 0x08, 0x14, 0x03, 0x03, 0x14, 0x08, 0x06, 0x07, 0x04, 0x44, 0x36,
    0x4a, 0x12, 0x12, 0x4a, 0x36, 0x44, 0x04, 0x07, 0x4f, 0x30, 0x3f, 0x10, 0x10, 0x3f, 0x30, 0x3c,
    0x01, 0x06, 0x08, 0x14, 0x14, 0x08, 0x06, 0x01, 0x5a, 0x32, 0x02, 0x05, 0x08, 0x03, 0x38, 0x03,
    0x03, 0x1c, 0x03, 0x08, 0x05, 0x02, 0x00, 0x00, 0x00, 0x04, 0x00, 0x00, 0x00, 0x00, 0x01, 0x07,
    0x01, 0x1a, 0x00, 0x08, 0x00, 0x2a, 0x00, 0x45, 0x00, 0x55, 0x00, 0x00, 0x37, 0x14, 0x06, 0x22,
    0x26, 0x34, 0x3e, 0x01, 0x16, 0x27, 0x14, 0x16, 0x32, 0x36, 0x34, 0x36, 0x32, 0x16, 0x15, 0x14,
    0x06, 0x07, 0x15, 0x06, 0x07, 0x06, 0x15, 0x14, 0x16, 0x32, 0x36, 0x34, 0x36, 0x37, 0x33, 0x36,
    0x37, 0x36, 0x35, 0x34, 0x26, 0x22, 0x06, 0x37, 0x15, 0x14, 0x06, 0x07, 0x2b, 0x01, 0x2e, 0x01,
    0x3d, 0x01, 0x3e, 0x01, 0x33, 0x32, 0x37, 0x36, 0x37, 0x36, 0x32, 0x17, 0x16, 0x17, 0x16, 0x33,
    0x32, 0x16, 0x07, 0x26, 0x27, 0x26, 0x27, 0x06, 0x07, 0x06, 0x07, 0x15, 0x14, 0x16, 0x17, 0x3e,
    0x01, 0x35, 0xa4, 0x08, 0x0c, 0x08, 0x08, 0x0c, 0x08, 0x2f, 0x06, 0x07, 0x06, 0x08, 0x0c, 0x08,
    0x04, 0x05, 0x07, 0x02, 0x05, 0x05, 0x08, 0x05, 0x04, 0x05, 0x01, 0x06, 0x03, 0x05, 0x13, 0x1c,
    0x13, 0x92, 0x37, 0x36, 0x04, 0x04, 0x36, 0x37, 0x01, 0x06, 0x05, 0x1c, 0x15, 0x19, 0x13, 0x03,
    0x0a, 0x03, 0x13, 0x19, 0x14, 0x1d, 0x05, 0x07, 0x13, 0x1b, 0x14, 0x1a, 0x15, 0x15, 0x1a, 0x14,
    0x1b, 0x2f, 0x2f, 0x2f, 0x2f, 0x62, 0x05, 0x09, 0x09, 0x0b, 0x08, 0x01, 0x09, 0x45, 0x03, 0x06,
    0x06, 0x09, 0x09, 0x09, 0x06, 0x03, 0x06, 0x05, 0x01, 0x06, 0x04, 0x08, 0x09, 0x04, 0x05, 0x05,
    0x08, 0x06, 0x05, 0x07, 0x04, 0x08, 0x08, 0x0e, 0x13, 0x13, 0x2e, 0x44, 0x36, 0x4a, 0x12, 0x12,
    0x4a, 0x36, 0x44, 0x04, 0x07, 0x06, 0x08, 0x14, 0x03, 0x03, 0x14, 0x08, 0x06, 0x07, 0x0c, 0x01,
    0x06, 0x08, 0x14, 0x14, 0x08, 0x06, 0x01, 0x3c, 0x30, 0x3f, 0x10, 0x10, 0x3f, 0x30, 0x00, 0x00,
    0x00, 0x03, 0x00, 0x00, 0x00, 0x00, 0x01, 0x07, 0x01, 0x1a, 0x00, 0x24, 0x00, 0x3f, 0x00, 0x4f,
    0x00, 0x00, 0x37, 0x17, 0x37, 0x3e, 0x01, 0x1f, 0x01, 0x1e, 0x01, 0x0f, 0x01, 0x17, 0x1e, 0x01,
    0x0f, 0x01, 0x0e, 0x01, 0x2f, 0x01, 0x07, 0x0e, 0x01, 0x2f, 0x01, 0x2e, 0x01, 0x3f, 0x01, 0x27,
    0x2e, 0x01, 0x3f, 0x01, 0x3e, 0x01, 0x17, 0x37, 0x15, 0x14, 0x06, 0x07, 0x2b, 0x01, 0x2e, 0x01,
    0x3d, 0x01, 0x3e, 0x01, 0x33, 0x32, 0x37, 0x36, 0x37, 0x36, 0x32, 0x17, 0x16, 0x17, 0x16, 0x33,
    0x32, 0x16, 0x07, 0x26, 0x27, 0x26, 0x27, 0x06, 0x07, 0x06, 0x07, 0x15, 0x14, 0x16, 0x17, 0x3e,
    0x01, 0x35, 0x81, 0x15, 0x16, 0x02, 0x07, 0x02, 0x02, 0x02, 0x01, 0x02, 0x17, 0x16, 0x02, 0x01,
    0x02, 0x01, 0x03, 0x06, 0x03, 0x17, 0x15, 0x03, 0x07, 0x02, 0x02, 0x02, 0x01, 0x02, 0x17, 0x16,
    0x02, 0x01, 0x02, 0x01, 0x03, 0x06, 0x03, 0x88, 0x37, 0x36, 0x04, 0x04, 0x36, 0x37, 0x01, 0x06,
    0x05, 0x1c, 0x15, 0x19, 0x13, 0x03, 0x0a, 0x03, 0x13, 0x19, 0x14, 0x1d, 0x05, 0x07, 0x13, 0x1b,
    0x14, 0x1a, 0x15, 0x15, 0x1a, 0x14, 0x1b, 0x2f, 0x2f, 0x2f, 0x2f, 0xb9, 0x16, 0x16, 0x02, 0x01,
    0x02, 0x01, 0x03, 0x06, 0x03, 0x17, 0x15, 0x03, 0x07, 0x02, 0x02, 0x02, 0x01, 0x02, 0x17, 0x16,
    0x02, 0x01, 0x02, 0x01, 0x03, 0x06, 0x03, 0x17, 0x16, 0x02, 0x07, 0x02, 0x02, 0x02, 0x01, 0x02,
    0x2f, 0x44, 0x36, 0x4a, 0x12, 0x12, 0x4a, 0x36, 0x44, 0x04, 0x07, 0x06, 0x08, 0x14, 0x03, 0x03,
    0x14, 0x08, 0x06, 0x07, 0x0c, 0x01, 0x06, 0x08, 0x14, 0x14, 0x08, 0x06, 0x01, 0x3c, 0x30, 0x3f,
    0x10, 0x10, 0x3f, 0x30, 0x00, 0x01, 0xff, 0xff, 0x00, 0x00, 0x01, 0x2d, 0x01, 0x0f, 0x00, 0x3c,
    0x00, 0x00, 0x25, 0x26, 0x22, 0x06, 0x14, 0x1f, 0x01, 0x23, 0x22, 0x26, 0x3d, 0x01, 0x34, 0x36,
    0x3b, 0x01, 0x07, 0x06, 0x14, 0x16, 0x32, 0x3f, 0x01, 0x36, 0x34, 0x2f, 0x01, 0x26, 0x22, 0x06,
    0x14, 0x1f, 0x01, 0x23, 0x22, 0x06, 0x1d, 0x01, 0x23, 0x22, 0x06, 0x14, 0x16, 0x3b, 0x01, 0x15,
    0x14, 0x16, 0x3b, 0x01, 0x07, 0x06, 0x14, 0x16, 0x32, 0x3f, 0x01, 0x36, 0x34, 0x2f, 0x01, 0x01,
    0x0a, 0x05, 0x0c, 0x09, 0x04, 0x05, 0x4c, 0x0a, 0x0d, 0x0d, 0x0a, 0x4c, 0x05, 0x04, 0x09, 0x0c,
    0x05, 0x1e, 0x04, 0x04, 0x1e, 0x05, 0x0c, 0x09, 0x04, 0x05, 0x4c, 0x16, 0x1f, 0x69, 0x06, 0x09,
    0x09, 0x06, 0x69, 0x1f, 0x16, 0x4c, 0x05, 0x04, 0x09, 0x0c, 0x05, 0x1e, 0x04, 0x04, 0x1e, 0x56,
    0x04, 0x09, 0x0c, 0x05, 0x04, 0x0d, 0x0a, 0x69, 0x09, 0x0d, 0x04, 0x05, 0x0c, 0x09, 0x04, 0x1e,
    0x05, 0x0c, 0x05, 0x1e, 0x04, 0x09, 0x0c, 0x05, 0x04, 0x1f, 0x15, 0x26, 0x09, 0x0c, 0x09, 0x25,
    0x16, 0x1f, 0x04, 0x05, 0x0c, 0x09, 0x04, 0x1e, 0x05, 0x0c, 0x05, 0x1e, 0x00, 0x01, 0x00, 0x00,
    0x00, 0x00, 0x01, 0x1a, 0x01, 0x07, 0x00, 0x3b, 0x00, 0x00, 0x3f, 0x01, 0x36, 0x34, 0x2f, 0x01,
    0x26, 0x22, 0x06, 0x14, 0x1f, 0x01, 0x23, 0x22, 0x26, 0x3d, 0x01, 0x34, 0x36, 0x3b, 0x01, 0x07,
    0x06, 0x14, 0x16, 0x32, 0x3f, 0x01, 0x36, 0x34, 0x2f, 0x01, 0x26, 0x22, 0x06, 0x14, 0x1f, 0x01,
    0x23, 0x22, 0x06, 0x1d, 0x01, 0x23, 0x22, 0x06, 0x14, 0x16, 0x3b, 0x01, 0x15, 0x14, 0x16, 0x3b,
    0x01, 0x07, 0x06, 0x14, 0x16, 0x32, 0xf1, 0x26, 0x02, 0x02, 0x26, 0x03, 0x08, 0x05, 0x03, 0x15,
    0x5a, 0x03, 0x06, 0x06, 0x03, 0x5a, 0x15, 0x03, 0x05, 0x08, 0x03, 0x26, 0x02, 0x02, 0x26, 0x03,
    0x08, 0x05, 0x03, 0x15, 0x5a, 0x0b, 0x11, 0x67, 0x04, 0x05, 0x05, 0x04, 0x67, 0x11, 0x0b, 0x5a,
    0x15, 0x03, 0x05, 0x08, 0x15, 0x26, 0x03, 0x07, 0x03, 0x26, 0x02, 0x05, 0x08, 0x03, 0x15, 0x06,
    0x03, 0x71, 0x04, 0x05, 0x15, 0x03, 0x08, 0x05, 0x02, 0x26, 0x03, 0x07, 0x03, 0x26, 0x02, 0x05,
    0x08, 0x03, 0x15, 0x10, 0x0c, 0x2f, 0x05, 0x08, 0x06, 0x2f, 0x0b, 0x11, 0x15, 0x03, 0x08, 0x05,
    0x00, 0x03, 0x00, 0x00, 0x00, 0x00, 0x01, 0x07, 0x01, 0x1a, 0x00, 0x1c, 0x00, 0x34, 0x00, 0x42,
    0x00, 0x00, 0x37, 0x32, 0x16, 0x1d, 0x01, 0x33, 0x32, 0x16, 0x14, 0x06, 0x2b, 0x01, 0x15, 0x14,
    0x06, 0x22, 0x26, 0x3d, 0x01, 0x23, 0x22, 0x26, 0x34, 0x36, 0x3b, 0x01, 0x35, 0x34, 0x36, 0x37,
    0x32, 0x1e, 0x01, 0x15, 0x14, 0x06, 0x07, 0x17, 0x16, 0x14, 0x06, 0x22, 0x2f, 0x01, 0x0e, 0x01,
    0x23, 0x22, 0x2e, 0x01, 0x34, 0x3e, 0x01, 0x17, 0x22, 0x0e, 0x01, 0x1e, 0x02, 0x32, 0x3e, 0x01,
    0x34, 0x2e, 0x01, 0x23, 0x7a, 0x04, 0x05, 0x1c, 0x04, 0x06, 0x06, 0x04, 0x1c, 0x05, 0x08, 0x06,
    0x1c, 0x04, 0x05, 0x05, 0x04, 0x1d, 0x05, 0x04, 0x1c, 0x2f, 0x1c, 0x0c, 0x0c, 0x3b, 0x02, 0x05,
    0x08, 0x03, 0x3a, 0x0e, 0x22, 0x12, 0x1c, 0x30, 0x1b, 0x1b, 0x30, 0x1c, 0x17, 0x27, 0x17, 0x01,
    0x16, 0x27, 0x2e, 0x27, 0x16, 0x16, 0x27, 0x17, 0xe1, 0x05, 0x04, 0x1c, 0x06, 0x08, 0x05, 0x1c,
    0x04, 0x06, 0x06, 0x04, 0x1c, 0x05, 0x08, 0x06, 0x1c, 0x04, 0x05, 0x38, 0x1b, 0x30, 0x1c, 0x12,
    0x22, 0x0e, 0x3a, 0x03, 0x08, 0x05, 0x02, 0x3b, 0x0c, 0x0c, 0x1c, 0x2f, 0x38, 0x30, 0x1b, 0x12,
    0x17, 0x27, 0x2e, 0x27, 0x16, 0x16, 0x27, 0x2e, 0x27, 0x16, 0x00, 0x00, 0x00, 0x03, 0x00, 0x00,
    0x00, 0x00, 0x01, 0x07, 0x01, 0x1a, 0x00, 0x0b, 0x00, 0x23, 0x00, 0x31, 0x00, 0x00, 0x37, 0x32,
    0x16, 0x14, 0x06, 0x2b, 0x01, 0x22, 0x26, 0x34, 0x36, 0x33, 0x37, 0x32, 0x1e, 0x01, 0x15, 0x14,
    0x06, 0x07, 0x17, 0x16, 0x14, 0x06, 0x22, 0x2f, 0x01, 0x0e, 0x01, 0x23, 0x22, 0x2e, 0x01, 0x34,
    0x3e, 0x01, 0x17, 0x22, 0x0e, 0x01, 0x1e, 0x02, 0x32, 0x3e, 0x01, 0x34, 0x2e, 0x01, 0x23, 0x9f,
    0x04, 0x06, 0x06, 0x04, 0x4b, 0x04, 0x05, 0x05, 0x04, 0x26, 0x1c, 0x2f, 0x1c, 0x0c, 0x0c, 0x3b,
    0x02, 0x05, 0x08, 0x03, 0x3a, 0x0e, 0x22, 0x12, 0x1c, 0x30, 0x1b, 0x1b, 0x30, 0x1c, 0x17, 0x27,
    0x17, 0x01, 0x16, 0x27, 0x2e, 0x27, 0x16, 0x16, 0x27, 0x17, 0xbc, 0x06, 0x08, 0x05, 0x05, 0x08,
    0x06, 0x5d, 0x1b, 0x30, 0x1c, 0x12, 0x22, 0x0e, 0x3a, 0x03, 0x08, 0x05, 0x02, 0x3b, 0x0c, 0x0c,
    0x1c, 0x2f, 0x38, 0x30, 0x1b, 0x12, 0x17, 0x27, 0x2e, 0x27, 0x16, 0x16, 0x27, 0x2e, 0x27, 0x16,
    0x00, 0x00, 0x00, 0x10, 0x00, 0xc6, 0x00, 0x01, 0x00, 0x00, 0x00, 0x00, 0x00, 0x01, 0x00, 0x07,
    0x00, 0x00, 0x00, 0x01, 0x00, 0x00, 0x00, 0x00, 0x00, 0x02, 0x00, 0x07, 0x00, 0x07, 0x00, 0x01,
    0x00, 0x00, 0x00, 0x00, 0x00, 0x03, 0x00, 0x07, 0x00, 0x0e, 0x00, 0x01, 0x00, 0x00, 0x00, 0x00,
    0x00, 0x04, 0x00, 0x07, 0x00, 0x15, 0x00, 0x01, 0x00, 0x00, 0x00, 0x00, 0x00, 0x05, 0x00, 0x0c,
    0x00, 0x1c, 0x00, 0x01, 0x00, 0x00, 0x00, 0x00, 0x00, 0x06, 0x00, 0x07, 0x00, 0x28, 0x00, 0x01,
    0x00, 0x00, 0x00, 0x00, 0x00, 0x0a, 0x00, 0x24, 0x00, 0x2f, 0x00, 0x01, 0x00, 0x00, 0x00, 0x00,
    0x00, 0x0b, 0x00, 0x13, 0x00, 0x53, 0x00, 0x03, 0x00, 0x01, 0x04, 0x09, 0x00, 0x01, 0x00, 0x0e,
    0x00, 0x66, 0x00, 0x03, 0x00, 0x01, 0x04, 0x09, 0x00, 0x02, 0x00, 0x0e, 0x00, 0x74, 0x00, 0x03,
    0x00, 0x01, 0x04, 0x09, 0x00, 0x03, 0x00, 0x0e, 0x00, 0x82, 0x00, 0x03, 0x00, 0x01, 0x04, 0x09,
    0x00, 0x04, 0x00, 0x0e, 0x00, 0x90, 0x00, 0x03, 0x00, 0x01, 0x04, 0x09, 0x00, 0x05, 0x00, 0x18,
    0x00, 0x9e, 0x00, 0x03, 0x00, 0x01, 0x04, 0x09, 0x00, 0x06, 0x00, 0x0e, 0x00, 0xb6, 0x00, 0x03,
    0x00, 0x01, 0x04, 0x09, 0x00, 0x0a, 0x00, 0x48, 0x00, 0xc4, 0x00, 0x03, 0x00, 0x01, 0x04, 0x09,
    0x00, 0x0b, 0x00, 0x26, 0x01, 0x0c, 0x63, 0x6f, 0x64, 0x69, 0x63, 0x6f, 0x6e, 0x52, 0x65, 0x67,
    0x75, 0x6c, 0x61, 0x72, 0x63, 0x6f, 0x64, 0x69, 0x63, 0x6f, 0x6e, 0x63, 0x6f, 0x64, 0x69, 0x63,
    0x6f, 0x6e, 0x56, 0x65, 0x72, 0x73, 0x69, 0x6f, 0x6e, 0x20, 0x31, 0x2e, 0x31, 0x35, 0x63, 0x6f,
    0x64, 0x69, 0x63, 0x6f, 0x6e, 0x54, 0x68, 0x65, 0x20, 0x69, 0x63, 0x6f, 0x6e, 0x20, 0x66, 0x6f,
    0x6e, 0x74, 0x20, 0x66, 0x6f, 0x72, 0x20, 0x56, 0x69, 0x73, 0x75, 0x61, 0x6c, 0x20, 0x53, 0x74,
    0x75, 0x64, 0x69, 0x6f, 0x20, 0x43, 0x6f, 0x64, 0x65, 0x68, 0x74, 0x74, 0x70, 0x3a, 0x2f, 0x2f,
    0x66, 0x6f, 0x6e, 0x74, 0x65, 0x6c, 0x6c, 0x6f, 0x2e, 0x63, 0x6f, 0x6d, 0x00, 0x63, 0x00, 0x6f,
    0x00, 0x64, 0x00, 0x69, 0x00, 0x63, 0x00, 0x6f, 0x00, 0x6e, 0x00, 0x52, 0x00, 0x65, 0x00, 0x67,
    0x00, 0x75, 0x00, 0x6c, 0x00, 0x61, 0x00, 0x72, 0x00, 0x63, 0x00, 0x6f, 0x00, 0x64, 0x00, 0x69,
    0x00, 0x63, 0x00, 0x6f, 0x00, 0x6e, 0x00, 0x63, 0x00, 0x6f, 0x00, 0x64, 0x00, 0x69, 0x00, 0x63,
    0x00, 0x6f, 0x00, 0x6e, 0x00, 0x56, 0x00, 0x65, 0x00, 0x72, 0x00, 0x73, 0x00, 0x69, 0x00, 0x6f,
    0x00, 0x6e, 0x00, 0x20, 0x00, 0x31, 0x00, 0x2e, 0x00, 0x31, 0x00, 0x35, 0x00, 0x63, 0x00, 0x6f,
    0x00, 0x64, 0x00, 0x69, 0x00, 0x63, 0x00, 0x6f, 0x00, 0x6e, 0x00, 0x54, 0x00, 0x68, 0x00, 0x65,
    0x00, 0x20, 0x00, 0x69, 0x00, 0x63, 0x00, 0x6f, 0x00, 0x6e, 0x00, 0x20, 0x00, 0x66, 0x00, 0x6f,
    0x00, 0x6e, 0x00, 0x74, 0x00, 0x20, 0x00, 0x66, 0x00, 0x6f, 0x00, 0x72, 0x00, 0x20, 0x00, 0x56,
    0x00, 0x69, 0x00, 0x73, 0x00, 0x75, 0x00, 0x61, 0x00, 0x6c, 0x00, 0x20, 0x00, 0x53, 0x00, 0x74,
    0x00, 0x75, 0x00, 0x64, 0x00, 0x69, 0x00, 0x6f, 0x00, 0x20, 0x00, 0x43, 0x00, 0x6f, 0x00, 0x64,
    0x00, 0x65, 0x00, 0x68, 0x00, 0x74, 0x00, 0x74, 0x00, 0x70, 0x00, 0x3a, 0x00, 0x2f, 0x00, 0x2f,
    0x00, 0x66, 0x00, 0x6f, 0x00, 0x6e, 0x00, 0x74, 0x00, 0x65, 0x00, 0x6c, 0x00, 0x6c, 0x00, 0x6f,
    0x00, 0x2e, 0x00, 0x63, 0x00, 0x6f, 0x00, 0x6d, 0x00, 0x02, 0x00, 0x00, 0x00, 0x00, 0x00, 0x00,
    0x00, 0x03, 0x00, 0x00, 0x00, 0x00, 0x00, 0x00, 0x00, 0x00, 0x00, 0x00, 0x00, 0x00, 0x00, 0x00,
    0x00, 0x00, 0x00, 0x00, 0x00, 0x00, 0x00, 0x00, 0x02, 0x18, 0x01, 0x02, 0x01, 0x03, 0x01, 0x04,
    0x01, 0x05, 0x01, 0x06, 0x01, 0x07, 0x01, 0x08, 0x01, 0x09, 0x01, 0x0a, 0x01, 0x0b, 0x01, 0x0c,
    0x01, 0x0d, 0x01, 0x0e, 0x01, 0x0f, 0x01, 0x10, 0x01, 0x11, 0x01, 0x12, 0x01, 0x13, 0x01, 0x14,
    0x01, 0x15, 0x01, 0x16, 0x01, 0x17, 0x01, 0x18, 0x01, 0x19, 0x01, 0x1a, 0x01, 0x1b, 0x01, 0x1c,
    0x01, 0x1d, 0x01, 0x1e, 0x01, 0x1f, 0x01, 0x20, 0x01, 0x21, 0x01, 0x22, 0x01, 0x23, 0x01, 0x24,
    0x01, 0x25, 0x01, 0x26, 0x01, 0x27, 0x01, 0x28, 0x01, 0x29, 0x01, 0x2a, 0x01, 0x2b, 0x01, 0x2c,
    0x01, 0x2d, 0x01, 0x2e, 0x01, 0x2f, 0x01, 0x30, 0x01, 0x31, 0x01, 0x32, 0x01, 0x33, 0x01, 0x34,
    0x01, 0x35, 0x01, 0x36, 0x01, 0x37, 0x01, 0x38, 0x01, 0x39, 0x01, 0x3a, 0x01, 0x3b, 0x01, 0x3c,
    0x01, 0x3d, 0x01, 0x3e, 0x01, 0x3f, 0x01, 0x40, 0x01, 0x41, 0x01, 0x42, 0x01, 0x43, 0x01, 0x44,
    0x01, 0x45, 0x01, 0x46, 0x01, 0x47, 0x01, 0x48, 0x01, 0x49, 0x01, 0x4a, 0x01, 0x4b, 0x01, 0x4c,
    0x01, 0x4d, 0x01, 0x4e, 0x01, 0x4f, 0x01, 0x50, 0x01, 0x51, 0x01, 0x52, 0x01, 0x53, 0x01, 0x54,
    0x01, 0x55, 0x01, 0x56, 0x01, 0x57, 0x01, 0x58, 0x01, 0x59, 0x01, 0x5a, 0x01, 0x5b, 0x01, 0x5c,
    0x01, 0x5d, 0x01, 0x5e, 0x01, 0x5f, 0x01, 0x60, 0x01, 0x61, 0x01, 0x62, 0x01, 0x63, 0x01, 0x64,
    0x01, 0x65, 0x01, 0x66, 0x01, 0x67, 0x01, 0x68, 0x01, 0x69, 0x01, 0x6a, 0x01, 0x6b, 0x01, 0x6c,
    0x01, 0x6d, 0x01, 0x6e, 0x01, 0x6f, 0x01, 0x70, 0x01, 0x71, 0x01, 0x72, 0x01, 0x73, 0x01, 0x74,
    0x01, 0x75, 0x01, 0x76, 0x01, 0x77, 0x01, 0x78, 0x01, 0x79, 0x01, 0x7a, 0x01, 0x7b, 0x01, 0x7c,
    0x01, 0x7d, 0x01, 0x7e, 0x01, 0x7f, 0x01, 0x80, 0x01, 0x81, 0x01, 0x82, 0x01, 0x83, 0x01, 0x84,
    0x01, 0x85, 0x01, 0x86, 0x01, 0x87, 0x01, 0x88, 0x01, 0x89, 0x01, 0x8a, 0x01, 0x8b, 0x01, 0x8c,
    0x01, 0x8d, 0x01, 0x8e, 0x01, 0x8f, 0x01, 0x90, 0x01, 0x91, 0x01, 0x92, 0x01, 0x93, 0x01, 0x94,
    0x01, 0x95, 0x01, 0x96, 0x01, 0x97, 0x01, 0x98, 0x01, 0x99, 0x01, 0x9a, 0x01, 0x9b, 0x01, 0x9c,
    0x01, 0x9d, 0x01, 0x9e, 0x01, 0x9f, 0x01, 0xa0, 0x01, 0xa1, 0x01, 0xa2, 0x01, 0xa3, 0x01, 0xa4,
    0x01, 0xa5, 0x01, 0xa6, 0x01, 0xa7, 0x01, 0xa8, 0x01, 0xa9, 0x01, 0xaa, 0x01, 0xab, 0x01, 0xac,
    0x01, 0xad, 0x01, 0xae, 0x01, 0xaf, 0x01, 0xb0, 0x01, 0xb1, 0x01, 0xb2, 0x01, 0xb3, 0x01, 0xb4,
    0x01, 0xb5, 0x01, 0xb6, 0x01, 0xb7, 0x01, 0xb8, 0x01, 0xb9, 0x01, 0xba, 0x01, 0xbb, 0x01, 0xbc,
    0x01, 0xbd, 0x01, 0xbe, 0x01, 0xbf, 0x01, 0xc0, 0x01, 0xc1, 0x01, 0xc2, 0x01, 0xc3, 0x01, 0xc4,
    0x01, 0xc5, 0x01, 0xc6, 0x01, 0xc7, 0x01, 0xc8, 0x01, 0xc9, 0x01, 0xca, 0x01, 0xcb, 0x01, 0xcc,
    0x01, 0xcd, 0x01, 0xce, 0x01, 0xcf, 0x01, 0xd0, 0x01, 0xd1, 0x01, 0xd2, 0x01, 0xd3, 0x01, 0xd4,
    0x01, 0xd5, 0x01, 0xd6, 0x01, 0xd7, 0x01, 0xd8, 0x01, 0xd9, 0x01, 0xda, 0x01, 0xdb, 0x01, 0xdc,
    0x01, 0xdd, 0x01, 0xde, 0x01, 0xdf, 0x01, 0xe0, 0x01, 0xe1, 0x01, 0xe2, 0x01, 0xe3, 0x01, 0xe4,
    0x01, 0xe5, 0x01, 0xe6, 0x01, 0xe7, 0x01, 0xe8, 0x01, 0xe9, 0x01, 0xea, 0x01, 0xeb, 0x01, 0xec,
    0x01, 0xed, 0x01, 0xee, 0x01, 0xef, 0x01, 0xf0, 0x01, 0xf1, 0x01, 0xf2, 0x01, 0xf3, 0x01, 0xf4,
    0x01, 0xf5, 0x01, 0xf6, 0x01, 0xf7, 0x01, 0xf8, 0x01, 0xf9, 0x01, 0xfa, 0x01, 0xfb, 0x01, 0xfc,
    0x01, 0xfd, 0x01, 0xfe, 0x01, 0xff, 0x02, 0x00, 0x02, 0x01, 0x02, 0x02, 0x02, 0x03, 0x02, 0x04,
    0x02, 0x05, 0x02, 0x06, 0x02, 0x07, 0x02, 0x08, 0x02, 0x09, 0x02, 0x0a, 0x02, 0x0b, 0x02, 0x0c,
    0x02, 0x0d, 0x02, 0x0e, 0x02, 0x0f, 0x02, 0x10, 0x02, 0x11, 0x02, 0x12, 0x02, 0x13, 0x02, 0x14,
    0x02, 0x15, 0x02, 0x16, 0x02, 0x17, 0x02, 0x18, 0x02, 0x19, 0x02, 0x1a, 0x02, 0x1b, 0x02, 0x1c,
    0x02, 0x1d, 0x02, 0x1e, 0x02, 0x1f, 0x02, 0x20, 0x02, 0x21, 0x02, 0x22, 0x02, 0x23, 0x02, 0x24,
    0x02, 0x25, 0x02, 0x26, 0x02, 0x27, 0x02, 0x28, 0x02, 0x29, 0x02, 0x2a, 0x02, 0x2b, 0x02, 0x2c,
    0x02, 0x2d, 0x02, 0x2e, 0x02, 0x2f, 0x02, 0x30, 0x02, 0x31, 0x02, 0x32, 0x02, 0x33, 0x02, 0x34,
    0x02, 0x35, 0x02, 0x36, 0x02, 0x37, 0x02, 0x38, 0x02, 0x39, 0x02, 0x3a, 0x02, 0x3b, 0x02, 0x3c,
    0x02, 0x3d, 0x02, 0x3e, 0x02, 0x3f, 0x02, 0x40, 0x02, 0x41, 0x02, 0x42, 0x02, 0x43, 0x02, 0x44,
    0x02, 0x45, 0x02, 0x46, 0x02, 0x47, 0x02, 0x48, 0x02, 0x49, 0x02, 0x4a, 0x02, 0x4b, 0x02, 0x4c,
    0x02, 0x4d, 0x02, 0x4e, 0x02, 0x4f, 0x02, 0x50, 0x02, 0x51, 0x02, 0x52, 0x02, 0x53, 0x02, 0x54,
    0x02, 0x55, 0x02, 0x56, 0x02, 0x57, 0x02, 0x58, 0x02, 0x59, 0x02, 0x5a, 0x02, 0x5b, 0x02, 0x5c,
    0x02, 0x5d, 0x02, 0x5e, 0x02, 0x5f, 0x02, 0x60, 0x02, 0x61, 0x02, 0x62, 0x02, 0x63, 0x02, 0x64,
    0x02, 0x65, 0x02, 0x66, 0x02, 0x67, 0x02, 0x68, 0x02, 0x69, 0x02, 0x6a, 0x02, 0x6b, 0x02, 0x6c,
    0x02, 0x6d, 0x02, 0x6e, 0x02, 0x6f, 0x02, 0x70, 0x02, 0x71, 0x02, 0x72, 0x02, 0x73, 0x02, 0x74,
    0x02, 0x75, 0x02, 0x76, 0x02, 0x77, 0x02, 0x78, 0x02, 0x79, 0x02, 0x7a, 0x02, 0x7b, 0x02, 0x7c,
    0x02, 0x7d, 0x02, 0x7e, 0x02, 0x7f, 0x02, 0x80, 0x02, 0x81, 0x02, 0x82, 0x02, 0x83, 0x02, 0x84,
    0x02, 0x85, 0x02, 0x86, 0x02, 0x87, 0x02, 0x88, 0x02, 0x89, 0x02, 0x8a, 0x02, 0x8b, 0x02, 0x8c,
    0x02, 0x8d, 0x02, 0x8e, 0x02, 0x8f, 0x02, 0x90, 0x02, 0x91, 0x02, 0x92, 0x02, 0x93, 0x02, 0x94,
    0x02, 0x95, 0x02, 0x96, 0x02, 0x97, 0x02, 0x98, 0x02, 0x99, 0x02, 0x9a, 0x02, 0x9b, 0x02, 0x9c,
    0x02, 0x9d, 0x02, 0x9e, 0x02, 0x9f, 0x02, 0xa0, 0x02, 0xa1, 0x02, 0xa2, 0x02, 0xa3, 0x02, 0xa4,
    0x02, 0xa5, 0x02, 0xa6, 0x02, 0xa7, 0x02, 0xa8, 0x02, 0xa9, 0x02, 0xaa, 0x02, 0xab, 0x02, 0xac,
    0x02, 0xad, 0x02, 0xae, 0x02, 0xaf, 0x02, 0xb0, 0x02, 0xb1, 0x02, 0xb2, 0x02, 0xb3, 0x02, 0xb4,
    0x02, 0xb5, 0x02, 0xb6, 0x02, 0xb7, 0x02, 0xb8, 0x02, 0xb9, 0x02, 0xba, 0x02, 0xbb, 0x02, 0xbc,
    0x02, 0xbd, 0x02, 0xbe, 0x02, 0xbf, 0x02, 0xc0, 0x02, 0xc1, 0x02, 0xc2, 0x02, 0xc3, 0x02, 0xc4,
    0x02, 0xc5, 0x02, 0xc6, 0x02, 0xc7, 0x02, 0xc8, 0x02, 0xc9, 0x02, 0xca, 0x02, 0xcb, 0x02, 0xcc,
    0x02, 0xcd, 0x02, 0xce, 0x02, 0xcf, 0x02, 0xd0, 0x02, 0xd1, 0x02, 0xd2, 0x02, 0xd3, 0x02, 0xd4,
    0x02, 0xd5, 0x02, 0xd6, 0x02, 0xd7, 0x02, 0xd8, 0x02, 0xd9, 0x02, 0xda, 0x02, 0xdb, 0x02, 0xdc,
    0x02, 0xdd, 0x02, 0xde, 0x02, 0xdf, 0x02, 0xe0, 0x02, 0xe1, 0x02, 0xe2, 0x02, 0xe3, 0x02, 0xe4,
    0x02, 0xe5, 0x02, 0xe6, 0x02, 0xe7, 0x02, 0xe8, 0x02, 0xe9, 0x02, 0xea, 0x02, 0xeb, 0x02, 0xec,
    0x02, 0xed, 0x02, 0xee, 0x02, 0xef, 0x02, 0xf0, 0x02, 0xf1, 0x02, 0xf2, 0x02, 0xf3, 0x02, 0xf4,
    0x02, 0xf5, 0x02, 0xf6, 0x02, 0xf7, 0x02, 0xf8, 0x02, 0xf9, 0x02, 0xfa, 0x02, 0xfb, 0x02, 0xfc,
    0x02, 0xfd, 0x02, 0xfe, 0x02, 0xff, 0x03, 0x00, 0x03, 0x01, 0x03, 0x02, 0x03, 0x03, 0x03, 0x04,
    0x03, 0x05, 0x03, 0x06, 0x03, 0x07, 0x03, 0x08, 0x03, 0x09, 0x03, 0x0a, 0x03, 0x0b, 0x03, 0x0c,
    0x03, 0x0d, 0x03, 0x0e, 0x03, 0x0f, 0x03, 0x10, 0x03, 0x11, 0x03, 0x12, 0x03, 0x13, 0x03, 0x14,
    0x03, 0x15, 0x03, 0x16, 0x03, 0x17, 0x03, 0x18, 0x03, 0x19, 0x00, 0x07, 0x61, 0x63, 0x63, 0x6f,
    0x75, 0x6e, 0x74, 0x14, 0x61, 0x63, 0x74, 0x69, 0x76, 0x61, 0x74, 0x65, 0x2d, 0x62, 0x72, 0x65,
    0x61, 0x6b, 0x70, 0x6f, 0x69, 0x6e, 0x74, 0x73, 0x09, 0x61, 0x64, 0x64, 0x2d, 0x73, 0x6d, 0x61,
    0x6c, 0x6c, 0x03, 0x61, 0x64, 0x64, 0x05, 0x61, 0x67, 0x65, 0x6e, 0x74, 0x07, 0x61, 0x72, 0x63,
    0x68, 0x69, 0x76, 0x65, 0x0a, 0x61, 0x72, 0x72, 0x6f, 0x77, 0x2d, 0x62, 0x6f, 0x74, 0x68, 0x11,
    0x61, 0x72, 0x72, 0x6f, 0x77, 0x2d, 0x63, 0x69, 0x72, 0x63, 0x6c, 0x65, 0x2d, 0x64, 0x6f, 0x77,
    0x6e, 0x11, 0x61, 0x72, 0x72, 0x6f, 0x77, 0x2d, 0x63, 0x69, 0x72, 0x63, 0x6c, 0x65, 0x2d, 0x6c,
    0x65, 0x66, 0x74, 0x12, 0x61, 0x72, 0x72, 0x6f, 0x77, 0x2d, 0x63, 0x69, 0x72, 0x63, 0x6c, 0x65,
    0x2d, 0x72, 0x69, 0x67, 0x68, 0x74, 0x0f, 0x61, 0x72, 0x72, 0x6f, 0x77, 0x2d, 0x63, 0x69, 0x72,
    0x63, 0x6c, 0x65, 0x2d, 0x75, 0x70, 0x0a, 0x61, 0x72, 0x72, 0x6f, 0x77, 0x2d, 0x64, 0x6f, 0x77,
    0x6e, 0x0a, 0x61, 0x72, 0x72, 0x6f, 0x77, 0x2d, 0x6c, 0x65, 0x66, 0x74, 0x0b, 0x61, 0x72, 0x72,
    0x6f, 0x77, 0x2d, 0x72, 0x69, 0x67, 0x68, 0x74, 0x10, 0x61, 0x72, 0x72, 0x6f, 0x77, 0x2d, 0x73,
    0x6d, 0x61, 0x6c, 0x6c, 0x2d, 0x64, 0x6f, 0x77, 0x6e, 0x10, 0x61, 0x72, 0x72, 0x6f, 0x77, 0x2d,
    0x73, 0x6d, 0x61, 0x6c, 0x6c, 0x2d, 0x6c, 0x65, 0x66, 0x74, 0x11, 0x61, 0x72, 0x72, 0x6f, 0x77,
    0x2d, 0x73, 0x6d, 0x61, 0x6c, 0x6c, 0x2d, 0x72, 0x69, 0x67, 0x68, 0x74, 0x0e, 0x61, 0x72, 0x72,
    0x6f, 0x77, 0x2d, 0x73, 0x6d, 0x61, 0x6c, 0x6c, 0x2d, 0x75, 0x70, 0x0a, 0x61, 0x72, 0x72, 0x6f,
    0x77, 0x2d, 0x73, 0x77, 0x61, 0x70, 0x08, 0x61, 0x72, 0x72, 0x6f, 0x77, 0x2d, 0x75, 0x70, 0x03,
    0x61, 0x73, 0x6b, 0x06, 0x61, 0x74, 0x74, 0x61, 0x63, 0x68, 0x0c, 0x61, 0x7a, 0x75, 0x72, 0x65,
    0x2d, 0x64, 0x65, 0x76, 0x6f, 0x70, 0x73, 0x05, 0x61, 0x7a, 0x75, 0x72, 0x65, 0x0b, 0x62, 0x65,
    0x61, 0x6b, 0x65, 0x72, 0x2d, 0x73, 0x74, 0x6f, 0x70, 0x06, 0x62, 0x65, 0x61, 0x6b, 0x65, 0x72,
    0x08, 0x62, 0x65, 0x6c, 0x6c, 0x2d, 0x64, 0x6f, 0x74, 0x0e, 0x62, 0x65, 0x6c, 0x6c, 0x2d, 0x73,
    0x6c, 0x61, 0x73, 0x68, 0x2d, 0x64, 0x6f, 0x74, 0x0a, 0x62, 0x65, 0x6c, 0x6c, 0x2d, 0x73, 0x6c,
    0x61, 0x73, 0x68, 0x04, 0x62, 0x65, 0x6c, 0x6c, 0x05, 0x62, 0x6c, 0x61, 0x6e, 0x6b, 0x04, 0x62,
    0x6f, 0x6c, 0x64, 0x04, 0x62, 0x6f, 0x6f, 0x6b, 0x08, 0x62, 0x6f, 0x6f, 0x6b, 0x6d, 0x61, 0x72,
    0x6b, 0x0b, 0x62, 0x72, 0x61, 0x63, 0x6b, 0x65, 0x74, 0x2d, 0x64, 0x6f, 0x74, 0x0d, 0x62, 0x72,
    0x61, 0x63, 0x6b, 0x65, 0x74, 0x2d, 0x65, 0x72, 0x72, 0x6f, 0x72, 0x09, 0x62, 0x72, 0x69, 0x65,
    0x66, 0x63, 0x61, 0x73, 0x65, 0x09, 0x62, 0x72, 0x6f, 0x61, 0x64, 0x63, 0x61, 0x73, 0x74, 0x07,
    0x62, 0x72, 0x6f, 0x77, 0x73, 0x65, 0x72, 0x03, 0x62, 0x75, 0x67, 0x05, 0x62, 0x75, 0x69, 0x6c,
    0x64, 0x08, 0x63, 0x61, 0x6c, 0x65, 0x6e, 0x64, 0x61, 0x72, 0x0d, 0x63, 0x61, 0x6c, 0x6c, 0x2d,
    0x69, 0x6e, 0x63, 0x6f, 0x6d, 0x69, 0x6e, 0x67, 0x0d, 0x63, 0x61, 0x6c, 0x6c, 0x2d, 0x6f, 0x75,
    0x74, 0x67, 0x6f, 0x69, 0x6e, 0x67, 0x0e, 0x63, 0x61, 0x73, 0x65, 0x2d, 0x73, 0x65, 0x6e, 0x73,
    0x69, 0x74, 0x69, 0x76, 0x65, 0x12, 0x63, 0x68, 0x61, 0x74, 0x2d, 0x73, 0x70, 0x61, 0x72, 0x6b,
    0x6c, 0x65, 0x2d, 0x65, 0x72, 0x72, 0x6f, 0x72, 0x14, 0x63, 0x68, 0x61, 0x74, 0x2d, 0x73, 0x70,
    0x61, 0x72, 0x6b, 0x6c, 0x65, 0x2d, 0x77, 0x61, 0x72, 0x6e, 0x69, 0x6e, 0x67, 0x0c, 0x63, 0x68,
    0x61, 0x74, 0x2d, 0x73, 0x70, 0x61, 0x72, 0x6b, 0x6c, 0x65, 0x09, 0x63, 0x68, 0x65, 0x63, 0x6b,
    0x2d, 0x61, 0x6c, 0x6c, 0x05, 0x63, 0x68, 0x65, 0x63, 0x6b, 0x09, 0x63, 0x68, 0x65, 0x63, 0x6b,
    0x6c, 0x69, 0x73, 0x74, 0x0c, 0x63, 0x68, 0x65, 0x76, 0x72, 0x6f, 0x6e, 0x2d, 0x64, 0x6f, 0x77,
    0x6e, 0x0c, 0x63, 0x68, 0x65, 0x76, 0x72, 0x6f, 0x6e, 0x2d, 0x6c, 0x65, 0x66, 0x74, 0x0d, 0x63,
    0x68, 0x65, 0x76, 0x72, 0x6f, 0x6e, 0x2d, 0x72, 0x69, 0x67, 0x68, 0x74, 0x0a, 0x63, 0x68, 0x65,
    0x76, 0x72, 0x6f, 0x6e, 0x2d, 0x75, 0x70, 0x04, 0x63, 0x68, 0x69, 0x70, 0x0c, 0x63, 0x68, 0x72,
    0x6f, 0x6d, 0x65, 0x2d, 0x63, 0x6c, 0x6f, 0x73, 0x65, 0x0f, 0x63, 0x68, 0x72, 0x6f, 0x6d, 0x65,
    0x2d, 0x6d, 0x61, 0x78, 0x69, 0x6d, 0x69, 0x7a, 0x65, 0x0f, 0x63, 0x68, 0x72, 0x6f, 0x6d, 0x65,
    0x2d, 0x6d, 0x69, 0x6e, 0x69, 0x6d, 0x69, 0x7a, 0x65, 0x0e, 0x63, 0x68, 0x72, 0x6f, 0x6d, 0x65,
    0x2d, 0x72, 0x65, 0x73, 0x74, 0x6f, 0x72, 0x65, 0x0d, 0x63, 0x69, 0x72, 0x63, 0x6c, 0x65, 0x2d,
    0x66, 0x69, 0x6c, 0x6c, 0x65, 0x64, 0x13, 0x63, 0x69, 0x72, 0x63, 0x6c, 0x65, 0x2d, 0x6c, 0x61,
    0x72, 0x67, 0x65, 0x2d, 0x66, 0x69, 0x6c, 0x6c, 0x65, 0x64, 0x0c, 0x63, 0x69, 0x72, 0x63, 0x6c,
    0x65, 0x2d, 0x6c, 0x61, 0x72, 0x67, 0x65, 0x0c, 0x63, 0x69, 0x72, 0x63, 0x6c, 0x65, 0x2d, 0x73,
    0x6c, 0x61, 0x73, 0x68, 0x13, 0x63, 0x69, 0x72, 0x63, 0x6c, 0x65, 0x2d, 0x73, 0x6d, 0x61, 0x6c,
    0x6c, 0x2d, 0x66, 0x69, 0x6c, 0x6c, 0x65, 0x64, 0x0c, 0x63, 0x69, 0x72, 0x63, 0x6c, 0x65, 0x2d,
    0x73, 0x6d, 0x61, 0x6c, 0x6c, 0x06, 0x63, 0x69, 0x72, 0x63, 0x6c, 0x65, 0x0d, 0x63, 0x69, 0x72,
    0x63, 0x75, 0x69, 0x74, 0x2d, 0x62, 0x6f, 0x61, 0x72, 0x64, 0x06, 0x63, 0x6c, 0x61, 0x75, 0x64,
    0x65, 0x09, 0x63, 0x6c, 0x65, 0x61, 0x72, 0x2d, 0x61, 0x6c, 0x6c, 0x06, 0x63, 0x6c, 0x69, 0x70,
    0x70, 0x79, 0x09, 0x63, 0x6c, 0x6f, 0x63, 0x6b, 0x66, 0x61, 0x63, 0x65, 0x09, 0x63, 0x6c, 0x6f,
    0x73, 0x65, 0x2d, 0x61, 0x6c, 0x6c, 0x05, 0x63, 0x6c, 0x6f, 0x73, 0x65, 0x0e, 0x63, 0x6c, 0x6f,
    0x75, 0x64, 0x2d, 0x64, 0x6f, 0x77, 0x6e, 0x6c, 0x6f, 0x61, 0x64, 0x0b, 0x63, 0x6c, 0x6f, 0x75,
    0x64, 0x2d, 0x73, 0x6d, 0x61, 0x6c, 0x6c, 0x0c, 0x63, 0x6c, 0x6f, 0x75, 0x64, 0x2d, 0x75, 0x70,
    0x6c, 0x6f, 0x61, 0x64, 0x05, 0x63, 0x6c, 0x6f, 0x75, 0x64, 0x08, 0x63, 0x6f, 0x64, 0x65, 0x2d,
    0x6f, 0x73, 0x73, 0x0b, 0x63, 0x6f, 0x64, 0x65, 0x2d, 0x72, 0x65, 0x76, 0x69, 0x65, 0x77, 0x04,
    0x63, 0x6f, 0x64, 0x65, 0x06, 0x63, 0x6f, 0x66, 0x66, 0x65, 0x65, 0x0c, 0x63, 0x6f, 0x6c, 0x6c,
    0x61, 0x70, 0x73, 0x65, 0x2d, 0x61, 0x6c, 0x6c, 0x10, 0x63, 0x6f, 0x6c, 0x6c, 0x65, 0x63, 0x74,
    0x69, 0x6f, 0x6e, 0x2d, 0x73, 0x6d, 0x61, 0x6c, 0x6c, 0x0a, 0x63, 0x6f, 0x6c, 0x6c, 0x65, 0x63,
    0x74, 0x69, 0x6f, 0x6e, 0x0a, 0x63, 0x6f, 0x6c, 0x6f, 0x72, 0x2d, 0x6d, 0x6f, 0x64, 0x65, 0x07,
    0x63, 0x6f, 0x6d, 0x62, 0x69, 0x6e, 0x65, 0x18, 0x63, 0x6f, 0x6d, 0x6d, 0x65, 0x6e, 0x74, 0x2d,
    0x64, 0x69, 0x73, 0x63, 0x75, 0x73, 0x73, 0x69, 0x6f, 0x6e, 0x2d, 0x71, 0x75, 0x6f, 0x74, 0x65,
    0x1a, 0x63, 0x6f, 0x6d, 0x6d, 0x65, 0x6e, 0x74, 0x2d, 0x64, 0x69, 0x73, 0x63, 0x75, 0x73, 0x73,
    0x69, 0x6f, 0x6e, 0x2d, 0x73, 0x70, 0x61, 0x72, 0x6b, 0x6c, 0x65, 0x12, 0x63, 0x6f, 0x6d, 0x6d,
    0x65, 0x6e, 0x74, 0x2d, 0x64, 0x69, 0x73, 0x63, 0x75, 0x73, 0x73, 0x69, 0x6f, 0x6e, 0x0d, 0x63,
    0x6f, 0x6d, 0x6d, 0x65, 0x6e, 0x74, 0x2d, 0x64, 0x72, 0x61, 0x66, 0x74, 0x12, 0x63, 0x6f, 0x6d,
    0x6d, 0x65, 0x6e, 0x74, 0x2d, 0x75, 0x6e, 0x72, 0x65, 0x73, 0x6f, 0x6c, 0x76, 0x65, 0x64, 0x07,
    0x63, 0x6f, 0x6d, 0x6d, 0x65, 0x6e, 0x74, 0x0e, 0x63, 0x6f, 0x6d, 0x70, 0x61, 0x73, 0x73, 0x2d,
    0x61, 0x63, 0x74, 0x69, 0x76, 0x65, 0x0b, 0x63, 0x6f, 0x6d, 0x70, 0x61, 0x73, 0x73, 0x2d, 0x64,
    0x6f, 0x74, 0x07, 0x63, 0x6f, 0x6d, 0x70, 0x61, 0x73, 0x73, 0x0f, 0x63, 0x6f, 0x70, 0x69, 0x6c,
    0x6f, 0x74, 0x2d, 0x62, 0x6c, 0x6f, 0x63, 0x6b, 0x65, 0x64, 0x0d, 0x63, 0x6f, 0x70, 0x69, 0x6c,
    0x6f, 0x74, 0x2d, 0x65, 0x72, 0x72, 0x6f, 0x72, 0x13, 0x63, 0x6f, 0x70, 0x69, 0x6c, 0x6f, 0x74,
    0x2d, 0x69, 0x6e, 0x2d, 0x70, 0x72, 0x6f, 0x67, 0x72, 0x65, 0x73, 0x73, 0x0d, 0x63, 0x6f, 0x70,
    0x69, 0x6c, 0x6f, 0x74, 0x2d, 0x6c, 0x61, 0x72, 0x67, 0x65, 0x15, 0x63, 0x6f, 0x70, 0x69, 0x6c,
    0x6f, 0x74, 0x2d, 0x6e, 0x6f, 0x74, 0x2d, 0x63, 0x6f, 0x6e, 0x6e, 0x65, 0x63, 0x74, 0x65, 0x64,
    0x0e, 0x63, 0x6f, 0x70, 0x69, 0x6c, 0x6f, 0x74, 0x2d, 0x73, 0x6e, 0x6f, 0x6f, 0x7a, 0x65, 0x0f,
    0x63, 0x6f, 0x70, 0x69, 0x6c, 0x6f, 0x74, 0x2d, 0x73, 0x75, 0x63, 0x63, 0x65, 0x73, 0x73, 0x13,
    0x63, 0x6f, 0x70, 0x69, 0x6c, 0x6f, 0x74, 0x2d, 0x75, 0x6e, 0x61, 0x76, 0x61, 0x69, 0x6c, 0x61,
    0x62, 0x6c, 0x65, 0x15, 0x63, 0x6f, 0x70, 0x69, 0x6c, 0x6f, 0x74, 0x2d, 0x77, 0x61, 0x72, 0x6e,
    0x69, 0x6e, 0x67, 0x2d, 0x6c, 0x61, 0x72, 0x67, 0x65, 0x0f, 0x63, 0x6f, 0x70, 0x69, 0x6c, 0x6f,
    0x74, 0x2d, 0x77, 0x61, 0x72, 0x6e, 0x69, 0x6e, 0x67, 0x07, 0x63, 0x6f, 0x70, 0x69, 0x6c, 0x6f,
    0x74, 0x04, 0x63, 0x6f, 0x70, 0x79, 0x08, 0x63, 0x6f, 0x76, 0x65, 0x72, 0x61, 0x67, 0x65, 0x0b,
    0x63, 0x72, 0x65, 0x64, 0x69, 0x74, 0x2d, 0x63, 0x61, 0x72, 0x64, 0x06, 0x63, 0x75, 0x72, 0x73,
    0x6f, 0x72, 0x04, 0x64, 0x61, 0x73, 0x68, 0x09, 0x64, 0x61, 0x73, 0x68, 0x62, 0x6f, 0x61, 0x72,
    0x64, 0x08, 0x64, 0x61, 0x74, 0x61, 0x62, 0x61, 0x73, 0x65, 0x09, 0x64, 0x65, 0x62, 0x75, 0x67,
    0x2d, 0x61, 0x6c, 0x6c, 0x0f, 0x64, 0x65, 0x62, 0x75, 0x67, 0x2d, 0x61, 0x6c, 0x74, 0x2d, 0x73,
    0x6d, 0x61, 0x6c, 0x6c, 0x09, 0x64, 0x65, 0x62, 0x75, 0x67, 0x2d, 0x61, 0x6c, 0x74, 0x27, 0x64,
    0x65, 0x62, 0x75, 0x67, 0x2d, 0x62, 0x72, 0x65, 0x61, 0x6b, 0x70, 0x6f, 0x69, 0x6e, 0x74, 0x2d,
    0x63, 0x6f, 0x6e, 0x64, 0x69, 0x74, 0x69, 0x6f, 0x6e, 0x61, 0x6c, 0x2d, 0x75, 0x6e, 0x76, 0x65,
    0x72, 0x69, 0x66, 0x69, 0x65, 0x64, 0x1c, 0x64, 0x65, 0x62, 0x75, 0x67, 0x2d, 0x62, 0x72, 0x65,
    0x61, 0x6b, 0x70, 0x6f, 0x69, 0x6e, 0x74, 0x2d, 0x63, 0x6f, 0x6e, 0x64, 0x69, 0x74, 0x69, 0x6f,
    0x6e, 0x61, 0x6c, 0x20, 0x64, 0x65, 0x62, 0x75, 0x67, 0x2d, 0x62, 0x72, 0x65, 0x61, 0x6b, 0x70,
    0x6f, 0x69, 0x6e, 0x74, 0x2d, 0x64, 0x61, 0x74, 0x61, 0x2d, 0x75, 0x6e, 0x76, 0x65, 0x72, 0x69,
    0x66, 0x69, 0x65, 0x64, 0x15, 0x64, 0x65, 0x62, 0x75, 0x67, 0x2d, 0x62, 0x72, 0x65, 0x61, 0x6b,
    0x70, 0x6f, 0x69, 0x6e, 0x74, 0x2d, 0x64, 0x61, 0x74, 0x61, 0x24, 0x64, 0x65, 0x62, 0x75, 0x67,
    0x2d, 0x62, 0x72, 0x65, 0x61, 0x6b, 0x70, 0x6f, 0x69, 0x6e, 0x74, 0x2d, 0x66, 0x75, 0x6e, 0x63,
    0x74, 0x69, 0x6f, 0x6e, 0x2d, 0x75, 0x6e, 0x76, 0x65, 0x72, 0x69, 0x66, 0x69, 0x65, 0x64, 0x19,
    0x64, 0x65, 0x62, 0x75, 0x67, 0x2d, 0x62, 0x72, 0x65, 0x61, 0x6b, 0x70, 0x6f, 0x69, 0x6e, 0x74,
    0x2d, 0x66, 0x75, 0x6e, 0x63, 0x74, 0x69, 0x6f, 0x6e, 0x1f, 0x64, 0x65, 0x62, 0x75, 0x67, 0x2d,
    0x62, 0x72, 0x65, 0x61, 0x6b, 0x70, 0x6f, 0x69, 0x6e, 0x74, 0x2d, 0x6c, 0x6f, 0x67, 0x2d, 0x75,
    0x6e, 0x76, 0x65, 0x72, 0x69, 0x66, 0x69, 0x65, 0x64, 0x14, 0x64, 0x65, 0x62, 0x75, 0x67, 0x2d,
    0x62, 0x72, 0x65, 0x61, 0x6b, 0x70, 0x6f, 0x69, 0x6e, 0x74, 0x2d, 0x6c, 0x6f, 0x67, 0x1c, 0x64,
    0x65, 0x62, 0x75, 0x67, 0x2d, 0x62, 0x72, 0x65, 0x61, 0x6b, 0x70, 0x6f, 0x69, 0x6e, 0x74, 0x2d,
    0x75, 0x6e, 0x73, 0x75, 0x70, 0x70, 0x6f, 0x72, 0x74, 0x65, 0x64, 0x0f, 0x64, 0x65, 0x62, 0x75,
    0x67, 0x2d, 0x63, 0x6f, 0x6e, 0x6e, 0x65, 0x63, 0x74, 0x65, 0x64, 0x0d, 0x64, 0x65, 0x62, 0x75,
    0x67, 0x2d, 0x63, 0x6f, 0x6e, 0x73, 0x6f, 0x6c, 0x65, 0x14, 0x64, 0x65, 0x62, 0x75, 0x67, 0x2d,
    0x63, 0x6f, 0x6e, 0x74, 0x69, 0x6e, 0x75, 0x65, 0x2d, 0x73, 0x6d, 0x61, 0x6c, 0x6c, 0x0e, 0x64,
    0x65, 0x62, 0x75, 0x67, 0x2d, 0x63, 0x6f, 0x6e, 0x74, 0x69, 0x6e, 0x75, 0x65, 0x0e, 0x64, 0x65,
    0x62, 0x75, 0x67, 0x2d, 0x63, 0x6f, 0x76, 0x65, 0x72, 0x61, 0x67, 0x65, 0x10, 0x64, 0x65, 0x62,
    0x75, 0x67, 0x2d, 0x64, 0x69, 0x73, 0x63, 0x6f, 0x6e, 0x6e, 0x65, 0x63, 0x74, 0x12, 0x64, 0x65,
    0x62, 0x75, 0x67, 0x2d, 0x6c, 0x69, 0x6e, 0x65, 0x2d, 0x62, 0x79, 0x2d, 0x6c, 0x69, 0x6e, 0x65,
    0x0b, 0x64, 0x65, 0x62, 0x75, 0x67, 0x2d, 0x70, 0x61, 0x75, 0x73, 0x65, 0x0b, 0x64, 0x65, 0x62,
    0x75, 0x67, 0x2d, 0x72, 0x65, 0x72, 0x75, 0x6e, 0x13, 0x64, 0x65, 0x62, 0x75, 0x67, 0x2d, 0x72,
    0x65, 0x73, 0x74, 0x61, 0x72, 0x74, 0x2d, 0x66, 0x72, 0x61, 0x6d, 0x65, 0x0d, 0x64, 0x65, 0x62,
    0x75, 0x67, 0x2d, 0x72, 0x65, 0x73, 0x74, 0x61, 0x72, 0x74, 0x16, 0x64, 0x65, 0x62, 0x75, 0x67,
    0x2d, 0x72, 0x65, 0x76, 0x65, 0x72, 0x73, 0x65, 0x2d, 0x63, 0x6f, 0x6e, 0x74, 0x69, 0x6e, 0x75,
    0x65, 0x17, 0x64, 0x65, 0x62, 0x75, 0x67, 0x2d, 0x73, 0x74, 0x61, 0x63, 0x6b, 0x66, 0x72, 0x61,
    0x6d, 0x65, 0x2d, 0x61, 0x63, 0x74, 0x69, 0x76, 0x65, 0x10, 0x64, 0x65, 0x62, 0x75, 0x67, 0x2d,
    0x73, 0x74, 0x61, 0x63, 0x6b, 0x66, 0x72, 0x61, 0x6d, 0x65, 0x0b, 0x64, 0x65, 0x62, 0x75, 0x67,
    0x2d, 0x73, 0x74, 0x61, 0x72, 0x74, 0x0f, 0x64, 0x65, 0x62, 0x75, 0x67, 0x2d, 0x73, 0x74, 0x65,
    0x70, 0x2d, 0x62, 0x61, 0x63, 0x6b, 0x0f, 0x64, 0x65, 0x62, 0x75, 0x67, 0x2d, 0x73, 0x74, 0x65,
    0x70, 0x2d, 0x69, 0x6e, 0x74, 0x6f, 0x0e, 0x64, 0x65, 0x62, 0x75, 0x67, 0x2d, 0x73, 0x74, 0x65,
    0x70, 0x2d, 0x6f, 0x75, 0x74, 0x0f, 0x64, 0x65, 0x62, 0x75, 0x67, 0x2d, 0x73, 0x74, 0x65, 0x70,
    0x2d, 0x6f, 0x76, 0x65, 0x72, 0x0a, 0x64, 0x65, 0x62, 0x75, 0x67, 0x2d, 0x73, 0x74, 0x6f, 0x70,
    0x05, 0x64, 0x65, 0x62, 0x75, 0x67, 0x10, 0x64, 0x65, 0x73, 0x6b, 0x74, 0x6f, 0x70, 0x2d, 0x64,
    0x6f, 0x77, 0x6e, 0x6c, 0x6f, 0x61, 0x64, 0x13, 0x64, 0x65, 0x76, 0x69, 0x63, 0x65, 0x2d, 0x63,
    0x61, 0x6d, 0x65, 0x72, 0x61, 0x2d, 0x76, 0x69, 0x64, 0x65, 0x6f, 0x0d, 0x64, 0x65, 0x76, 0x69,
    0x63, 0x65, 0x2d, 0x63, 0x61, 0x6d, 0x65, 0x72, 0x61, 0x0d, 0x64, 0x65, 0x76, 0x69, 0x63, 0x65,
    0x2d, 0x6d, 0x6f, 0x62, 0x69, 0x6c, 0x65, 0x0a, 0x64, 0x69, 0x66, 0x66, 0x2d, 0x61, 0x64, 0x64,
    0x65, 0x64, 0x0c, 0x64, 0x69, 0x66, 0x66, 0x2d, 0x69, 0x67, 0x6e, 0x6f, 0x72, 0x65, 0x64, 0x0d,
    0x64, 0x69, 0x66, 0x66, 0x2d, 0x6d, 0x6f, 0x64, 0x69, 0x66, 0x69, 0x65, 0x64, 0x0d, 0x64, 0x69,
    0x66, 0x66, 0x2d, 0x6d, 0x75, 0x6c, 0x74, 0x69, 0x70, 0x6c, 0x65, 0x0c, 0x64, 0x69, 0x66, 0x66,
    0x2d, 0x72, 0x65, 0x6d, 0x6f, 0x76, 0x65, 0x64, 0x0c, 0x64, 0x69, 0x66, 0x66, 0x2d, 0x72, 0x65,
    0x6e, 0x61, 0x6d, 0x65, 0x64, 0x0b, 0x64, 0x69, 0x66, 0x66, 0x2d, 0x73, 0x69, 0x6e, 0x67, 0x6c,
    0x65, 0x04, 0x64, 0x69, 0x66, 0x66, 0x07, 0x64, 0x69, 0x73, 0x63, 0x61, 0x72, 0x64, 0x08, 0x64,
    0x6f, 0x77, 0x6e, 0x6c, 0x6f, 0x61, 0x64, 0x09, 0x65, 0x64, 0x69, 0x74, 0x2d, 0x63, 0x6f, 0x64,
    0x65, 0x0c, 0x65, 0x64, 0x69, 0x74, 0x2d, 0x73, 0x65, 0x73, 0x73, 0x69, 0x6f, 0x6e, 0x0c, 0x65,
    0x64, 0x69, 0x74, 0x2d, 0x73, 0x70, 0x61, 0x72, 0x6b, 0x6c, 0x65, 0x04, 0x65, 0x64, 0x69, 0x74,
    0x0d, 0x65, 0x64, 0x69, 0x74, 0x6f, 0x72, 0x2d, 0x6c, 0x61, 0x79, 0x6f, 0x75, 0x74, 0x08, 0x65,
    0x6c, 0x6c, 0x69, 0x70, 0x73, 0x69, 0x73, 0x0c, 0x65, 0x6d, 0x70, 0x74, 0x79, 0x2d, 0x77, 0x69,
    0x6e, 0x64, 0x6f, 0x77, 0x06, 0x65, 0x72, 0x61, 0x73, 0x65, 0x72, 0x0b, 0x65, 0x72, 0x72, 0x6f,
    0x72, 0x2d, 0x73, 0x6d, 0x61, 0x6c, 0x6c, 0x05, 0x65, 0x72, 0x72, 0x6f, 0x72, 0x07, 0x65, 0x78,
    0x63, 0x6c, 0x75, 0x64, 0x65, 0x0a, 0x65, 0x78, 0x70, 0x61, 0x6e, 0x64, 0x2d, 0x61, 0x6c, 0x6c,
    0x06, 0x65, 0x78, 0x70, 0x6f, 0x72, 0x74, 0x10, 0x65, 0x78, 0x74, 0x65, 0x6e, 0x73, 0x69, 0x6f,
    0x6e, 0x73, 0x2d, 0x6c, 0x61, 0x72, 0x67, 0x65, 0x0a, 0x65, 0x78, 0x74, 0x65, 0x6e, 0x73, 0x69,
    0x6f, 0x6e, 0x73, 0x0a, 0x65, 0x79, 0x65, 0x2d, 0x63, 0x6c, 0x6f, 0x73, 0x65, 0x64, 0x03, 0x65,
    0x79, 0x65, 0x08, 0x66, 0x65, 0x65, 0x64, 0x62, 0x61, 0x63, 0x6b, 0x0b, 0x66, 0x69, 0x6c, 0x65,
    0x2d, 0x62, 0x69, 0x6e, 0x61, 0x72, 0x79, 0x09, 0x66, 0x69, 0x6c, 0x65, 0x2d, 0x63, 0x6f, 0x64,
    0x65, 0x0a, 0x66, 0x69, 0x6c, 0x65, 0x2d, 0x6d, 0x65, 0x64, 0x69, 0x61, 0x08, 0x66, 0x69, 0x6c,
    0x65, 0x2d, 0x70, 0x64, 0x66, 0x0e, 0x66, 0x69, 0x6c, 0x65, 0x2d, 0x73, 0x75, 0x62, 0x6d, 0x6f,
    0x64, 0x75, 0x6c, 0x65, 0x16, 0x66, 0x69, 0x6c, 0x65, 0x2d, 0x73, 0x79, 0x6d, 0x6c, 0x69, 0x6e,
    0x6b, 0x2d, 0x64, 0x69, 0x72, 0x65, 0x63, 0x74, 0x6f, 0x72, 0x79, 0x11, 0x66, 0x69, 0x6c, 0x65,
    0x2d, 0x73, 0x79, 0x6d, 0x6c, 0x69, 0x6e, 0x6b, 0x2d, 0x66, 0x69, 0x6c, 0x65, 0x09, 0x66, 0x69,
    0x6c, 0x65, 0x2d, 0x74, 0x65, 0x78, 0x74, 0x08, 0x66, 0x69, 0x6c, 0x65, 0x2d, 0x7a, 0x69, 0x70,
    0x04, 0x66, 0x69, 0x6c, 0x65, 0x05, 0x66, 0x69, 0x6c, 0x65, 0x73, 0x0d, 0x66, 0x69, 0x6c, 0x74,
    0x65, 0x72, 0x2d, 0x66, 0x69, 0x6c, 0x6c, 0x65, 0x64, 0x06, 0x66, 0x69, 0x6c, 0x74, 0x65, 0x72,
    0x04, 0x66, 0x6c, 0x61, 0x67, 0x05, 0x66, 0x6c, 0x61, 0x6d, 0x65, 0x09, 0x66, 0x6f, 0x6c, 0x64,
    0x2d, 0x64, 0x6f, 0x77, 0x6e, 0x07, 0x66, 0x6f, 0x6c, 0x64, 0x2d, 0x75, 0x70, 0x04, 0x66, 0x6f,
    0x6c, 0x64, 0x0d, 0x66, 0x6f, 0x6c, 0x64, 0x65, 0x72, 0x2d, 0x61, 0x63, 0x74, 0x69, 0x76, 0x65,
    0x0e, 0x66, 0x6f, 0x6c, 0x64, 0x65, 0x72, 0x2d, 0x6c, 0x69, 0x62, 0x72, 0x61, 0x72, 0x79, 0x0d,
    0x66, 0x6f, 0x6c, 0x64, 0x65, 0x72, 0x2d, 0x6f, 0x70, 0x65, 0x6e, 0x65, 0x64, 0x06, 0x66, 0x6f,
    0x6c, 0x64, 0x65, 0x72, 0x07, 0x66, 0x6f, 0x72, 0x77, 0x61, 0x72, 0x64, 0x04, 0x67, 0x61, 0x6d,
    0x65, 0x04, 0x67, 0x65, 0x61, 0x72, 0x04, 0x67, 0x69, 0x66, 0x74, 0x0b, 0x67, 0x69, 0x73, 0x74,
    0x2d, 0x73, 0x65, 0x63, 0x72, 0x65, 0x74, 0x04, 0x67, 0x69, 0x73, 0x74, 0x12, 0x67, 0x69, 0x74,
    0x2d, 0x62, 0x72, 0x61, 0x6e, 0x63, 0x68, 0x2d, 0x63, 0x68, 0x61, 0x6e, 0x67, 0x65, 0x73, 0x14,
    0x67, 0x69, 0x74, 0x2d, 0x62, 0x72, 0x61, 0x6e, 0x63, 0x68, 0x2d, 0x63, 0x6f, 0x6e, 0x66, 0x6c,
    0x69, 0x63, 0x74, 0x73, 0x19, 0x67, 0x69, 0x74, 0x2d, 0x62, 0x72, 0x61, 0x6e, 0x63, 0x68, 0x2d,
    0x73, 0x74, 0x61, 0x67, 0x65, 0x64, 0x2d, 0x63, 0x68, 0x61, 0x6e, 0x67, 0x65, 0x73, 0x0a, 0x67,
    0x69, 0x74, 0x2d, 0x62, 0x72, 0x61, 0x6e, 0x63, 0x68, 0x0a, 0x67, 0x69, 0x74, 0x2d, 0x63, 0x6f,
    0x6d, 0x6d, 0x69, 0x74, 0x0b, 0x67, 0x69, 0x74, 0x2d, 0x63, 0x6f, 0x6d, 0x70, 0x61, 0x72, 0x65,
    0x09, 0x67, 0x69, 0x74, 0x2d, 0x66, 0x65, 0x74, 0x63, 0x68, 0x09, 0x67, 0x69, 0x74, 0x2d, 0x6d,
    0x65, 0x72, 0x67, 0x65, 0x17, 0x67, 0x69, 0x74, 0x2d, 0x70, 0x75, 0x6c, 0x6c, 0x2d, 0x72, 0x65,
    0x71, 0x75, 0x65, 0x73, 0x74, 0x2d, 0x63, 0x6c, 0x6f, 0x73, 0x65, 0x64, 0x17, 0x67, 0x69, 0x74,
    0x2d, 0x70, 0x75, 0x6c, 0x6c, 0x2d, 0x72, 0x65, 0x71, 0x75, 0x65, 0x73, 0x74, 0x2d, 0x63, 0x72,
    0x65, 0x61, 0x74, 0x65, 0x15, 0x67, 0x69, 0x74, 0x2d, 0x70, 0x75, 0x6c, 0x6c, 0x2d, 0x72, 0x65,
    0x71, 0x75, 0x65, 0x73, 0x74, 0x2d, 0x64, 0x6f, 0x6e, 0x65, 0x16, 0x67, 0x69, 0x74, 0x2d, 0x70,
    0x75, 0x6c, 0x6c, 0x2d, 0x72, 0x65, 0x71, 0x75, 0x65, 0x73, 0x74, 0x2d, 0x64, 0x72, 0x61, 0x66,
    0x74, 0x1e, 0x67, 0x69, 0x74, 0x2d, 0x70, 0x75, 0x6c, 0x6c, 0x2d, 0x72, 0x65, 0x71, 0x75, 0x65,
    0x73, 0x74, 0x2d, 0x67, 0x6f, 0x2d, 0x74, 0x6f, 0x2d, 0x63, 0x68, 0x61, 0x6e, 0x67, 0x65, 0x73,
    0x1c, 0x67, 0x69, 0x74, 0x2d, 0x70, 0x75, 0x6c, 0x6c, 0x2d, 0x72, 0x65, 0x71, 0x75, 0x65, 0x73,
    0x74, 0x2d, 0x6e, 0x65, 0x77, 0x2d, 0x63, 0x68, 0x61, 0x6e, 0x67, 0x65, 0x73, 0x10, 0x67, 0x69,
    0x74, 0x2d, 0x70, 0x75, 0x6c, 0x6c, 0x2d, 0x72, 0x65, 0x71, 0x75, 0x65, 0x73, 0x74, 0x0f, 0x67,
    0x69, 0x74, 0x2d, 0x73, 0x74, 0x61, 0x73, 0x68, 0x2d, 0x61, 0x70, 0x70, 0x6c, 0x79, 0x0d, 0x67,
    0x69, 0x74, 0x2d, 0x73, 0x74, 0x61, 0x73, 0x68, 0x2d, 0x70, 0x6f, 0x70, 0x09, 0x67, 0x69, 0x74,
    0x2d, 0x73, 0x74, 0x61, 0x73, 0x68, 0x0d, 0x67, 0x69, 0x74, 0x68, 0x75, 0x62, 0x2d, 0x61, 0x63,
    0x74, 0x69, 0x6f, 0x6e, 0x0a, 0x67, 0x69, 0x74, 0x68, 0x75, 0x62, 0x2d, 0x61, 0x6c, 0x74, 0x0f,
    0x67, 0x69, 0x74, 0x68, 0x75, 0x62, 0x2d, 0x69, 0x6e, 0x76, 0x65, 0x72, 0x74, 0x65, 0x64, 0x0e,
    0x67, 0x69, 0x74, 0x68, 0x75, 0x62, 0x2d, 0x70, 0x72, 0x6f, 0x6a, 0x65, 0x63, 0x74, 0x06, 0x67,
    0x69, 0x74, 0x68, 0x75, 0x62, 0x05, 0x67, 0x6c, 0x6f, 0x62, 0x65, 0x15, 0x67, 0x6f, 0x2d, 0x74,
    0x6f, 0x2d, 0x65, 0x64, 0x69, 0x74, 0x69, 0x6e, 0x67, 0x2d, 0x73, 0x65, 0x73, 0x73, 0x69, 0x6f,
    0x6e, 0x0a, 0x67, 0x6f, 0x2d, 0x74, 0x6f, 0x2d, 0x66, 0x69, 0x6c, 0x65, 0x0c, 0x67, 0x6f, 0x2d,
    0x74, 0x6f, 0x2d, 0x73, 0x65, 0x61, 0x72, 0x63, 0x68, 0x07, 0x67, 0x72, 0x61, 0x62, 0x62, 0x65,
    0x72, 0x0a, 0x67, 0x72, 0x61, 0x70, 0x68, 0x2d, 0x6c, 0x65, 0x66, 0x74, 0x0a, 0x67, 0x72, 0x61,
    0x70, 0x68, 0x2d, 0x6c, 0x69, 0x6e, 0x65, 0x0d, 0x67, 0x72, 0x61, 0x70, 0x68, 0x2d, 0x73, 0x63,
    0x61, 0x74, 0x74, 0x65, 0x72, 0x05, 0x67, 0x72, 0x61, 0x70, 0x68, 0x07, 0x67, 0x72, 0x69, 0x70,
    0x70, 0x65, 0x72, 0x11, 0x67, 0x72, 0x6f, 0x75, 0x70, 0x2d, 0x62, 0x79, 0x2d, 0x72, 0x65, 0x66,
    0x2d, 0x74, 0x79, 0x70, 0x65, 0x0c, 0x68, 0x65, 0x61, 0x72, 0x74, 0x2d, 0x66, 0x69, 0x6c, 0x6c,
    0x65, 0x64, 0x05, 0x68, 0x65, 0x61, 0x72, 0x74, 0x07, 0x68, 0x69, 0x73, 0x74, 0x6f, 0x72, 0x79,
    0x04, 0x68, 0x6f, 0x6d, 0x65, 0x0f, 0x68, 0x6f, 0x72, 0x69, 0x7a, 0x6f, 0x6e, 0x74, 0x61, 0x6c,
    0x2d, 0x72, 0x75, 0x6c, 0x65, 0x05, 0x68, 0x75, 0x62, 0x6f, 0x74, 0x05, 0x69, 0x6e, 0x62, 0x6f,
    0x78, 0x06, 0x69, 0x6e, 0x64, 0x65, 0x6e, 0x74, 0x0a, 0x69, 0x6e, 0x64, 0x65, 0x78, 0x2d, 0x7a,
    0x65, 0x72, 0x6f, 0x04, 0x69, 0x6e, 0x66, 0x6f, 0x06, 0x69, 0x6e, 0x73, 0x65, 0x72, 0x74, 0x07,
    0x69, 0x6e, 0x73, 0x70, 0x65, 0x63, 0x74, 0x0b, 0x69, 0x73, 0x73, 0x75, 0x65, 0x2d, 0x64, 0x72,
    0x61, 0x66, 0x74, 0x0e, 0x69, 0x73, 0x73, 0x75, 0x65, 0x2d, 0x72, 0x65, 0x6f, 0x70, 0x65, 0x6e,
    0x65, 0x64, 0x06, 0x69, 0x73, 0x73, 0x75, 0x65, 0x73, 0x06, 0x69, 0x74, 0x61, 0x6c, 0x69, 0x63,
    0x06, 0x6a, 0x65, 0x72, 0x73, 0x65, 0x79, 0x04, 0x6a, 0x73, 0x6f, 0x6e, 0x0e, 0x6b, 0x65, 0x62,
    0x61, 0x62, 0x2d, 0x76, 0x65, 0x72, 0x74, 0x69, 0x63, 0x61, 0x6c, 0x03, 0x6b, 0x65, 0x79, 0x12,
    0x6b, 0x65, 0x79, 0x62, 0x6f, 0x61, 0x72, 0x64, 0x2d, 0x74, 0x61, 0x62, 0x2d, 0x61, 0x62, 0x6f,
    0x76, 0x65, 0x12, 0x6b, 0x65, 0x79, 0x62, 0x6f, 0x61, 0x72, 0x64, 0x2d, 0x74, 0x61, 0x62, 0x2d,
    0x62, 0x65, 0x6c, 0x6f, 0x77, 0x0c, 0x6b, 0x65, 0x79, 0x62, 0x6f, 0x61, 0x72, 0x64, 0x2d, 0x74,
    0x61, 0x62, 0x03, 0x6c, 0x61, 0x77, 0x0d, 0x6c, 0x61, 0x79, 0x65, 0x72, 0x73, 0x2d, 0x61, 0x63,
    0x74, 0x69, 0x76, 0x65, 0x0a, 0x6c, 0x61, 0x79, 0x65, 0x72, 0x73, 0x2d, 0x64, 0x6f, 0x74, 0x06,
    0x6c, 0x61, 0x79, 0x65, 0x72, 0x73, 0x17, 0x6c, 0x61, 0x79, 0x6f, 0x75, 0x74, 0x2d, 0x61, 0x63,
    0x74, 0x69, 0x76, 0x69, 0x74, 0x79, 0x62, 0x61, 0x72, 0x2d, 0x6c, 0x65, 0x66, 0x74, 0x18, 0x6c,
    0x61, 0x79, 0x6f, 0x75, 0x74, 0x2d, 0x61, 0x63, 0x74, 0x69, 0x76, 0x69, 0x74, 0x79, 0x62, 0x61,
    0x72, 0x2d, 0x72, 0x69, 0x67, 0x68, 0x74, 0x0f, 0x6c, 0x61, 0x79, 0x6f, 0x75, 0x74, 0x2d, 0x63,
    0x65, 0x6e, 0x74, 0x65, 0x72, 0x65, 0x64, 0x0e, 0x6c, 0x61, 0x79, 0x6f, 0x75, 0x74, 0x2d, 0x6d,
    0x65, 0x6e, 0x75, 0x62, 0x61, 0x72, 0x13, 0x6c, 0x61, 0x79, 0x6f, 0x75, 0x74, 0x2d, 0x70, 0x61,
    0x6e, 0x65, 0x6c, 0x2d, 0x63, 0x65, 0x6e, 0x74, 0x65, 0x72, 0x11, 0x6c, 0x61, 0x79, 0x6f, 0x75,
    0x74, 0x2d, 0x70, 0x61, 0x6e, 0x65, 0x6c, 0x2d, 0x64, 0x6f, 0x63, 0x6b, 0x14, 0x6c, 0x61, 0x79,
    0x6f, 0x75, 0x74, 0x2d, 0x70, 0x61, 0x6e, 0x65, 0x6c, 0x2d, 0x6a, 0x75, 0x73, 0x74, 0x69, 0x66,
    0x79, 0x11, 0x6c, 0x61, 0x79, 0x6f, 0x75, 0x74, 0x2d, 0x70, 0x61, 0x6e, 0x65, 0x6c, 0x2d, 0x6c,
    0x65, 0x66, 0x74, 0x10, 0x6c, 0x61, 0x79, 0x6f, 0x75, 0x74, 0x2d, 0x70, 0x61, 0x6e, 0x65, 0x6c,
    0x2d, 0x6f, 0x66, 0x66, 0x12, 0x6c, 0x61, 0x79, 0x6f, 0x75, 0x74, 0x2d, 0x70, 0x61, 0x6e, 0x65,
    0x6c, 0x2d, 0x72, 0x69, 0x67, 0x68, 0x74, 0x0c, 0x6c, 0x61, 0x79, 0x6f, 0x75, 0x74, 0x2d, 0x70,
    0x61, 0x6e, 0x65, 0x6c, 0x18, 0x6c, 0x61, 0x79, 0x6f, 0x75, 0x74, 0x2d, 0x73, 0x69, 0x64, 0x65,
    0x62, 0x61, 0x72, 0x2d, 0x6c, 0x65, 0x66, 0x74, 0x2d, 0x64, 0x6f, 0x63, 0x6b, 0x17, 0x6c, 0x61,
    0x79, 0x6f, 0x75, 0x74, 0x2d, 0x73, 0x69, 0x64, 0x65, 0x62, 0x61, 0x72, 0x2d, 0x6c, 0x65, 0x66,
    0x74, 0x2d, 0x6f, 0x66, 0x66, 0x13, 0x6c, 0x61, 0x79, 0x6f, 0x75, 0x74, 0x2d, 0x73, 0x69, 0x64,
    0x65, 0x62, 0x61, 0x72, 0x2d, 0x6c, 0x65, 0x66, 0x74, 0x19, 0x6c, 0x61, 0x79, 0x6f, 0x75, 0x74,
    0x2d, 0x73, 0x69, 0x64, 0x65, 0x62, 0x61, 0x72, 0x2d, 0x72, 0x69, 0x67, 0x68, 0x74, 0x2d, 0x64,
    0x6f, 0x63, 0x6b, 0x18, 0x6c, 0x61, 0x79, 0x6f, 0x75, 0x74, 0x2d, 0x73, 0x69, 0x64, 0x65, 0x62,
    0x61, 0x72, 0x2d, 0x72, 0x69, 0x67, 0x68, 0x74, 0x2d, 0x6f, 0x66, 0x66, 0x14, 0x6c, 0x61, 0x79,
    0x6f, 0x75, 0x74, 0x2d, 0x73, 0x69, 0x64, 0x65, 0x62, 0x61, 0x72, 0x2d, 0x72, 0x69, 0x67, 0x68,
    0x74, 0x10, 0x6c, 0x61, 0x79, 0x6f, 0x75, 0x74, 0x2d, 0x73, 0x74, 0x61, 0x74, 0x75, 0x73, 0x62,
    0x61, 0x72, 0x06, 0x6c, 0x61, 0x79, 0x6f, 0x75, 0x74, 0x07, 0x6c, 0x69, 0x62, 0x72, 0x61, 0x72,
    0x79, 0x11, 0x6c, 0x69, 0x67, 0x68, 0x74, 0x62, 0x75, 0x6c, 0x62, 0x2d, 0x61, 0x75, 0x74, 0x6f,
    0x66, 0x69, 0x78, 0x0f, 0x6c, 0x69, 0x67, 0x68, 0x74, 0x62, 0x75, 0x6c, 0x62, 0x2d, 0x65, 0x6d,
    0x70, 0x74, 0x79, 0x11, 0x6c, 0x69, 0x67, 0x68, 0x74, 0x62, 0x75, 0x6c, 0x62, 0x2d, 0x73, 0x70,
    0x61, 0x72, 0x6b, 0x6c, 0x65, 0x09, 0x6c, 0x69, 0x67, 0x68, 0x74, 0x62, 0x75, 0x6c, 0x62, 0x0d,
    0x6c, 0x69, 0x6e, 0x6b, 0x2d, 0x65, 0x78, 0x74, 0x65, 0x72, 0x6e, 0x61, 0x6c, 0x04, 0x6c, 0x69,
    0x6e, 0x6b, 0x0b, 0x6c, 0x69, 0x73, 0x74, 0x2d, 0x66, 0x69, 0x6c, 0x74, 0x65, 0x72, 0x09, 0x6c,
    0x69, 0x73, 0x74, 0x2d, 0x66, 0x6c, 0x61, 0x74, 0x0c, 0x6c, 0x69, 0x73, 0x74, 0x2d, 0x6f, 0x72,
    0x64, 0x65, 0x72, 0x65, 0x64, 0x0e, 0x6c, 0x69, 0x73, 0x74, 0x2d, 0x73, 0x65, 0x6c, 0x65, 0x63,
    0x74, 0x69, 0x6f, 0x6e, 0x09, 0x6c, 0x69, 0x73, 0x74, 0x2d, 0x74, 0x72, 0x65, 0x65, 0x0e, 0x6c,
    0x69, 0x73, 0x74, 0x2d, 0x75, 0x6e, 0x6f, 0x72, 0x64, 0x65, 0x72, 0x65, 0x64, 0x0a, 0x6c, 0x69,
    0x76, 0x65, 0x2d, 0x73, 0x68, 0x61, 0x72, 0x65, 0x07, 0x6c, 0x6f, 0x61, 0x64, 0x69, 0x6e, 0x67,
    0x08, 0x6c, 0x6f, 0x63, 0x61, 0x74, 0x69, 0x6f, 0x6e, 0x0a, 0x6c, 0x6f, 0x63, 0x6b, 0x2d, 0x73,
    0x6d, 0x61, 0x6c, 0x6c, 0x04, 0x6c, 0x6f, 0x63, 0x6b, 0x06, 0x6d, 0x61, 0x67, 0x6e, 0x65, 0x74,
    0x09, 0x6d, 0x61, 0x69, 0x6c, 0x2d, 0x72, 0x65, 0x61, 0x64, 0x04, 0x6d, 0x61, 0x69, 0x6c, 0x0a,
    0x6d, 0x61, 0x70, 0x2d, 0x66, 0x69, 0x6c, 0x6c, 0x65, 0x64, 0x13, 0x6d, 0x61, 0x70, 0x2d, 0x76,
    0x65, 0x72, 0x74, 0x69, 0x63, 0x61, 0x6c, 0x2d, 0x66, 0x69, 0x6c, 0x6c, 0x65, 0x64, 0x0c, 0x6d,
    0x61, 0x70, 0x2d, 0x76, 0x65, 0x72, 0x74, 0x69, 0x63, 0x61, 0x6c, 0x03, 0x6d, 0x61, 0x70, 0x08,
    0x6d, 0x61, 0x72, 0x6b, 0x64, 0x6f, 0x77, 0x6e, 0x03, 0x6d, 0x63, 0x70, 0x09, 0x6d, 0x65, 0x67,
    0x61, 0x70, 0x68, 0x6f, 0x6e, 0x65, 0x07, 0x6d, 0x65, 0x6e, 0x74, 0x69, 0x6f, 0x6e, 0x04, 0x6d,
    0x65, 0x6e, 0x75, 0x0a, 0x6d, 0x65, 0x72, 0x67, 0x65, 0x2d, 0x69, 0x6e, 0x74, 0x6f, 0x05, 0x6d,
    0x65, 0x72, 0x67, 0x65, 0x0a, 0x6d, 0x69, 0x63, 0x2d, 0x66, 0x69, 0x6c, 0x6c, 0x65, 0x64, 0x03,
    0x6d, 0x69, 0x63, 0x09, 0x6d, 0x69, 0x6c, 0x65, 0x73, 0x74, 0x6f, 0x6e, 0x65, 0x06, 0x6d, 0x69,
    0x72, 0x72, 0x6f, 0x72, 0x0c, 0x6d, 0x6f, 0x72, 0x74, 0x61, 0x72, 0x2d, 0x62, 0x6f, 0x61, 0x72,
    0x64, 0x04, 0x6d, 0x6f, 0x76, 0x65, 0x10, 0x6d, 0x75, 0x6c, 0x74, 0x69, 0x70, 0x6c, 0x65, 0x2d,
    0x77, 0x69, 0x6e, 0x64, 0x6f, 0x77, 0x73, 0x05, 0x6d, 0x75, 0x73, 0x69, 0x63, 0x04, 0x6d, 0x75,
    0x74, 0x65, 0x0e, 0x6e, 0x65, 0x77, 0x2d, 0x63, 0x6f, 0x6c, 0x6c, 0x65, 0x63, 0x74, 0x69, 0x6f,
    0x6e, 0x08, 0x6e, 0x65, 0x77, 0x2d, 0x66, 0x69, 0x6c, 0x65, 0x0a, 0x6e, 0x65, 0x77, 0x2d, 0x66,
    0x6f, 0x6c, 0x64, 0x65, 0x72, 0x0b, 0x6e, 0x65, 0x77, 0x2d, 0x73, 0x65, 0x73, 0x73, 0x69, 0x6f,
    0x6e, 0x07, 0x6e, 0x65, 0x77, 0x6c, 0x69, 0x6e, 0x65, 0x0a, 0x6e, 0x6f, 0x2d, 0x6e, 0x65, 0x77,
    0x6c, 0x69, 0x6e, 0x65, 0x04, 0x6e, 0x6f, 0x74, 0x65, 0x11, 0x6e, 0x6f, 0x74, 0x65, 0x62, 0x6f,
    0x6f, 0x6b, 0x2d, 0x74, 0x65, 0x6d, 0x70, 0x6c, 0x61, 0x74, 0x65, 0x08, 0x6e, 0x6f, 0x74, 0x65,
    0x62, 0x6f, 0x6f, 0x6b, 0x08, 0x6f, 0x63, 0x74, 0x6f, 0x66, 0x61, 0x63, 0x65, 0x0f, 0x6f, 0x70,
    0x65, 0x6e, 0x2d, 0x69, 0x6e, 0x2d, 0x70, 0x72, 0x6f, 0x64, 0x75, 0x63, 0x74, 0x0e, 0x6f, 0x70,
    0x65, 0x6e, 0x2d, 0x69, 0x6e, 0x2d, 0x77, 0x69, 0x6e, 0x64, 0x6f, 0x77, 0x0c, 0x6f, 0x70, 0x65,
    0x6e, 0x2d, 0x70, 0x72, 0x65, 0x76, 0x69, 0x65, 0x77, 0x06, 0x6f, 0x70, 0x65, 0x6e, 0x61, 0x69,
    0x0c, 0x6f, 0x72, 0x67, 0x61, 0x6e, 0x69, 0x7a, 0x61, 0x74, 0x69, 0x6f, 0x6e, 0x06, 0x6f, 0x75,
    0x74, 0x70, 0x75, 0x74, 0x07, 0x70, 0x61, 0x63, 0x6b, 0x61, 0x67, 0x65, 0x08, 0x70, 0x61, 0x69,
    0x6e, 0x74, 0x63, 0x61, 0x6e, 0x0b, 0x70, 0x61, 0x73, 0x73, 0x2d, 0x66, 0x69, 0x6c, 0x6c, 0x65,
    0x64, 0x04, 0x70, 0x61, 0x73, 0x73, 0x0a, 0x70, 0x65, 0x72, 0x63, 0x65, 0x6e, 0x74, 0x61, 0x67,
    0x65, 0x0a, 0x70, 0x65, 0x72, 0x73, 0x6f, 0x6e, 0x2d, 0x61, 0x64, 0x64, 0x06, 0x70, 0x65, 0x72,
    0x73, 0x6f, 0x6e, 0x05, 0x70, 0x69, 0x61, 0x6e, 0x6f, 0x09, 0x70, 0x69, 0x65, 0x2d, 0x63, 0x68,
    0x61, 0x72, 0x74, 0x03, 0x70, 0x69, 0x6e, 0x0c, 0x70, 0x69, 0x6e, 0x6e, 0x65, 0x64, 0x2d, 0x64,
    0x69, 0x72, 0x74, 0x79, 0x06, 0x70, 0x69, 0x6e, 0x6e, 0x65, 0x64, 0x0b, 0x70, 0x6c, 0x61, 0x79,
    0x2d, 0x63, 0x69, 0x72, 0x63, 0x6c, 0x65, 0x04, 0x70, 0x6c, 0x61, 0x79, 0x04, 0x70, 0x6c, 0x75,
    0x67, 0x0d, 0x70, 0x72, 0x65, 0x73, 0x65, 0x72, 0x76, 0x65, 0x2d, 0x63, 0x61, 0x73, 0x65, 0x07,
    0x70, 0x72, 0x65, 0x76, 0x69, 0x65, 0x77, 0x10, 0x70, 0x72, 0x69, 0x6d, 0x69, 0x74, 0x69, 0x76,
    0x65, 0x2d, 0x73, 0x71, 0x75, 0x61, 0x72, 0x65, 0x07, 0x70, 0x72, 0x6f, 0x6a, 0x65, 0x63, 0x74,
    0x05, 0x70, 0x75, 0x6c, 0x73, 0x65, 0x06, 0x70, 0x79, 0x74, 0x68, 0x6f, 0x6e, 0x08, 0x71, 0x75,
    0x65, 0x73, 0x74, 0x69, 0x6f, 0x6e, 0x05, 0x71, 0x75, 0x6f, 0x74, 0x65, 0x06, 0x71, 0x75, 0x6f,
    0x74, 0x65, 0x73, 0x0b, 0x72, 0x61, 0x64, 0x69, 0x6f, 0x2d, 0x74, 0x6f, 0x77, 0x65, 0x72, 0x09,
    0x72, 0x65, 0x61, 0x63, 0x74, 0x69, 0x6f, 0x6e, 0x73, 0x0b, 0x72, 0x65, 0x63, 0x6f, 0x72, 0x64,
    0x2d, 0x6b, 0x65, 0x79, 0x73, 0x0c, 0x72, 0x65, 0x63, 0x6f, 0x72, 0x64, 0x2d, 0x73, 0x6d, 0x61,
    0x6c, 0x6c, 0x06, 0x72, 0x65, 0x63, 0x6f, 0x72, 0x64, 0x04, 0x72, 0x65, 0x64, 0x6f, 0x0a, 0x72,
    0x65, 0x66, 0x65, 0x72, 0x65, 0x6e, 0x63, 0x65, 0x73, 0x07, 0x72, 0x65, 0x66, 0x72, 0x65, 0x73,
    0x68, 0x05, 0x72, 0x65, 0x67, 0x65, 0x78, 0x0f, 0x72, 0x65, 0x6d, 0x6f, 0x74, 0x65, 0x2d, 0x65,
    0x78, 0x70, 0x6c, 0x6f, 0x72, 0x65, 0x72, 0x06, 0x72, 0x65, 0x6d, 0x6f, 0x74, 0x65, 0x0c, 0x72,
    0x65, 0x6d, 0x6f, 0x76, 0x65, 0x2d, 0x73, 0x6d, 0x61, 0x6c, 0x6c, 0x06, 0x72, 0x65, 0x6d, 0x6f,
    0x76, 0x65, 0x06, 0x72, 0x65, 0x6e, 0x61, 0x6d, 0x65, 0x0b, 0x72, 0x65, 0x70, 0x6c, 0x61, 0x63,
    0x65, 0x2d, 0x61, 0x6c, 0x6c, 0x07, 0x72, 0x65, 0x70, 0x6c, 0x61, 0x63, 0x65, 0x05, 0x72, 0x65,
    0x70, 0x6c, 0x79, 0x0a, 0x72, 0x65, 0x70, 0x6f, 0x2d, 0x63, 0x6c, 0x6f, 0x6e, 0x65, 0x0a, 0x72,
    0x65, 0x70, 0x6f, 0x2d, 0x66, 0x65, 0x74, 0x63, 0x68, 0x0f, 0x72, 0x65, 0x70, 0x6f, 0x2d, 0x66,
    0x6f, 0x72, 0x63, 0x65, 0x2d, 0x70, 0x75, 0x73, 0x68, 0x0b, 0x72, 0x65, 0x70, 0x6f, 0x2d, 0x66,
    0x6f, 0x72, 0x6b, 0x65, 0x64, 0x0b, 0x72, 0x65, 0x70, 0x6f, 0x2d, 0x70, 0x69, 0x6e, 0x6e, 0x65,
    0x64, 0x09, 0x72, 0x65, 0x70, 0x6f, 0x2d, 0x70, 0x75, 0x6c, 0x6c, 0x09, 0x72, 0x65, 0x70, 0x6f,
    0x2d, 0x70, 0x75, 0x73, 0x68, 0x0d, 0x72, 0x65, 0x70, 0x6f, 0x2d, 0x73, 0x65, 0x6c, 0x65, 0x63,
    0x74, 0x65, 0x64, 0x04, 0x72, 0x65, 0x70, 0x6f, 0x06, 0x72, 0x65, 0x70, 0x6f, 0x72, 0x74, 0x05,
    0x72, 0x6f, 0x62, 0x6f, 0x74, 0x06, 0x72, 0x6f, 0x63, 0x6b, 0x65, 0x74, 0x12, 0x72, 0x6f, 0x6f,
    0x74, 0x2d, 0x66, 0x6f, 0x6c, 0x64, 0x65, 0x72, 0x2d, 0x6f, 0x70, 0x65, 0x6e, 0x65, 0x64, 0x0b,
    0x72, 0x6f, 0x6f, 0x74, 0x2d, 0x66, 0x6f, 0x6c, 0x64, 0x65, 0x72, 0x03, 0x72, 0x73, 0x73, 0x04,
    0x72, 0x75, 0x62, 0x79, 0x09, 0x72, 0x75, 0x6e, 0x2d, 0x61, 0x62, 0x6f, 0x76, 0x65, 0x10, 0x72,
    0x75, 0x6e, 0x2d, 0x61, 0x6c, 0x6c, 0x2d, 0x63, 0x6f, 0x76, 0x65, 0x72, 0x61, 0x67, 0x65, 0x07,
    0x72, 0x75, 0x6e, 0x2d, 0x61, 0x6c, 0x6c, 0x09, 0x72, 0x75, 0x6e, 0x2d, 0x62, 0x65, 0x6c, 0x6f,
    0x77, 0x0c, 0x72, 0x75, 0x6e, 0x2d, 0x63, 0x6f, 0x76, 0x65, 0x72, 0x61, 0x67, 0x65, 0x0a, 0x72,
    0x75, 0x6e, 0x2d, 0x65, 0x72, 0x72, 0x6f, 0x72, 0x73, 0x0d, 0x72, 0x75, 0x6e, 0x2d, 0x77, 0x69,
    0x74, 0x68, 0x2d, 0x64, 0x65, 0x70, 0x73, 0x08, 0x73, 0x61, 0x76, 0x65, 0x2d, 0x61, 0x6c, 0x6c,
    0x07, 0x73, 0x61, 0x76, 0x65, 0x2d, 0x61, 0x73, 0x04, 0x73, 0x61, 0x76, 0x65, 0x0a, 0x73, 0x63,
    0x72, 0x65, 0x65, 0x6e, 0x2d, 0x63, 0x75, 0x74, 0x0b, 0x73, 0x63, 0x72, 0x65, 0x65, 0x6e, 0x2d,
    0x66, 0x75, 0x6c, 0x6c, 0x0d, 0x73, 0x63, 0x72, 0x65, 0x65, 0x6e, 0x2d, 0x6e, 0x6f, 0x72, 0x6d,
    0x61, 0x6c, 0x0c, 0x73, 0x65, 0x61, 0x72, 0x63, 0x68, 0x2d, 0x66, 0x75, 0x7a, 0x7a, 0x79, 0x0c,
    0x73, 0x65, 0x61, 0x72, 0x63, 0x68, 0x2d, 0x6c, 0x61, 0x72, 0x67, 0x65, 0x0e, 0x73, 0x65, 0x61,
    0x72, 0x63, 0x68, 0x2d, 0x73, 0x70, 0x61, 0x72, 0x6b, 0x6c, 0x65, 0x0b, 0x73, 0x65, 0x61, 0x72,
    0x63, 0x68, 0x2d, 0x73, 0x74, 0x6f, 0x70, 0x06, 0x73, 0x65, 0x61, 0x72, 0x63, 0x68, 0x14, 0x73,
    0x65, 0x6e, 0x64, 0x2d, 0x74, 0x6f, 0x2d, 0x72, 0x65, 0x6d, 0x6f, 0x74, 0x65, 0x2d, 0x61, 0x67,
    0x65, 0x6e, 0x74, 0x04, 0x73, 0x65, 0x6e, 0x64, 0x12, 0x73, 0x65, 0x72, 0x76, 0x65, 0x72, 0x2d,
    0x65, 0x6e, 0x76, 0x69, 0x72, 0x6f, 0x6e, 0x6d, 0x65, 0x6e, 0x74, 0x0e, 0x73, 0x65, 0x72, 0x76,
    0x65, 0x72, 0x2d, 0x70, 0x72, 0x6f, 0x63, 0x65, 0x73, 0x73, 0x06, 0x73, 0x65, 0x72, 0x76, 0x65,
    0x72, 0x13, 0x73, 0x65, 0x73, 0x73, 0x69, 0x6f, 0x6e, 0x2d, 0x69, 0x6e, 0x2d, 0x70, 0x72, 0x6f,
    0x67, 0x72, 0x65, 0x73, 0x73, 0x0d, 0x73, 0x65, 0x74, 0x74, 0x69, 0x6e, 0x67, 0x73, 0x2d, 0x67,
    0x65, 0x61, 0x72, 0x08, 0x73, 0x65, 0x74, 0x74, 0x69, 0x6e, 0x67, 0x73, 0x05, 0x73, 0x68, 0x61,
    0x72, 0x65, 0x06, 0x73, 0x68, 0x69, 0x65, 0x6c, 0x64, 0x07, 0x73, 0x69, 0x67, 0x6e, 0x2d, 0x69,
    0x6e, 0x08, 0x73, 0x69, 0x67, 0x6e, 0x2d, 0x6f, 0x75, 0x74, 0x04, 0x73, 0x6b, 0x69, 0x70, 0x06,
    0x73, 0x6d, 0x69, 0x6c, 0x65, 0x79, 0x05, 0x73, 0x6e, 0x61, 0x6b, 0x65, 0x0f, 0x73, 0x6f, 0x72,
    0x74, 0x2d, 0x70, 0x72, 0x65, 0x63, 0x65, 0x64, 0x65, 0x6e, 0x63, 0x65, 0x0e, 0x73, 0x70, 0x61,
    0x72, 0x6b, 0x6c, 0x65, 0x2d, 0x66, 0x69, 0x6c, 0x6c, 0x65, 0x64, 0x07, 0x73, 0x70, 0x61, 0x72,
    0x6b, 0x6c, 0x65, 0x10, 0x73, 0x70, 0x6c, 0x69, 0x74, 0x2d, 0x68, 0x6f, 0x72, 0x69, 0x7a, 0x6f,
    0x6e, 0x74, 0x61, 0x6c, 0x0e, 0x73, 0x70, 0x6c, 0x69, 0x74, 0x2d, 0x76, 0x65, 0x72, 0x74, 0x69,
    0x63, 0x61, 0x6c, 0x08, 0x73, 0x71, 0x75, 0x69, 0x72, 0x72, 0x65, 0x6c, 0x0a, 0x73, 0x74, 0x61,
    0x72, 0x2d, 0x65, 0x6d, 0x70, 0x74, 0x79, 0x09, 0x73, 0x74, 0x61, 0x72, 0x2d, 0x66, 0x75, 0x6c,
    0x6c, 0x09, 0x73, 0x74, 0x61, 0x72, 0x2d, 0x68, 0x61, 0x6c, 0x66, 0x0b, 0x73, 0x74, 0x6f, 0x70,
    0x2d, 0x63, 0x69, 0x72, 0x63, 0x6c, 0x65, 0x0d, 0x73, 0x74, 0x72, 0x69, 0x6b, 0x65, 0x74, 0x68,
    0x72, 0x6f, 0x75, 0x67, 0x68, 0x0d, 0x73, 0x75, 0x72, 0x72, 0x6f, 0x75, 0x6e, 0x64, 0x2d, 0x77,
    0x69, 0x74, 0x68, 0x0c, 0x73, 0x79, 0x6d, 0x62, 0x6f, 0x6c, 0x2d, 0x61, 0x72, 0x72, 0x61, 0x79,
    0x0e, 0x73, 0x79, 0x6d, 0x62, 0x6f, 0x6c, 0x2d, 0x62, 0x6f, 0x6f, 0x6c, 0x65, 0x61, 0x6e, 0x0c,
    0x73, 0x79, 0x6d, 0x62, 0x6f, 0x6c, 0x2d, 0x63, 0x6c, 0x61, 0x73, 0x73, 0x0c, 0x73, 0x79, 0x6d,
    0x62, 0x6f, 0x6c, 0x2d, 0x63, 0x6f, 0x6c, 0x6f, 0x72, 0x0f, 0x73, 0x79, 0x6d, 0x62, 0x6f, 0x6c,
    0x2d, 0x63, 0x6f, 0x6e, 0x73, 0x74, 0x61, 0x6e, 0x74, 0x12, 0x73, 0x79, 0x6d, 0x62, 0x6f, 0x6c,
    0x2d, 0x65, 0x6e, 0x75, 0x6d, 0x2d, 0x6d, 0x65, 0x6d, 0x62, 0x65, 0x72, 0x0b, 0x73, 0x79, 0x6d,
    0x62, 0x6f, 0x6c, 0x2d, 0x65, 0x6e, 0x75, 0x6d, 0x0c, 0x73, 0x79, 0x6d, 0x62, 0x6f, 0x6c, 0x2d,
    0x65, 0x76, 0x65, 0x6e, 0x74, 0x0c, 0x73, 0x79, 0x6d, 0x62, 0x6f, 0x6c, 0x2d, 0x66, 0x69, 0x65,
    0x6c, 0x64, 0x10, 0x73, 0x79, 0x6d, 0x62, 0x6f, 0x6c, 0x2d, 0x69, 0x6e, 0x74, 0x65, 0x72, 0x66,
    0x61, 0x63, 0x65, 0x0a, 0x73, 0x79, 0x6d, 0x62, 0x6f, 0x6c, 0x2d, 0x6b, 0x65, 0x79, 0x0e, 0x73,
    0x79, 0x6d, 0x62, 0x6f, 0x6c, 0x2d, 0x6b, 0x65, 0x79, 0x77, 0x6f, 0x72, 0x64, 0x13, 0x73, 0x79,
    0x6d, 0x62, 0x6f, 0x6c, 0x2d, 0x6d, 0x65, 0x74, 0x68, 0x6f, 0x64, 0x2d, 0x61, 0x72, 0x72, 0x6f,
    0x77, 0x0d, 0x73, 0x79, 0x6d, 0x62, 0x6f, 0x6c, 0x2d, 0x6d, 0x65, 0x74, 0x68, 0x6f, 0x64, 0x0b,
    0x73, 0x79, 0x6d, 0x62, 0x6f, 0x6c, 0x2d, 0x6d, 0x69, 0x73, 0x63, 0x0e, 0x73, 0x79, 0x6d, 0x62,
    0x6f, 0x6c, 0x2d, 0x6e, 0x75, 0x6d, 0x65, 0x72, 0x69, 0x63, 0x0f, 0x73, 0x79, 0x6d, 0x62, 0x6f,
    0x6c, 0x2d, 0x6f, 0x70, 0x65, 0x72, 0x61, 0x74, 0x6f, 0x72, 0x10, 0x73, 0x79, 0x6d, 0x62, 0x6f,
    0x6c, 0x2d, 0x70, 0x61, 0x72, 0x61, 0x6d, 0x65, 0x74, 0x65, 0x72, 0x0f, 0x73, 0x79, 0x6d, 0x62,
    0x6f, 0x6c, 0x2d, 0x70, 0x72, 0x6f, 0x70, 0x65, 0x72, 0x74, 0x79, 0x0c, 0x73, 0x79, 0x6d, 0x62,
    0x6f, 0x6c, 0x2d, 0x72, 0x75, 0x6c, 0x65, 0x72, 0x0e, 0x73, 0x79, 0x6d, 0x62, 0x6f, 0x6c, 0x2d,
    0x73, 0x6e, 0x69, 0x70, 0x70, 0x65, 0x74, 0x10, 0x73, 0x79, 0x6d, 0x62, 0x6f, 0x6c, 0x2d, 0x73,
    0x74, 0x72, 0x75, 0x63, 0x74, 0x75, 0x72, 0x65, 0x0f, 0x73, 0x79, 0x6d, 0x62, 0x6f, 0x6c, 0x2d,
    0x76, 0x61, 0x72, 0x69, 0x61, 0x62, 0x6c, 0x65, 0x0c, 0x73, 0x79, 0x6e, 0x63, 0x2d, 0x69, 0x67,
    0x6e, 0x6f, 0x72, 0x65, 0x64, 0x04, 0x73, 0x79, 0x6e, 0x63, 0x05, 0x74, 0x61, 0x62, 0x6c, 0x65,
    0x03, 0x74, 0x61, 0x67, 0x06, 0x74, 0x61, 0x72, 0x67, 0x65, 0x74, 0x08, 0x74, 0x61, 0x73, 0x6b,
    0x6c, 0x69, 0x73, 0x74, 0x09, 0x74, 0x65, 0x6c, 0x65, 0x73, 0x63, 0x6f, 0x70, 0x65, 0x0d, 0x74,
    0x65, 0x72, 0x6d, 0x69, 0x6e, 0x61, 0x6c, 0x2d, 0x62, 0x61, 0x73, 0x68, 0x0c, 0x74, 0x65, 0x72,
    0x6d, 0x69, 0x6e, 0x61, 0x6c, 0x2d, 0x63, 0x6d, 0x64, 0x0f, 0x74, 0x65, 0x72, 0x6d, 0x69, 0x6e,
    0x61, 0x6c, 0x2d, 0x64, 0x65, 0x62, 0x69, 0x61, 0x6e, 0x11, 0x74, 0x65, 0x72, 0x6d, 0x69, 0x6e,
    0x61, 0x6c, 0x2d, 0x67, 0x69, 0x74, 0x2d, 0x62, 0x61, 0x73, 0x68, 0x0e, 0x74, 0x65, 0x72, 0x6d,
    0x69, 0x6e, 0x61, 0x6c, 0x2d, 0x6c, 0x69, 0x6e, 0x75, 0x78, 0x13, 0x74, 0x65, 0x72, 0x6d, 0x69,
    0x6e, 0x61, 0x6c, 0x2d, 0x70, 0x6f, 0x77, 0x65, 0x72, 0x73, 0x68, 0x65, 0x6c, 0x6c, 0x0d, 0x74,
    0x65, 0x72, 0x6d, 0x69, 0x6e, 0x61, 0x6c, 0x2d, 0x74, 0x6d, 0x75, 0x78, 0x0f, 0x74, 0x65, 0x72,
    0x6d, 0x69, 0x6e, 0x61, 0x6c, 0x2d, 0x75, 0x62, 0x75, 0x6e, 0x74, 0x75, 0x08, 0x74, 0x65, 0x72,
    0x6d, 0x69, 0x6e, 0x61, 0x6c, 0x09, 0x74, 0x65, 0x78, 0x74, 0x2d, 0x73, 0x69, 0x7a, 0x65, 0x08,
    0x74, 0x68, 0x69, 0x6e, 0x6b, 0x69, 0x6e, 0x67, 0x0a, 0x74, 0x68, 0x72, 0x65, 0x65, 0x2d, 0x62,
    0x61, 0x72, 0x73, 0x11, 0x74, 0x68, 0x75, 0x6d, 0x62, 0x73, 0x64, 0x6f, 0x77, 0x6e, 0x2d, 0x66,
    0x69, 0x6c, 0x6c, 0x65, 0x64, 0x0a, 0x74, 0x68, 0x75, 0x6d, 0x62, 0x73, 0x64, 0x6f, 0x77, 0x6e,
    0x0f, 0x74, 0x68, 0x75, 0x6d, 0x62, 0x73, 0x75, 0x70, 0x2d, 0x66, 0x69, 0x6c, 0x6c, 0x65, 0x64,
    0x08, 0x74, 0x68, 0x75, 0x6d, 0x62, 0x73, 0x75, 0x70, 0x05, 0x74, 0x6f, 0x6f, 0x6c, 0x73, 0x05,
    0x74, 0x72, 0x61, 0x73, 0x68, 0x0d, 0x74, 0x72, 0x69, 0x61, 0x6e, 0x67, 0x6c, 0x65, 0x2d, 0x64,
    0x6f, 0x77, 0x6e, 0x0d, 0x74, 0x72, 0x69, 0x61, 0x6e, 0x67, 0x6c, 0x65, 0x2d, 0x6c, 0x65, 0x66,
    0x74, 0x0e, 0x74, 0x72, 0x69, 0x61, 0x6e, 0x67, 0x6c, 0x65, 0x2d, 0x72, 0x69, 0x67, 0x68, 0x74,
    0x0b, 0x74, 0x72, 0x69, 0x61, 0x6e, 0x67, 0x6c, 0x65, 0x2d, 0x75, 0x70, 0x07, 0x74, 0x77, 0x69,
    0x74, 0x74, 0x65, 0x72, 0x12, 0x74, 0x79, 0x70, 0x65, 0x2d, 0x68, 0x69, 0x65, 0x72, 0x61, 0x72,
    0x63, 0x68, 0x79, 0x2d, 0x73, 0x75, 0x62, 0x14, 0x74, 0x79, 0x70, 0x65, 0x2d, 0x68, 0x69, 0x65,
    0x72, 0x61, 0x72, 0x63, 0x68, 0x79, 0x2d, 0x73, 0x75, 0x70, 0x65, 0x72, 0x0e, 0x74, 0x79, 0x70,
    0x65, 0x2d, 0x68, 0x69, 0x65, 0x72, 0x61, 0x72, 0x63, 0x68, 0x79, 0x09, 0x75, 0x6e, 0x61, 0x72,
    0x63, 0x68, 0x69, 0x76, 0x65, 0x06, 0x75, 0x6e, 0x66, 0x6f, 0x6c, 0x64, 0x13, 0x75, 0x6e, 0x67,
    0x72, 0x6f, 0x75, 0x70, 0x2d, 0x62, 0x79, 0x2d, 0x72, 0x65, 0x66, 0x2d, 0x74, 0x79, 0x70, 0x65,
    0x06, 0x75, 0x6e, 0x6c, 0x6f, 0x63, 0x6b, 0x06, 0x75, 0x6e, 0x6d, 0x75, 0x74, 0x65, 0x0a, 0x75,
    0x6e, 0x76, 0x65, 0x72, 0x69, 0x66, 0x69, 0x65, 0x64, 0x0e, 0x76, 0x61, 0x72, 0x69, 0x61, 0x62,
    0x6c, 0x65, 0x2d, 0x67, 0x72, 0x6f, 0x75, 0x70, 0x0f, 0x76, 0x65, 0x72, 0x69, 0x66, 0x69, 0x65,
    0x64, 0x2d, 0x66, 0x69, 0x6c, 0x6c, 0x65, 0x64, 0x08, 0x76, 0x65, 0x72, 0x69, 0x66, 0x69, 0x65,
    0x64, 0x09, 0x76, 0x6d, 0x2d, 0x61, 0x63, 0x74, 0x69, 0x76, 0x65, 0x0a, 0x76, 0x6d, 0x2d, 0x63,
    0x6f, 0x6e, 0x6e, 0x65, 0x63, 0x74, 0x0a, 0x76, 0x6d, 0x2d, 0x6f, 0x75, 0x74, 0x6c, 0x69, 0x6e,
    0x65, 0x0a, 0x76, 0x6d, 0x2d, 0x70, 0x65, 0x6e, 0x64, 0x69, 0x6e, 0x67, 0x0a, 0x76, 0x6d, 0x2d,
    0x72, 0x75, 0x6e, 0x6e, 0x69, 0x6e, 0x67, 0x08, 0x76, 0x6d, 0x2d, 0x73, 0x6d, 0x61, 0x6c, 0x6c,
    0x02, 0x76, 0x6d, 0x02, 0x76, 0x72, 0x0f, 0x76, 0x73, 0x63, 0x6f, 0x64, 0x65, 0x2d, 0x69, 0x6e,
    0x73, 0x69, 0x64, 0x65, 0x72, 0x73, 0x06, 0x76, 0x73, 0x63, 0x6f, 0x64, 0x65, 0x04, 0x77, 0x61,
    0x6e, 0x64, 0x07, 0x77, 0x61, 0x72, 0x6e, 0x69, 0x6e, 0x67, 0x05, 0x77, 0x61, 0x74, 0x63, 0x68,
    0x0a, 0x77, 0x68, 0x69, 0x74, 0x65, 0x73, 0x70, 0x61, 0x63, 0x65, 0x0a, 0x77, 0x68, 0x6f, 0x6c,
    0x65, 0x2d, 0x77, 0x6f, 0x72, 0x64, 0x0d, 0x77, 0x69, 0x6e, 0x64, 0x6f, 0x77, 0x2d, 0x61, 0x63,
    0x74, 0x69, 0x76, 0x65, 0x09, 0x77, 0x6f, 0x72, 0x64, 0x2d, 0x77, 0x72, 0x61, 0x70, 0x11, 0x77,
    0x6f, 0x72, 0x6b, 0x73, 0x70, 0x61, 0x63, 0x65, 0x2d, 0x74, 0x72, 0x75, 0x73, 0x74, 0x65, 0x64,
    0x11, 0x77, 0x6f, 0x72, 0x6b, 0x73, 0x70, 0x61, 0x63, 0x65, 0x2d, 0x75, 0x6e, 0x6b, 0x6e, 0x6f,
    0x77, 0x6e, 0x13, 0x77, 0x6f, 0x72, 0x6b, 0x73, 0x70, 0x61, 0x63, 0x65, 0x2d, 0x75, 0x6e, 0x74,
    0x72, 0x75, 0x73, 0x74, 0x65, 0x64, 0x0e, 0x77, 0x6f, 0x72, 0x6b, 0x74, 0x72, 0x65, 0x65, 0x2d,
    0x73, 0x6d, 0x61, 0x6c, 0x6c, 0x08, 0x77, 0x6f, 0x72, 0x6b, 0x74, 0x72, 0x65, 0x65, 0x07, 0x7a,
    0x6f, 0x6f, 0x6d, 0x2d, 0x69, 0x6e, 0x08, 0x7a, 0x6f, 0x6f, 0x6d, 0x2d, 0x6f, 0x75, 0x74, 0x00,
    0x00, 0x00, 0x00, 0x00
};

const void* codicon_ttf_data() noexcept { return s_codicon_ttf; }
int         codicon_ttf_size() noexcept { return (int)sizeof(s_codicon_ttf); }
